{
"iteraciones": [44,66,88,132,154,176,198,220,242,264,286,330,352,374,396,418,440,462,484,506,528,550,572,594,616,638,660,682,704,726,748,770,792,814,836,858,880,902,924,946,968,990,1012,1034,1056,1078,1100,1122,1144,1166,1188,1210,1232,1254,1276,1298,1342,1386,1408,1430,1452,1474,1496,1518,1562,1584,1606,1628,1650,1672,1694,1716,1738,1760,1804,1826,1870,1892,1914,1936,1958,1980,2002,2024,2046,2068,2090,2112,2134,2156,2178,2200,2222,2244,2266,2288,2310,2332,2354,2376,2398,2420,2464,2486,2508,2530,2552,2574,2596,2618,2640,2662,2684,2706,2750,2794,2816,2838,2882,2904,2926,2948,2970,2992,3014,3036,3080,3102,3124,3146,3168,3234,3256,3300,3344,3366,3388,3410,3432,3454,3476,3498,3520,3542,3564,3608,3630,3652,3696,3740,3784,3806,3828,3850,3872,3894,3916,3938,3960,3982,4004,4026,4048,4070,4092,4136,4158,4180,4224,4246,4268,4290,4356,4378,4444,4554,4598,4642,4708,4730,4752,4774,4796,4818,4840,4884,4906,4972,4994,5060,5390,5412,5522,5544,5588,6358,6380,6402,6446,6578,6732,7590,7766,9944,11704,12166,15246],
"fitness": [15052.400391,14843.885742,14550.777344,14513.479492,14412.881836,14303.794922,14185.346680,14065.872070,13975.208984,13903.712891,13801.189453,13752.192383,13714.396484,13678.375000,13587.197266,13556.197266,13529.988281,13459.201172,13458.333984,13351.609375,13315.039062,13256.247070,13217.438477,13203.520508,13173.541016,13130.251953,13096.989258,13084.649414,13054.775391,13025.614258,12967.200195,12949.871094,12930.828125,12898.862305,12881.786133,12832.308594,12806.167969,12759.409180,12725.965820,12721.119141,12649.987305,12626.088867,12601.903320,12540.166992,12538.176758,12529.790039,12520.313477,12481.191406,12451.625000,12433.539062,12403.198242,12401.592773,12370.649414,12349.070312,12312.346680,12250.178711,12227.910156,12158.095703,12123.694336,12112.278320,12072.035156,12046.954102,12033.537109,11963.789062,11943.408203,11897.749023,11880.331055,11821.591797,11815.087891,11768.238281,11766.663086,11720.620117,11685.403320,11642.672852,11602.812500,11526.630859,11510.932617,11441.397461,11432.750977,11411.366211,11371.010742,11348.773438,11339.445312,11304.176758,11249.631836,11239.741211,11220.336914,11190.983398,11148.587891,11139.874023,11110.844727,11100.540039,11082.146484,11062.162109,11025.740234,10991.945312,10940.508789,10900.716797,10885.000000,10824.268555,10820.498047,10796.356445,10758.507812,10738.495117,10722.294922,10709.154297,10691.483398,10669.238281,10663.323242,10638.981445,10615.211914,10558.974609,10508.482422,10463.483398,10420.709961,10391.453125,10375.886719,10349.632812,10338.341797,10318.870117,10299.334961,10280.942383,10269.896484,10255.323242,10244.395508,10230.928711,10176.564453,10165.538086,10143.133789,10075.340820,10018.114258,10005.987305,9965.269531,9931.985352,9929.114258,9898.113281,9866.798828,9865.268555,9836.410156,9787.011719,9771.875977,9755.179688,9711.792969,9706.592773,9637.474609,9624.856445,9586.661133,9570.886719,9537.770508,9486.225586,9456.721680,9449.416016,9392.382812,9365.557617,9360.111328,9335.300781,9331.699219,9318.844727,9292.598633,9287.667969,9250.336914,9227.381836,9225.744141,9212.839844,9178.935547,9176.374023,9163.233398,9148.198242,9103.093750,9090.416992,9077.096680,9050.039062,9039.797852,9037.212891,9011.521484,9005.020508,8999.861328,8976.705078,8969.046875,8953.375000,8928.488281,8905.747070,8899.569336,8875.606445,8867.572266,8865.148438,8854.059570,8841.898438,8809.178711,8800.219727,8797.041016,8774.897461,8769.565430,8737.693359,8719.589844,8715.414062,8708.311523,8696.072266,8686.903320,8684.268555,8679.973633,8659.828125,8638.278320,8626.728516,8625.790039,8621.885742,8621.885742]
}