{
"iteraciones": [22,44,66,88,110,132,198,220,242,264,286,330,352,374,396,418,440,462,484,506,550,572,594,616,638,660,704,726,748,770,792,836,902,924,946,968,990,1012,1056,1078,1122,1144,1166,1188,1210,1232,1276,1298,1320,1342,1364,1386,1408,1430,1452,1496,1518,1540,1562,1584,1606,1628,1650,1672,1694,1716,1738,1782,1826,1848,1870,1892,1914,1936,1958,1980,2002,2024,2046,2068,2090,2112,2134,2156,2178,2200,2222,2266,2288,2310,2332,2354,2398,2420,2442,2486,2508,2530,2596,2618,2640,2662,2684,2706,2728,2750,2772,2794,2816,2838,2860,2882,2904,2926,2948,2970,3014,3036,3080,3102,3124,3146,3168,3190,3212,3234,3256,3278,3300,3322,3344,3366,3388,3410,3432,3454,3476,3498,3520,3542,3586,3608,3652,3718,3762,3806,3828,3850,3872,3894,3938,3960,4004,4070,4092,4114,4136,4158,4180,4224,4268,4312,4334,4378,4488,4510,4532,4554,4576,4598,4620,4642,4664,4686,4774,4840,4862,4884,4928,4972,5016,5038,5082,5192,5236,5258,5566,5610,5698,5852,6182,6204,6270,6292,6952,7106,7150,7172,7194,7238,7524,7546,7722,7744,8558,8756,8778,10208,13288],
"fitness": [15282.769531,15137.135742,14995.055664,14795.329102,14785.245117,14456.377930,14379.029297,14227.872070,14131.775391,14127.943359,13953.257812,13930.455078,13814.329102,13771.106445,13712.369141,13692.799805,13585.733398,13564.715820,13535.271484,13484.358398,13469.304688,13444.415039,13378.810547,13335.146484,13299.051758,13252.147461,13222.271484,13210.097656,13167.554688,13150.150391,13117.321289,13045.943359,13030.410156,12998.681641,12976.453125,12917.327148,12872.672852,12843.567383,12821.350586,12760.809570,12737.765625,12672.311523,12629.792969,12617.167969,12534.615234,12456.416016,12428.182617,12405.768555,12379.051758,12366.463867,12333.516602,12327.599609,12278.209961,12226.436523,12119.130859,12116.450195,12069.312500,12018.695312,11978.241211,11943.961914,11930.412109,11914.067383,11875.831055,11833.218750,11832.381836,11805.907227,11756.303711,11709.626953,11707.939453,11642.044922,11636.951172,11596.105469,11557.775391,11540.578125,11510.837891,11475.696289,11448.406250,11447.418945,11423.811523,11411.789062,11366.878906,11364.321289,11338.375977,11328.662109,11304.917969,11270.656250,11228.838867,11203.184570,11197.170898,11166.803711,11149.795898,11095.108398,11090.879883,11034.163086,10993.069336,10953.587891,10918.138672,10865.016602,10839.350586,10801.185547,10788.416992,10757.148438,10744.792969,10724.792969,10715.901367,10706.532227,10676.591797,10659.416016,10632.643555,10631.330078,10599.300781,10580.288086,10564.416992,10550.041992,10539.684570,10513.686523,10478.311523,10458.080078,10450.477539,10388.246094,10373.525391,10364.362305,10343.741211,10322.846680,10311.699219,10294.247070,10283.950195,10252.000000,10207.212891,10169.281250,10147.682617,10141.830078,10105.250977,10079.509766,10011.589844,10007.949219,9976.222656,9933.826172,9907.233398,9895.649414,9868.939453,9828.825195,9814.759766,9791.488281,9748.314453,9731.567383,9686.090820,9652.881836,9641.665039,9623.293945,9581.516602,9578.303711,9552.087891,9512.784180,9468.387695,9429.332031,9402.430664,9401.103516,9370.524414,9323.812500,9242.467773,9240.973633,9197.428711,9181.973633,9166.961914,9159.862305,9155.904297,9135.458984,9121.647461,9103.156250,9099.706055,9078.000000,9066.000000,9040.010742,9026.850586,9000.867188,8995.846680,8987.934570,8983.648438,8982.757812,8973.224609,8970.388672,8924.071289,8921.050781,8918.880859,8876.421875,8838.389648,8826.974609,8814.373047,8796.067383,8791.445312,8780.553711,8779.190430,8776.459961,8764.571289,8752.374023,8745.989258,8721.497070,8714.138672,8684.534180,8659.491211,8658.000000,8657.024414,8653.867188,8648.087891,8647.004883,8629.830078,8621.885742,8621.885742]
}