{
"iteraciones": [22,66,88,110,132,154,176,198,220,242,264,286,308,330,352,374,396,418,440,462,484,506,528,572,594,616,638,660,682,704,726,748,770,792,814,836,858,880,902,924,946,968,990,1012,1034,1056,1122,1144,1166,1188,1210,1232,1254,1276,1298,1320,1364,1386,1408,1430,1474,1518,1540,1562,1584,1606,1628,1650,1672,1694,1738,1760,1782,1804,1826,1848,1870,1892,1914,1936,1958,1980,2002,2024,2046,2068,2090,2112,2178,2200,2244,2266,2288,2310,2332,2354,2376,2398,2420,2442,2464,2486,2508,2530,2552,2574,2596,2618,2640,2662,2684,2706,2728,2772,2794,2816,2838,2860,2882,2904,2926,2948,2970,2992,3014,3036,3058,3080,3102,3124,3146,3234,3256,3278,3300,3322,3344,3366,3388,3410,3454,3476,3498,3520,3542,3564,3586,3652,3674,3696,3718,3762,3850,3894,3916,3938,3960,3982,4004,4048,4070,4114,4180,4202,4246,4268,4290,4334,4378,4400,4422,4444,4466,4576,4598,4620,4642,4664,4686,4708,4730,4752,4774,4796,4840,4906,4928,4950,4972,4994,5038,5104,5148,5192,5214,5236,5258,5302,5324,5368,5456,5500,5698,5742,5764,5896,5918,5984,6006,6050,6072,6094,6116,6336,6358,6446,6556,6578,6600,6622,6644,6688,6776,6798,6908,7018,7062,7260,7304,7326,7370,7458,7480,7678,7964,8008,8184,11264],
"fitness": [15074.092773,14815.250000,14769.036133,14711.653320,14592.479492,14531.277344,14349.997070,14326.092773,14290.782227,14260.952148,14206.348633,14146.094727,14108.627930,14065.285156,13998.637695,13924.628906,13867.432617,13791.039062,13780.089844,13718.159180,13686.411133,13654.583008,13584.348633,13550.277344,13541.989258,13490.517578,13482.164062,13424.113281,13412.986328,13401.943359,13359.800781,13307.816406,13241.031250,13198.495117,13197.342773,13127.432617,13114.303711,13089.008789,13060.266602,13037.030273,13011.864258,12978.423828,12944.234375,12928.995117,12892.234375,12825.939453,12802.705078,12759.134766,12746.084961,12707.064453,12693.974609,12643.522461,12641.871094,12601.025391,12575.660156,12535.449219,12501.740234,12499.451172,12466.007812,12442.238281,12413.560547,12353.762695,12345.107422,12311.221680,12294.955078,12261.137695,12237.875977,12223.849609,12189.083984,12149.235352,12125.861328,12112.757812,12102.614258,12054.064453,12044.656250,12017.378906,12005.812500,11997.736328,11959.290039,11935.887695,11908.185547,11894.779297,11863.682617,11807.612305,11774.984375,11771.908203,11764.179688,11676.609375,11660.788086,11590.223633,11547.240234,11528.883789,11522.570312,11505.766602,11492.485352,11477.826172,11462.073242,11456.176758,11445.993164,11443.392578,11422.635742,11420.852539,11399.261719,11381.567383,11362.258789,11351.815430,11311.815430,11300.315430,11295.739258,11285.000977,11275.603516,11257.686523,11208.594727,11203.404297,11161.170898,11128.054688,11124.922852,11117.881836,11092.960938,11080.333008,11062.579102,11056.406250,11046.178711,11023.627930,11019.131836,10993.558594,10981.102539,10974.193359,10947.803711,10944.000000,10911.523438,10899.334961,10887.000000,10874.753906,10857.133789,10838.582031,10825.298828,10809.323242,10771.627930,10749.593750,10734.275391,10730.172852,10716.947266,10688.875000,10664.400391,10655.269531,10583.429688,10582.600586,10564.603516,10545.726562,10539.546875,10532.906250,10523.874023,10520.000000,10487.026367,10480.379883,10471.894531,10463.514648,10460.108398,10445.431641,10416.435547,10357.678711,10341.992188,10308.539062,10300.416016,10298.420898,10270.641602,10258.817383,10255.828125,10247.779297,10236.925781,10232.923828,10220.816406,10195.623047,10187.521484,10162.246094,10143.540039,10139.533203,10118.741211,10104.852539,10074.374023,10039.380859,10019.070312,9966.550781,9932.080078,9920.600586,9910.139648,9906.505859,9878.370117,9875.481445,9846.448242,9814.099609,9782.397461,9770.958008,9756.733398,9748.781250,9742.393555,9734.440430,9715.732422,9704.115234,9697.159180,9682.070312,9673.316406,9667.968750,9628.004883,9624.053711,9574.245117,9570.673828,9567.448242,9558.242188,9553.772461,9544.426758,9542.626953,9539.494141,9538.173828,9505.294922,9504.670898,9479.663086,9475.300781,9469.896484,9465.060547,9442.052734,9437.309570,9408.313477,9384.393555,9382.353516,9380.476562,9374.410156,9371.962891,9358.675781,9349.652344,9332.261719,9331.631836,9323.282227,9317.697266,9316.329102,9315.638672,9315.000000]
}