{
"iteraciones": [22,44,66,88,110,132,176,198,220,242,264,286,308,330,374,418,440,462,484,528,550,572,594,638,660,682,704,726,748,770,792,814,880,902,924,946,968,1012,1034,1056,1078,1100,1122,1144,1166,1210,1232,1254,1276,1298,1320,1342,1364,1386,1408,1430,1452,1474,1518,1540,1562,1584,1606,1650,1672,1694,1716,1738,1760,1804,1826,1848,1870,1892,1914,1936,1958,1980,2002,2024,2046,2068,2090,2112,2134,2156,2178,2222,2244,2266,2288,2310,2332,2354,2376,2398,2420,2442,2464,2530,2552,2618,2640,2662,2684,2706,2728,2750,2772,2794,2816,2838,2860,2882,2904,2926,2948,2970,2992,3036,3058,3080,3168,3190,3212,3234,3278,3300,3322,3344,3366,3410,3432,3476,3498,3520,3542,3564,3586,3630,3718,3740,3762,3784,3806,3850,3894,4092,4136,4158,4180,4202,4444,4466,4510,4554,4664,4708,4752,4774,4818,4840,4884,5126,5324,5346,5368,5390,5412,5478,5500,5632,5830,5852,5896,5918,6446,7172,7216,7282,10362],
"fitness": [15217.290039,14986.860352,14826.392578,14789.083008,14616.806641,14378.486328,14316.465820,14216.491211,14098.839844,14093.854492,13978.044922,13909.489258,13820.093750,13700.423828,13658.337891,13643.936523,13607.237305,13597.233398,13520.332031,13494.189453,13457.912109,13434.441406,13331.156250,13299.664062,13270.321289,13191.777344,13137.555664,13116.184570,13045.836914,13030.032227,12984.116211,12932.520508,12896.799805,12860.064453,12807.844727,12758.617188,12729.950195,12674.537109,12654.363281,12625.805664,12583.140625,12565.949219,12499.656250,12439.994141,12392.310547,12378.730469,12345.457031,12342.657227,12308.470703,12274.629883,12241.126953,12206.798828,12194.545898,12173.020508,12133.709961,12113.152344,12052.543945,12008.659180,11973.686523,11935.886719,11914.715820,11856.526367,11771.296875,11706.926758,11670.097656,11656.084961,11603.097656,11584.419922,11526.555664,11496.771484,11429.333008,11363.790039,11359.695312,11326.227539,11276.194336,11256.167969,11225.376953,11210.206055,11197.392578,11143.875000,11101.232422,11074.978516,11022.230469,10997.187500,10958.095703,10899.018555,10832.685547,10831.212891,10811.893555,10789.583008,10755.974609,10726.262695,10705.104492,10682.536133,10666.563477,10648.196289,10607.094727,10573.560547,10499.243164,10488.064453,10368.963867,10339.738281,10328.762695,10287.140625,10260.535156,10259.001953,10211.986328,10190.560547,10165.671875,10151.445312,10139.175781,10094.618164,10071.301758,10017.080078,9991.300781,9942.689453,9873.441406,9857.812500,9808.160156,9771.710938,9769.789062,9718.768555,9694.945312,9681.365234,9644.716797,9619.589844,9597.936523,9578.210938,9560.992188,9519.434570,9503.871094,9466.719727,9450.368164,9433.115234,9410.571289,9402.281250,9382.339844,9365.503906,9353.154297,9308.154297,9296.163086,9279.247070,9262.000000,9251.513672,9204.568359,9194.177734,9144.583008,9117.222656,9093.391602,9058.113281,9018.546875,8996.118164,8970.356445,8921.419922,8919.512695,8898.072266,8869.679688,8840.360352,8813.822266,8784.060547,8778.857422,8773.732422,8767.442383,8755.386719,8750.502930,8748.852539,8729.382812,8728.000000,8712.348633,8711.000000,8709.141602,8681.624023,8678.598633,8675.240234,8644.961914,8641.835938,8635.979492,8630.741211,8625.290039,8621.885742,8621.885742]
}