{
"iteraciones": [22,44,66,110,132,154,176,198,220,242,264,286,308,330,352,374,396,418,440,484,506,528,550,572,594,616,638,660,682,704,726,748,770,792,814,836,858,880,902,946,968,990,1012,1034,1056,1078,1100,1122,1144,1166,1188,1210,1232,1254,1276,1298,1320,1342,1364,1386,1408,1430,1452,1474,1496,1518,1540,1562,1584,1606,1628,1694,1716,1738,1760,1782,1804,1848,1870,1958,1980,2002,2024,2046,2068,2090,2112,2134,2156,2178,2222,2244,2266,2288,2310,2332,2354,2376,2398,2420,2442,2464,2486,2508,2552,2574,2596,2618,2640,2662,2684,2706,2728,2750,2772,2794,2838,2860,2882,2926,2948,2970,2992,3014,3036,3058,3080,3102,3124,3146,3168,3190,3212,3234,3278,3300,3322,3344,3366,3410,3432,3454,3476,3520,3542,3586,3608,3630,3652,3674,3718,3740,3762,3784,3806,3828,3850,3872,3894,3938,3960,4026,4048,4070,4092,4114,4180,4202,4224,4246,4290,4312,4334,4356,4378,4422,4444,4488,4510,4532,4576,4620,4730,4796,4840,4884,5038,5060,5082,5104,5126,5214,5302,5324,5390,5500,5566,5588,5610,5676,5764,5808,5830,5874,5962,6006,6072,6116,6160,6248,6270,6292,6314,6336,6358,6402,6842,6864,6886,6930,6952,7392,8998,11330,14410],
"fitness": [15317.174805,15057.160156,14755.949219,14561.270508,14301.348633,14277.619141,14183.366211,14045.743164,13916.446289,13741.482422,13673.667969,13599.995117,13534.306641,13488.220703,13424.829102,13395.039062,13388.128906,13324.297852,13287.516602,13250.583008,13228.933594,13202.430664,13173.808594,13157.644531,13136.064453,13123.196289,13085.551758,13055.991211,13049.790039,13005.000000,12973.628906,12956.677734,12890.116211,12888.381836,12861.152344,12813.708984,12805.740234,12769.970703,12741.715820,12712.077148,12703.415039,12669.493164,12627.167969,12592.830078,12576.823242,12549.179688,12523.155273,12492.500977,12457.774414,12427.709961,12405.858398,12387.212891,12378.250977,12350.969727,12328.839844,12304.426758,12264.047852,12235.715820,12215.610352,12163.606445,12149.148438,12125.890625,12085.481445,12082.195312,12056.419922,12030.777344,12012.000000,11980.438477,11959.153320,11944.400391,11857.192383,11829.378906,11777.967773,11704.002930,11641.974609,11627.180664,11587.889648,11584.622070,11527.215820,11515.389648,11466.927734,11463.869141,11441.965820,11430.000000,11396.519531,11391.625000,11382.841797,11380.677734,11379.713867,11353.308594,11303.472656,11300.378906,11261.410156,11234.616211,11231.578125,11216.802734,11180.290039,11163.379883,11154.735352,11142.630859,11132.958008,11102.377930,11075.870117,11066.388672,11055.860352,11037.233398,11014.882812,11001.730469,10961.168945,10932.623047,10867.948242,10855.996094,10849.914062,10836.429688,10806.380859,10783.953125,10770.973633,10769.048828,10738.238281,10720.480469,10684.904297,10655.088867,10627.001953,10601.446289,10598.776367,10557.719727,10546.975586,10536.799805,10531.186523,10525.292969,10519.622070,10489.639648,10450.394531,10436.347656,10416.012695,10400.311523,10383.224609,10366.841797,10339.744141,10296.329102,10284.371094,10248.420898,10199.016602,10172.914062,10157.159180,10145.502930,10125.511719,10105.666992,10102.353516,10056.258789,10050.288086,10010.057617,9994.352539,9973.068359,9971.968750,9968.867188,9943.929688,9928.202148,9896.779297,9877.232422,9825.644531,9790.590820,9772.270508,9757.466797,9731.244141,9654.634766,9636.779297,9616.253906,9598.582031,9544.213867,9536.511719,9511.756836,9470.983398,9457.920898,9446.622070,9441.984375,9392.098633,9384.859375,9363.229492,9312.034180,9295.113281,9220.458008,9177.104492,9173.012695,9145.006836,9104.616211,9072.552734,9069.313477,9045.456055,9021.712891,9006.911133,8977.010742,8971.608398,8946.022461,8920.090820,8891.629883,8882.602539,8860.103516,8826.719727,8801.897461,8786.361328,8785.876953,8777.973633,8759.367188,8754.021484,8748.394531,8747.475586,8742.300781,8723.401367,8716.220703,8711.323242,8710.467773,8685.853516,8681.102539,8677.781250,8669.192383,8668.701172,8661.168945,8658.974609,8657.798828,8656.616211,8625.215820,8624.148438,8621.885742,8621.885742]
}