{
"iteraciones": [22,44,66,88,110,132,154,176,198,220,242,264,286,308,330,352,396,418,440,484,506,528,550,572,594,616,660,682,704,726,748,792,814,836,858,880,902,924,946,990,1012,1034,1056,1078,1100,1122,1166,1188,1210,1232,1254,1276,1298,1320,1342,1364,1386,1408,1430,1452,1474,1496,1518,1540,1562,1584,1606,1628,1650,1672,1694,1738,1760,1782,1804,1826,1848,1870,1892,1914,1936,1958,1980,2002,2024,2046,2068,2090,2112,2134,2156,2178,2222,2244,2266,2288,2310,2354,2398,2420,2442,2464,2486,2508,2552,2596,2618,2640,2662,2684,2706,2728,2750,2772,2794,2816,2838,2882,2904,2926,2948,2970,2992,3036,3058,3080,3124,3168,3190,3212,3234,3256,3278,3300,3344,3366,3388,3410,3476,3498,3542,3564,3586,3608,3630,3674,3696,3718,3740,3762,3784,3806,3828,3894,3916,3938,3960,4004,4026,4048,4070,4092,4114,4158,4180,4202,4224,4356,4400,4444,4488,4510,4532,4554,4576,4664,4818,4862,4884,4906,4928,4950,5038,5060,5104,5126,5148,5170,5214,5500,5610,5632,5654,6204,6666,6754,6886,7304,9526,9548,9592,12672],
"fitness": [15296.693359,15149.958008,14964.394531,14867.728516,14669.180664,14628.626953,14508.437500,14410.070312,14363.178711,14304.214844,14240.216797,14226.345703,14172.434570,14116.459961,14087.166992,14014.541016,13946.545898,13910.991211,13862.304688,13819.880859,13793.805664,13749.152344,13711.052734,13661.375977,13547.297852,13477.817383,13457.483398,13393.698242,13353.095703,13283.398438,13207.055664,13176.363281,13137.382812,13079.004883,13041.077148,12976.643555,12974.466797,12903.580078,12860.961914,12845.120117,12795.277344,12756.615234,12717.824219,12666.412109,12641.955078,12595.638672,12583.729492,12554.076172,12522.068359,12468.354492,12462.247070,12460.677734,12437.207031,12416.806641,12374.102539,12347.718750,12315.030273,12298.949219,12244.954102,12230.789062,12212.118164,12173.260742,12112.944336,12097.342773,12092.158203,12068.992188,12029.911133,11990.592773,11971.791992,11938.525391,11849.946289,11835.282227,11815.719727,11747.145508,11731.336914,11704.641602,11698.557617,11669.190430,11646.052734,11582.294922,11528.501953,11521.226562,11482.215820,11463.000000,11400.276367,11389.549805,11367.773438,11354.000000,11344.012695,11303.019531,11292.341797,11267.894531,11257.670898,11223.142578,11194.068359,11160.952148,11119.821289,11051.354492,11019.000000,10985.697266,10966.524414,10925.840820,10880.184570,10870.944336,10807.872070,10784.345703,10759.985352,10749.654297,10730.354492,10700.296875,10654.337891,10628.808594,10604.955078,10515.966797,10513.095703,10475.759766,10413.320312,10406.399414,10352.328125,10329.006836,10312.549805,10285.764648,10259.873047,10233.919922,10230.874023,10166.246094,10137.500000,10128.931641,10074.027344,10067.389648,10024.882812,10003.708008,9997.333984,9950.166992,9915.106445,9892.489258,9878.478516,9867.343750,9823.996094,9821.100586,9791.994141,9778.060547,9760.137695,9740.813477,9702.000000,9687.203125,9682.970703,9621.258789,9614.242188,9560.102539,9527.416016,9492.786133,9442.094727,9425.749023,9387.055664,9381.687500,9350.049805,9321.496094,9308.065430,9273.186523,9232.580078,9220.617188,9186.574219,9162.241211,9147.967773,9127.993164,9103.607422,9086.532227,9070.710938,9042.751953,9022.569336,9010.867188,8979.233398,8958.815430,8946.033203,8939.074219,8922.626953,8918.657227,8910.188477,8899.112305,8883.000000,8861.280273,8852.901367,8851.852539,8847.749023,8837.227539,8829.628906,8820.194336,8813.032227,8775.381836,8774.820312,8747.486328,8734.354492,8675.729492,8652.833008,8650.859375,8632.305664,8628.998047,8624.148438,8623.272461,8621.885742,8621.885742]
}