{
"iteraciones": [22,44,66,88,110,132,154,176,198,220,242,264,286,308,330,352,374,396,418,440,462,484,506,528,550,572,594,616,638,660,704,726,748,770,792,814,836,858,880,902,924,946,968,990,1012,1034,1056,1100,1122,1144,1166,1188,1210,1232,1254,1276,1298,1320,1364,1386,1430,1452,1474,1518,1540,1562,1584,1606,1628,1650,1672,1694,1716,1738,1760,1782,1804,1826,1870,1892,1914,1936,1980,2002,2024,2046,2090,2112,2134,2178,2200,2244,2288,2310,2332,2354,2442,2464,2486,2508,2530,2552,2574,2596,2618,2640,2662,2684,2706,2728,2750,2772,2794,2816,2838,2860,2882,2904,2948,2970,2992,3014,3058,3102,3124,3168,3234,3322,3344,3366,3388,3410,3432,3476,3520,3542,3564,3674,3696,3718,3762,3806,3828,3872,3894,3916,3982,4004,4026,4048,4092,4114,4136,4158,4180,4202,4224,4268,4290,4312,4356,4378,4400,4444,4510,4554,4576,4598,4620,4642,4664,4686,4708,4730,4796,4818,4840,4862,4884,4906,4928,4950,4972,4994,5038,5060,5082,5192,5214,5258,5302,5324,5346,5390,5412,5434,5456,5478,5522,5544,5566,5654,5676,5720,5742,5786,5852,6006,6028,6072,6094,6116,6160,6182,6204,6248,6270,6314,6358,6380,6402,6424,6446,6512,6534,6556,6578,6622,6644,6666,6710,6732,6754,6776,6798,6820,6864,6886,6908,6930,6952,6974,7040,7062,7084,7106,7128,7194,7238,7260,7282,7348,7370,7392,7414,7436,7458,7502,7568,7590,7612,7678,7700,7722,7744,7766,7788,7810,7832,7854,7898,7964,8008,8030,8096,8140,8206,8228,8250,8272,8316,8338,8360,8404,8448,8492,8514,8580,8602,8624,8646,8734,8910,8932,8954,8998,9130,9152,9306,9394,9416,9438,9460,9482,9504,9570,9592,9636,9658,9680,9702,9724,9768,10032,10054,10076,10208,10230,10252,10318,10384,10406,10450,10604,10758,10780,10802,10846,10956,12144,15224],
"fitness": [15401.376953,15035.066406,15016.950195,14912.759766,14661.733398,14570.383789,14467.578125,14323.711914,14277.436523,14230.158203,14141.184570,14064.683594,13944.390625,13940.214844,13842.227539,13836.708008,13755.759766,13743.518555,13730.147461,13702.272461,13671.651367,13650.000000,13593.568359,13566.103516,13555.279297,13512.030273,13462.215820,13441.952148,13389.101562,13337.200195,13293.876953,13260.713867,13241.968750,13190.521484,13131.403320,13094.844727,13033.996094,13023.153320,13004.685547,12982.381836,12935.579102,12884.227539,12881.561523,12816.188477,12807.076172,12783.753906,12751.863281,12726.274414,12704.178711,12693.552734,12676.427734,12660.518555,12631.325195,12584.212891,12566.208984,12545.708008,12503.497070,12474.889648,12445.340820,12433.832031,12404.396484,12397.478516,12361.463867,12338.715820,12321.023438,12311.314453,12295.875000,12266.186523,12253.083984,12221.000000,12195.727539,12192.560547,12174.428711,12119.878906,12087.771484,12086.747070,12070.000000,12043.345703,12039.030273,12015.000000,12012.014648,11997.572266,11983.986328,11968.622070,11962.819336,11937.323242,11929.926758,11904.354492,11891.864258,11882.531250,11868.153320,11837.611328,11834.020508,11805.962891,11800.202148,11755.376953,11744.773438,11724.708008,11713.397461,11702.408203,11695.030273,11690.999023,11686.605469,11676.438477,11665.071289,11657.930664,11650.387695,11643.450195,11627.151367,11613.000000,11604.178711,11590.502930,11578.302734,11556.797852,11552.839844,11538.341797,11534.460938,11508.324219,11483.003906,11477.831055,11473.712891,11468.913086,11467.536133,11466.350586,11454.258789,11448.853516,11438.315430,11436.570312,11425.843750,11420.857422,11419.059570,11417.549805,11409.403320,11403.606445,11392.061523,11388.130859,11386.611328,11383.518555,11380.101562,11361.951172,11357.535156,11348.206055,11336.990234,11334.314453,11318.316406,11308.424805,11297.000000,11295.303711,11290.920898,11285.524414,11276.619141,11271.713867,11270.822266,11268.406250,11260.119141,11257.157227,11247.408203,11233.441406,11226.453125,11201.274414,11198.916016,11195.000000,11186.127930,11173.542969,11162.972656,11156.093750,11135.370117,11124.412109,11120.123047,11112.786133,11107.173828,11091.297852,11086.438477,11062.646484,11053.499023,11050.287109,11045.805664,11030.831055,11019.921875,11001.347656,11000.873047,10971.551758,10966.574219,10957.672852,10947.945312,10933.145508,10915.709961,10901.816406,10887.204102,10859.466797,10854.640625,10851.280273,10827.863281,10816.665039,10805.224609,10802.789062,10782.287109,10754.220703,10734.000000,10708.419922,10678.510742,10667.207031,10638.285156,10616.652344,10596.013672,10589.273438,10544.808594,10509.266602,10498.398438,10486.000000,10480.109375,10477.348633,10464.729492,10444.800781,10428.333984,10422.605469,10413.187500,10381.685547,10375.274414,10358.896484,10348.096680,10346.556641,10322.669922,10316.664062,10308.297852,10270.698242,10245.820312,10234.393555,10232.253906,10189.179688,10164.057617,10137.833008,10118.739258,10115.851562,10084.421875,10081.393555,10054.623047,10029.271484,10006.364258,9992.822266,9986.917969,9942.958984,9931.204102,9915.168945,9887.863281,9858.888672,9831.043945,9800.096680,9778.325195,9762.597656,9724.544922,9702.606445,9687.786133,9642.639648,9641.129883,9640.734375,9612.946289,9574.001953,9558.335938,9553.804688,9513.590820,9474.546875,9464.954102,9460.474609,9441.015625,9435.498047,9399.131836,9383.706055,9370.918945,9357.242188,9351.029297,9301.184570,9285.651367,9256.429688,9247.596680,9209.205078,9200.159180,9180.299805,9140.228516,9138.979492,9128.034180,9106.968750,9087.182617,9073.888672,9072.624023,9058.417969,9034.046875,9028.831055,8987.916992,8973.169922,8962.616211,8945.794922,8936.766602,8918.977539,8912.553711,8894.135742,8872.833984,8845.475586,8833.839844,8828.544922,8826.057617,8804.000000,8798.059570,8797.712891,8796.942383,8795.349609,8794.806641,8790.225586,8787.040039,8784.222656,8777.053711,8772.165039,8755.197266,8731.397461,8725.855469,8721.395508,8693.332031,8692.197266,8691.027344,8677.375977,8676.079102,8667.828125,8664.062500,8657.851562,8637.954102,8633.539062,8631.793945,8629.603516,8625.215820,8621.885742,8621.885742]
}