{
"iteraciones": [22,44,66,88,132,154,198,220,242,264,286,308,330,352,374,396,418,440,462,484,506,528,550,572,616,638,660,682,704,726,748,792,814,836,858,880,924,946,968,990,1012,1034,1056,1078,1100,1122,1188,1210,1232,1254,1298,1320,1342,1364,1386,1408,1452,1474,1496,1518,1562,1628,1650,1672,1694,1716,1760,1782,1804,1826,1848,1870,1914,1936,1958,1980,2024,2046,2068,2090,2112,2134,2156,2178,2222,2244,2266,2288,2310,2332,2354,2398,2420,2442,2486,2508,2530,2552,2574,2596,2618,2640,2662,2684,2706,2728,2750,2772,2794,2816,2838,2882,2904,2948,2970,2992,3014,3080,3102,3124,3146,3168,3234,3256,3278,3322,3344,3366,3388,3410,3454,3498,3542,3564,3586,3630,3652,3674,3696,3718,3740,3762,3784,3806,3828,3850,3872,3894,3916,3938,3982,4026,4048,4070,4092,4114,4136,4158,4202,4224,4246,4268,4312,4334,4356,4378,4400,4422,4444,4466,4488,4510,4554,4576,4598,4620,4664,4708,4730,4752,4774,4796,4818,4840,4862,4884,4906,4950,4972,4994,5016,5038,5060,5104,5148,5192,5214,5258,5280,5324,5412,5434,5456,5478,5522,5544,5566,5588,5632,5676,5698,5720,5808,5830,5852,5874,5918,5962,6072,6094,6204,6248,6314,6402,6490,6556,6710,6820,6908,6974,6996,7062,7128,7480,7524,7700,8558,10956,10978,11000,14080],
"fitness": [15277.817383,15110.604492,14910.586914,14737.188477,14498.344727,14283.482422,14142.029297,14037.486328,14034.386719,13883.258789,13802.286133,13776.483398,13683.576172,13662.007812,13624.456055,13555.902344,13523.106445,13458.168945,13427.967773,13397.116211,13361.785156,13322.566406,13317.249023,13244.450195,13202.528320,13165.435547,13143.750000,13111.248047,13090.113281,13074.805664,13048.535156,13021.166016,12996.986328,12990.599609,12967.673828,12904.351562,12863.514648,12861.688477,12798.005859,12785.193359,12759.480469,12727.973633,12698.732422,12674.022461,12666.734375,12584.273438,12511.530273,12508.405273,12449.866211,12430.569336,12392.639648,12389.470703,12369.568359,12342.594727,12302.797852,12276.735352,12257.659180,12225.099609,12211.503906,12140.272461,12093.286133,12075.308594,12045.249023,12029.301758,12010.104492,11973.956055,11965.642578,11918.666992,11897.883789,11858.837891,11826.940430,11815.514648,11808.118164,11783.474609,11778.784180,11756.764648,11742.092773,11718.343750,11710.166016,11685.478516,11679.868164,11672.328125,11652.072266,11597.949219,11577.893555,11535.162109,11529.481445,11489.532227,11469.867188,11458.608398,11408.361328,11399.628906,11357.057617,11336.470703,11330.386719,11292.945312,11276.880859,11274.447266,11233.041992,11216.870117,11201.615234,11169.315430,11158.193359,11142.383789,11113.467773,11096.615234,11092.701172,11056.850586,11042.023438,11029.651367,10981.470703,10960.827148,10897.407227,10896.689453,10862.440430,10837.583984,10786.681641,10784.740234,10747.284180,10736.514648,10732.045898,10678.789062,10665.420898,10644.114258,10614.314453,10608.693359,10601.138672,10588.466797,10577.675781,10557.897461,10525.904297,10483.469727,10473.833984,10440.564453,10381.396484,10355.968750,10347.991211,10342.008789,10314.402344,10301.677734,10288.038086,10240.096680,10198.062500,10191.653320,10143.762695,10098.762695,10075.160156,10046.924805,10035.011719,9997.627930,9970.768555,9964.571289,9926.859375,9922.163086,9888.927734,9883.000000,9856.033203,9839.584961,9829.953125,9803.522461,9784.918945,9750.669922,9744.301758,9718.764648,9712.723633,9695.759766,9683.975586,9673.874023,9661.462891,9625.897461,9608.867188,9590.930664,9562.108398,9558.576172,9557.566406,9541.458008,9516.563477,9504.194336,9493.415039,9468.604492,9459.190430,9440.248047,9419.657227,9394.938477,9364.776367,9362.203125,9352.648438,9346.489258,9328.309570,9323.846680,9306.779297,9296.105469,9265.407227,9236.668945,9222.743164,9213.875977,9200.446289,9187.899414,9158.086914,9131.331055,9120.186523,9116.017578,9104.450195,9045.390625,9038.628906,9025.180664,9001.097656,8991.909180,8982.123047,8929.887695,8922.996094,8902.516602,8885.313477,8883.855469,8849.313477,8844.913086,8820.801758,8801.661133,8800.701172,8790.104492,8787.436523,8782.500977,8766.596680,8761.707031,8740.291992,8720.820312,8719.923828,8718.487305,8700.843750,8699.494141,8689.040039,8683.901367,8648.810547,8638.536133,8632.643555,8630.487305,8626.720703,8624.148438,8623.272461,8621.885742,8621.885742]
}