{
"iteraciones": [22,44,66,88,110,132,154,176,198,220,242,264,308,330,352,374,396,418,440,462,484,550,594,616,638,660,682,704,726,748,770,792,814,836,858,880,902,924,946,968,990,1012,1034,1056,1078,1100,1122,1144,1166,1188,1210,1232,1254,1276,1298,1320,1342,1364,1386,1408,1430,1452,1474,1496,1518,1540,1562,1584,1606,1628,1650,1672,1716,1760,1782,1804,1826,1848,1870,1892,1914,1936,1958,1980,2024,2046,2090,2112,2134,2156,2178,2200,2244,2266,2288,2332,2354,2398,2420,2442,2464,2486,2530,2552,2574,2618,2640,2662,2706,2728,2750,2772,2816,2838,2860,2882,2904,2926,2948,2970,2992,3014,3036,3058,3080,3102,3124,3190,3212,3234,3256,3278,3300,3322,3344,3366,3388,3410,3432,3454,3476,3520,3542,3586,3608,3630,3652,3674,3740,3762,3784,3806,3828,3850,3872,3938,3960,4004,4026,4048,4092,4136,4224,4312,4334,4356,4378,4466,4488,4510,4532,4554,4598,4620,4642,4664,4686,4818,4972,4994,5060,5082,5104,5126,5148,5170,5192,5214,5236,5258,5280,5302,5346,5368,5390,5412,5456,5896,5962,5984,6006,6050,7150,7194,7876,8514,8888,9240,9262,9394,10714,11000,11044,14124],
"fitness": [15287.481445,15160.096680,14936.123047,14807.257812,14727.834961,14547.585938,14496.153320,14319.809570,14219.108398,14189.592773,14155.689453,14008.893555,13930.282227,13921.039062,13857.938477,13794.531250,13743.322266,13706.858398,13689.785156,13631.723633,13580.381836,13481.206055,13459.457031,13391.304688,13383.704102,13331.822266,13278.294922,13255.675781,13236.802734,13172.301758,13152.361328,13126.665039,13111.079102,13090.955078,13078.626953,13016.503906,12986.197266,12963.573242,12948.197266,12910.813477,12891.480469,12884.399414,12841.808594,12806.824219,12760.437500,12723.597656,12711.893555,12671.960938,12624.189453,12595.877930,12563.550781,12537.795898,12501.036133,12473.059570,12462.331055,12420.826172,12416.012695,12379.617188,12340.409180,12311.876953,12296.996094,12242.616211,12218.411133,12195.414062,12143.287109,12129.340820,12072.851562,12067.470703,12031.079102,11992.331055,11962.523438,11948.480469,11873.957031,11799.530273,11762.684570,11734.624023,11722.366211,11689.134766,11664.590820,11616.865234,11585.880859,11581.658203,11551.497070,11534.397461,11512.379883,11487.161133,11478.430664,11458.819336,11448.620117,11431.510742,11392.791992,11347.826172,11338.363281,11304.648438,11230.279297,11229.989258,11171.355469,11154.512695,11131.182617,11114.419922,11086.654297,11060.183594,11029.494141,11008.655273,10987.480469,10976.313477,10965.775391,10911.409180,10856.761719,10832.717773,10812.532227,10796.514648,10774.297852,10773.345703,10741.716797,10721.486328,10698.016602,10675.309570,10674.482422,10655.465820,10636.000000,10605.848633,10572.167969,10532.334961,10530.106445,10519.950195,10497.584961,10461.400391,10457.211914,10423.583984,10414.994141,10411.923828,10389.541016,10375.278320,10365.446289,10340.667969,10317.194336,10310.287109,10290.687500,10271.555664,10238.890625,10233.500977,10219.685547,10194.817383,10193.930664,10190.315430,10174.711914,10147.575195,10124.445312,10105.948242,10104.511719,10095.002930,10093.875000,10086.583984,10062.237305,10053.948242,10041.723633,10040.529297,10034.457031,10027.493164,10019.140625,9992.637695,9945.553711,9938.166992,9902.916992,9897.378906,9866.786133,9861.829102,9841.739258,9834.313477,9823.126953,9819.232422,9812.402344,9809.691406,9787.182617,9784.659180,9759.555664,9747.802734,9738.252930,9712.762695,9703.617188,9658.430664,9649.664062,9636.054688,9623.018555,9598.335938,9575.458984,9568.485352,9561.532227,9554.418945,9545.792969,9513.696289,9507.361328,9486.369141,9471.521484,9467.701172,9452.629883,9433.416016,9426.697266,9409.902344,9389.457031,9383.939453,9376.741211,9374.108398,9371.809570,9360.098633,9354.844727,9334.841797,9333.183594,9330.977539,9321.358398,9319.513672,9317.697266,9317.697266]
}