{
"iteraciones": [22,44,66,88,110,132,154,176,198,220,242,264,286,308,330,352,374,396,418,440,462,484,506,550,572,594,616,638,660,682,704,726,748,770,792,814,836,858,880,902,924,946,968,990,1012,1034,1056,1078,1100,1122,1144,1188,1210,1254,1276,1298,1320,1342,1364,1408,1430,1452,1496,1540,1562,1584,1606,1628,1650,1694,1716,1738,1782,1804,1826,1848,1870,1892,1914,1936,1958,1980,2002,2046,2068,2090,2112,2134,2156,2178,2222,2244,2266,2288,2310,2332,2376,2398,2420,2442,2464,2486,2508,2530,2552,2596,2640,2662,2684,2706,2772,2794,2838,2860,2882,2904,2926,2970,3036,3058,3080,3146,3190,3212,3234,3256,3278,3300,3322,3344,3366,3388,3432,3454,3476,3498,3542,3564,3586,3608,3630,3652,3674,3718,3762,3784,3806,3828,3872,3916,3938,4048,4070,4092,4114,4136,4202,4224,4246,4268,4290,4312,4334,4356,4422,4466,4488,4532,4554,4576,4598,4620,4686,4708,4730,4752,4774,4796,4818,4840,4862,4884,4906,4928,4950,4972,4994,5016,5038,5060,5082,5104,5126,5148,5192,5258,5302,5324,5346,5368,5390,5412,5434,5478,5500,5544,5566,5588,5610,5632,5654,5676,5698,5720,5742,5764,5830,5852,5874,5918,5940,5962,6006,6028,6050,6072,6094,6138,6160,6182,6204,6248,6270,6292,6314,6336,6358,6402,6446,6468,6490,6556,6622,6644,6666,6688,6754,6776,6798,6820,6842,6908,6930,6974,6996,7040,7062,7106,7282,7546,7612,7634,7656,7744,7766,7788,7832,7876,7898,7920,7942,8052,8118,8162,8404,8756,8778,8932,9306,9460,9900,10142,10758,10890,11022,11044,11088,14168],
"fitness": [15307.127930,15244.370117,14985.819336,14919.349609,14679.510742,14556.485352,14517.862305,14398.332031,14319.245117,14283.553711,14124.084961,14030.715820,14002.698242,13969.244141,13934.679688,13882.672852,13845.659180,13821.528320,13769.868164,13710.691406,13701.524414,13663.238281,13541.577148,13537.568359,13502.198242,13460.390625,13423.972656,13399.562500,13392.822266,13358.486328,13314.804688,13301.192383,13284.800781,13264.658203,13236.803711,13174.230469,13161.437500,13142.038086,13081.996094,13078.973633,13047.791016,12993.524414,12988.584961,12961.232422,12926.529297,12924.264648,12885.711914,12882.781250,12847.303711,12817.858398,12801.766602,12766.803711,12729.660156,12695.318359,12668.594727,12633.320312,12609.315430,12599.195312,12537.572266,12535.588867,12489.916016,12446.957031,12421.794922,12408.391602,12383.573242,12373.215820,12347.420898,12330.285156,12265.545898,12243.717773,12217.690430,12196.662109,12159.256836,12136.107422,12120.925781,12095.006836,12067.693359,12043.498047,12037.215820,11996.584961,11994.954102,11967.207031,11920.293945,11907.869141,11888.362305,11869.765625,11839.927734,11838.208008,11827.051758,11807.394531,11793.581055,11766.593750,11764.935547,11746.381836,11727.685547,11700.310547,11682.074219,11670.269531,11662.667969,11648.650391,11620.472656,11602.426758,11586.681641,11556.284180,11537.743164,11521.733398,11501.489258,11497.791992,11480.191406,11439.781250,11434.163086,11404.295898,11378.992188,11367.866211,11363.134766,11322.618164,11318.799805,11291.936523,11280.750000,11274.089844,11256.648438,11236.876953,11235.843750,11220.355469,11212.000000,11195.300781,11192.137695,11179.740234,11174.886719,11161.793945,11151.106445,11133.132812,11128.306641,11117.211914,11099.912109,11086.734375,11057.666992,11045.724609,11036.497070,11017.181641,11006.156250,10992.031250,10956.645508,10942.109375,10936.878906,10933.332031,10920.000000,10919.041016,10908.790039,10900.748047,10870.227539,10838.650391,10820.805664,10812.769531,10795.182617,10762.418945,10759.348633,10751.201172,10739.164062,10721.016602,10697.325195,10687.707031,10671.099609,10651.953125,10633.148438,10620.537109,10608.206055,10592.228516,10574.526367,10569.488281,10565.009766,10542.996094,10538.000000,10519.814453,10504.058594,10496.254883,10479.028320,10464.398438,10435.166992,10423.000000,10393.798828,10369.705078,10351.696289,10330.921875,10319.555664,10298.151367,10268.787109,10256.040039,10254.000000,10238.867188,10237.969727,10223.373047,10206.393555,10184.000000,10150.182617,10118.008789,10106.458984,10088.760742,10066.039062,10059.745117,10039.300781,10030.220703,9992.607422,9980.829102,9974.540039,9957.128906,9953.155273,9940.492188,9918.379883,9916.615234,9903.448242,9885.450195,9872.118164,9855.699219,9843.310547,9833.494141,9805.452148,9787.952148,9764.081055,9742.788086,9678.572266,9676.515625,9665.000000,9642.083008,9616.405273,9582.956055,9560.216797,9553.803711,9538.412109,9533.443359,9509.918945,9496.149414,9475.618164,9466.239258,9447.786133,9436.020508,9400.258789,9392.827148,9378.950195,9377.531250,9373.238281,9323.661133,9320.603516,9280.475586,9252.337891,9246.918945,9235.409180,9199.948242,9190.319336,9160.852539,9110.299805,9089.886719,9067.764648,9048.213867,9019.864258,9006.336914,8954.410156,8946.343750,8928.040039,8904.497070,8899.360352,8858.880859,8836.392578,8832.913086,8831.247070,8830.315430,8824.968750,8810.310547,8808.680664,8806.593750,8777.805664,8766.954102,8752.124023,8750.812500,8741.854492,8735.257812,8732.706055,8701.976562,8672.989258,8669.375000,8652.074219,8648.409180,8646.883789,8644.554688,8640.434570,8633.485352,8621.885742,8621.885742]
}