{
"iteraciones": [22,44,66,88,132,154,176,198,220,242,264,286,308,330,352,374,396,418,440,462,484,506,528,550,572,594,616,638,660,682,704,726,748,770,792,814,836,858,880,902,924,946,968,990,1012,1034,1056,1078,1100,1144,1166,1188,1210,1232,1276,1298,1320,1342,1364,1386,1408,1430,1452,1474,1518,1540,1562,1584,1606,1628,1650,1672,1694,1716,1738,1760,1782,1804,1826,1848,1870,1936,1958,2002,2024,2046,2068,2090,2112,2134,2156,2178,2200,2222,2244,2266,2288,2310,2332,2354,2376,2398,2442,2464,2486,2508,2530,2574,2596,2618,2684,2794,2816,2838,2860,2882,2904,2926,2970,2992,3014,3036,3058,3080,3124,3146,3168,3190,3212,3234,3256,3278,3300,3322,3344,3366,3388,3410,3432,3454,3476,3498,3520,3542,3564,3586,3608,3652,3674,3696,3740,3762,3784,3806,3828,3872,3894,3916,3938,3960,3982,4004,4026,4048,4070,4092,4114,4136,4158,4180,4202,4224,4246,4268,4290,4312,4334,4356,4378,4400,4422,4444,4488,4510,4554,4576,4620,4686,4708,4730,4752,4774,4796,4840,4884,4906,4928,4950,5016,5038,5060,5082,5104,5126,5148,5170,5192,5214,5258,5280,5324,5346,5368,5456,5478,5500,5544,5588,5632,5654,5676,5698,5720,5742,5786,5808,5852,5874,5896,5918,5940,5984,6006,6028,6050,6072,6094,6116,6138,6160,6182,6204,6226,6248,6270,6292,6358,6380,6402,6424,6468,6622,6666,6688,6710,6820,6842,6930,6974,6996,7018,7040,7128,7150,7194,7216,7348,7392,7788,7810,7832,7876,7898,7920,8294,8712,8778,9526,9548,9592,9724,9768,9878,9900,9922,10868,13948],
"fitness": [15297.543945,15016.159180,14783.899414,14728.218750,14600.256836,14494.266602,14449.885742,14370.140625,14322.429688,14272.383789,14193.839844,14174.921875,14150.366211,14091.907227,14063.076172,14040.994141,14002.615234,13968.941406,13937.262695,13880.331055,13863.547852,13804.575195,13765.027344,13746.041016,13715.615234,13708.729492,13669.053711,13652.830078,13601.814453,13549.440430,13507.576172,13469.049805,13392.319336,13380.527344,13301.355469,13283.181641,13247.927734,13230.185547,13174.428711,13136.535156,13103.267578,13062.470703,13044.532227,13029.375977,12994.173828,12970.993164,12953.956055,12923.268555,12886.958008,12845.086914,12844.494141,12806.581055,12778.321289,12742.837891,12717.816406,12674.386719,12648.967773,12630.309570,12577.108398,12552.025391,12549.384766,12510.848633,12497.024414,12461.861328,12447.718750,12416.641602,12381.192383,12371.418945,12342.011719,12313.352539,12296.294922,12262.381836,12243.333984,12197.934570,12187.472656,12160.272461,12140.620117,12107.244141,12095.542969,12077.648438,12044.099609,12016.573242,11965.735352,11949.828125,11945.094727,11908.341797,11897.858398,11888.914062,11880.428711,11867.894531,11855.308594,11831.893555,11829.656250,11814.537109,11810.150391,11777.942383,11763.389648,11753.056641,11744.121094,11720.249023,11698.554688,11680.166016,11672.000000,11654.657227,11639.166016,11634.669922,11598.339844,11593.858398,11556.183594,11545.874023,11489.135742,11486.012695,11453.031250,11428.651367,11418.784180,11414.878906,11406.770508,11359.351562,11341.704102,11335.816406,11323.887695,11303.359375,11256.298828,11255.134766,11245.100586,11219.347656,11189.090820,11171.872070,11169.850586,11158.626953,11151.338867,11146.343750,11138.499023,11127.677734,11126.000000,11120.290039,11111.113281,11100.069336,11082.622070,11064.831055,11058.637695,11050.230469,11040.895508,11005.392578,11004.963867,10993.195312,10975.492188,10968.235352,10959.288086,10929.321289,10927.259766,10915.117188,10901.282227,10891.320312,10865.472656,10833.983398,10820.116211,10809.611328,10791.513672,10786.875977,10776.595703,10756.470703,10747.513672,10731.792969,10696.084961,10688.282227,10672.168945,10662.066406,10654.808594,10636.453125,10610.906250,10596.921875,10582.683594,10572.267578,10555.366211,10551.632812,10520.746094,10513.644531,10478.938477,10473.252930,10460.000000,10441.625977,10421.724609,10378.553711,10370.407227,10361.765625,10332.600586,10307.376953,10305.912109,10276.574219,10243.387695,10234.017578,10204.205078,10192.444336,10171.557617,10165.034180,10160.153320,10123.261719,10118.214844,10116.962891,10071.801758,10051.691406,10034.798828,10003.263672,9952.550781,9931.422852,9844.375000,9838.798828,9833.851562,9797.400391,9771.775391,9769.736328,9709.517578,9694.408203,9689.758789,9672.181641,9653.950195,9627.741211,9617.010742,9603.722656,9578.989258,9562.757812,9526.534180,9517.397461,9484.269531,9459.044922,9441.481445,9434.571289,9428.879883,9408.834961,9388.355469,9385.529297,9362.575195,9330.478516,9320.026367,9301.416016,9273.374023,9267.080078,9243.194336,9241.130859,9211.385742,9188.719727,9150.569336,9143.208008,9122.697266,9104.361328,9101.760742,9089.824219,9043.266602,9024.987305,8986.366211,8964.583984,8955.846680,8951.984375,8897.569336,8890.442383,8855.096680,8849.923828,8831.079102,8815.092773,8800.463867,8790.791016,8787.053711,8783.767578,8763.246094,8762.227539,8748.116211,8728.079102,8727.064453,8717.955078,8709.613281,8690.833008,8688.041992,8685.674805,8664.432617,8647.727539,8645.341797,8642.319336,8640.980469,8639.904297,8636.862305,8634.812500,8630.710938,8629.272461,8628.142578,8621.885742,8621.885742]
}