{
"iteraciones": [22,44,66,88,110,132,154,176,198,220,242,264,286,308,330,352,374,396,418,440,462,484,506,528,550,572,594,616,638,660,682,704,726,748,770,792,836,858,880,924,946,968,990,1012,1034,1056,1078,1100,1122,1144,1166,1188,1210,1232,1254,1276,1298,1320,1342,1364,1386,1408,1430,1452,1474,1496,1518,1540,1562,1584,1606,1628,1650,1694,1738,1760,1804,1826,1848,1892,1914,1936,1958,1980,2002,2024,2046,2068,2090,2112,2134,2156,2244,2266,2288,2310,2332,2354,2376,2398,2420,2442,2464,2486,2508,2530,2552,2574,2596,2618,2640,2662,2684,2706,2728,2750,2772,2816,2838,2860,2926,2948,2970,2992,3014,3036,3080,3102,3146,3168,3190,3234,3256,3322,3344,3366,3388,3410,3454,3476,3498,3520,3542,3564,3608,3630,3652,3674,3696,3762,3784,3806,3828,3850,3872,3894,3916,3938,3960,3982,4048,4070,4114,4136,4158,4202,4224,4246,4268,4290,4356,4378,4400,4444,4466,4532,4554,4576,4598,4620,4642,4664,4686,4708,4730,4774,4818,4840,4884,4906,4928,4950,4972,4994,5038,5082,5126,5148,5214,5280,5324,5346,5390,5434,5456,5544,5566,5588,5610,5632,5698,5720,5742,5786,5830,5852,5874,5896,5918,5984,6006,6028,6138,6182,6204,6380,6402,6424,6512,6534,6688,6754,6776,6798,6820,6842,6886,6930,6952,6996,7040,7172,7348,7546,7568,7700,7722,7832,8954,8998,9438,9724,10824,10846,10956,14036],
"fitness": [15293.389648,15103.874023,14900.560547,14711.634766,14675.209961,14523.514648,14520.880859,14404.797852,14356.496094,14233.039062,14134.521484,14054.225586,13985.789062,13939.419922,13853.405273,13806.071289,13771.450195,13683.740234,13647.956055,13605.752930,13500.474609,13496.977539,13452.261719,13435.216797,13404.123047,13377.727539,13323.916016,13321.479492,13306.974609,13267.888672,13265.938477,13249.910156,13201.848633,13158.597656,13134.818359,13087.586914,13063.772461,13025.286133,12978.482422,12938.000000,12901.805664,12891.395508,12834.793945,12832.914062,12812.804688,12762.584961,12747.145508,12700.877930,12657.987305,12616.457031,12614.888672,12573.861328,12566.884766,12549.187500,12527.030273,12523.295898,12492.970703,12417.900391,12384.646484,12381.315430,12370.004883,12346.913086,12332.928711,12330.852539,12316.915039,12308.585938,12285.904297,12259.160156,12253.969727,12230.908203,12205.425781,12193.618164,12191.766602,12121.749023,12098.940430,12042.027344,12033.438477,11970.028320,11894.256836,11836.254883,11833.813477,11820.190430,11794.351562,11772.518555,11757.704102,11729.708984,11712.638672,11696.416016,11685.867188,11667.267578,11652.889648,11609.855469,11589.000000,11572.120117,11514.048828,11505.884766,11467.632812,11433.918945,11422.101562,11398.000000,11362.987305,11347.415039,11328.539062,11316.815430,11311.741211,11284.832031,11279.794922,11257.358398,11246.632812,11241.514648,11235.298828,11226.686523,11220.000000,11197.991211,11184.461914,11173.650391,11162.144531,11122.257812,11114.610352,11066.725586,11042.450195,11005.691406,10998.104492,10960.694336,10948.843750,10906.524414,10902.201172,10881.834961,10849.107422,10844.935547,10826.035156,10817.310547,10790.980469,10785.059570,10781.083984,10761.719727,10759.585938,10723.000000,10714.157227,10672.247070,10664.440430,10643.551758,10640.663086,10609.888672,10570.541992,10558.731445,10557.747070,10532.413086,10507.271484,10492.911133,10484.354492,10474.170898,10451.776367,10432.303711,10410.390625,10374.077148,10331.205078,10325.336914,10321.681641,10301.496094,10277.166016,10271.109375,10258.295898,10251.000000,10230.230469,10209.618164,10208.981445,10197.087891,10193.797852,10151.073242,10135.981445,10116.245117,10096.121094,10089.923828,10076.130859,10053.116211,10046.762695,10029.375977,9987.999023,9979.927734,9969.343750,9966.810547,9947.182617,9934.227539,9894.220703,9849.413086,9838.146484,9814.155273,9804.763672,9771.179688,9762.941406,9756.939453,9727.083008,9717.727539,9695.165039,9641.560547,9624.298828,9584.977539,9565.255859,9534.068359,9501.916016,9483.071289,9472.375000,9462.260742,9449.738281,9424.250000,9414.826172,9387.822266,9367.357422,9343.240234,9315.496094,9314.723633,9310.667969,9263.062500,9248.112305,9229.466797,9199.304688,9151.779297,9147.003906,9123.485352,9105.856445,9078.622070,9041.013672,9030.170898,8964.043945,8955.700195,8929.649414,8891.824219,8886.725586,8870.601562,8866.315430,8846.125000,8840.027344,8838.874023,8818.899414,8805.244141,8752.608398,8747.542969,8741.472656,8740.312500,8736.375977,8734.125000,8723.169922,8720.577148,8704.485352,8701.633789,8693.613281,8666.948242,8644.309570,8639.853516,8638.877930,8634.757812,8632.216797,8626.135742,8621.885742,8621.885742]
}