{
"iteraciones": [22,44,66,88,110,132,154,176,198,220,242,264,286,308,352,374,396,418,440,462,484,506,528,550,594,616,638,660,682,704,726,748,770,792,814,836,858,880,902,924,946,968,990,1012,1034,1056,1078,1100,1144,1188,1210,1232,1254,1298,1320,1342,1386,1408,1430,1452,1474,1496,1518,1540,1562,1584,1606,1628,1650,1672,1694,1716,1738,1782,1804,1826,1848,1870,1892,1914,1936,1958,1980,2002,2024,2046,2090,2112,2134,2156,2222,2266,2288,2310,2332,2354,2398,2420,2464,2486,2508,2530,2552,2574,2596,2618,2640,2662,2684,2706,2728,2750,2772,2794,2816,2838,2860,2904,2926,2948,2970,2992,3014,3036,3080,3102,3124,3146,3168,3190,3234,3256,3278,3300,3322,3344,3366,3388,3410,3476,3520,3542,3564,3608,3630,3652,3696,3740,3784,3806,3828,3850,3872,3894,3916,3938,3960,4004,4026,4048,4070,4092,4114,4136,4158,4202,4246,4268,4312,4378,4400,4422,4466,4488,4510,4532,4554,4576,4598,4620,4642,4686,4774,4796,4818,4840,4906,4972,4994,5016,5060,5148,5170,5346,5368,5390,5434,5676,5830,6072,6270,6314,6512,6578,6886,6908,7018,7106,7282,7546,7568,7920,11000],
"fitness": [15265.238281,14926.889648,14794.224609,14731.514648,14621.594727,14461.687500,14371.932617,14338.526367,14210.324219,14199.774414,14067.678711,13999.983398,13979.595703,13894.986328,13845.276367,13819.041992,13769.177734,13762.688477,13722.254883,13683.119141,13663.223633,13624.546875,13603.312500,13545.368164,13527.848633,13481.295898,13469.580078,13421.838867,13408.413086,13359.793945,13280.769531,13278.268555,13253.516602,13192.764648,13172.436523,13157.787109,13088.729492,13073.979492,13035.116211,13011.956055,12987.172852,12959.007812,12939.799805,12876.457031,12868.733398,12806.312500,12781.118164,12731.992188,12673.899414,12648.458984,12601.051758,12540.692383,12473.985352,12433.699219,12379.716797,12329.399414,12301.181641,12283.240234,12256.304688,12235.632812,12216.717773,12182.168945,12141.777344,12112.635742,12083.602539,12049.864258,12008.851562,11988.796875,11961.944336,11937.011719,11921.069336,11898.757812,11836.106445,11811.892578,11744.141602,11716.405273,11697.224609,11676.885742,11633.884766,11631.206055,11607.381836,11578.882812,11562.177734,11547.524414,11508.507812,11471.759766,11454.829102,11412.980469,11374.408203,11371.597656,11316.525391,11308.989258,11265.115234,11228.829102,11172.099609,11153.410156,11132.126953,11062.278320,11048.300781,11034.015625,10994.939453,10950.777344,10922.814453,10918.381836,10890.940430,10876.104492,10845.395508,10837.635742,10808.287109,10796.135742,10770.889648,10742.959961,10727.103516,10682.104492,10676.518555,10621.429688,10556.056641,10548.019531,10543.419922,10524.272461,10489.867188,10459.849609,10452.748047,10406.897461,10401.238281,10358.793945,10315.277344,10296.490234,10267.523438,10245.425781,10235.583984,10195.058594,10179.025391,10165.046875,10164.739258,10128.013672,10122.478516,10113.394531,10082.525391,10067.980469,10056.066406,10002.159180,9978.957031,9973.351562,9963.895508,9957.910156,9926.500977,9891.068359,9871.939453,9862.417969,9801.918945,9800.615234,9777.278320,9731.119141,9711.249023,9694.050781,9657.322266,9654.694336,9645.212891,9600.808594,9575.274414,9558.852539,9532.145508,9498.647461,9411.762695,9397.179688,9354.262695,9353.157227,9286.166016,9261.920898,9230.363281,9187.271484,9185.523438,9167.866211,9138.148438,9116.862305,9110.091797,9108.704102,9096.260742,9091.140625,9067.108398,9035.273438,9019.780273,9000.774414,8963.873047,8961.638672,8930.255859,8922.538086,8912.269531,8901.772461,8857.521484,8855.584961,8833.963867,8831.052734,8807.781250,8792.446289,8791.639648,8782.508789,8766.740234,8764.305664,8748.709961,8735.081055,8710.930664,8675.771484,8655.355469,8654.890625,8649.787109,8646.366211,8644.307617,8633.934570,8628.175781,8621.885742,8621.885742]
}