{
"iteraciones": [44,88,110,132,154,176,198,220,242,264,286,330,352,374,396,440,462,484,506,528,550,572,594,616,638,660,682,704,726,748,792,814,836,858,880,902,924,946,968,990,1012,1056,1078,1100,1122,1144,1166,1188,1210,1232,1254,1276,1298,1320,1342,1364,1386,1408,1430,1474,1496,1518,1540,1562,1584,1606,1628,1650,1672,1694,1738,1760,1782,1804,1826,1848,1870,1892,1914,1936,1958,2002,2046,2068,2090,2112,2134,2156,2178,2244,2266,2288,2310,2332,2354,2376,2398,2420,2442,2464,2486,2508,2530,2574,2596,2618,2640,2662,2706,2728,2772,2794,2882,2904,2926,2948,2970,2992,3014,3036,3058,3080,3102,3124,3168,3190,3234,3278,3300,3322,3366,3432,3454,3476,3520,3542,3564,3586,3608,3652,3696,3762,3784,3806,3828,3850,3872,3894,3916,4004,4026,4048,4092,4114,4158,4180,4224,4246,4290,4312,4334,4356,4378,4422,4444,4466,4510,4532,4576,4598,4620,4642,4664,4686,4730,4774,4796,4818,4840,4862,4884,4906,4928,4950,4972,5038,5060,5104,5126,5148,5170,5192,5214,5236,5258,5302,5324,5346,5368,5390,5412,5434,5456,5478,5500,5588,5610,5654,5676,5698,5720,5742,5764,5808,5852,5874,5896,5918,5940,5962,5984,6006,6028,6050,6094,6116,6138,6204,6292,6358,6380,6402,6424,6446,6468,6490,6512,6534,6556,6578,6666,6688,6710,6732,6754,6776,6798,6842,6864,6886,6908,6930,6952,6974,7062,7084,7106,7128,7194,7216,7282,7326,7370,7392,7414,7436,7458,7480,7502,7524,7568,7612,7634,7656,7744,7920,8008,8030,8052,8096,8118,8448,8668,8844,8866,9020,11660,11704,11792,13706,16280,18810,18832,21912],
"fitness": [14919.000000,14717.819336,14544.477539,14430.214844,14263.541016,14258.495117,14148.766602,14044.902344,13914.166992,13793.436523,13696.979492,13654.926758,13565.448242,13559.081055,13436.745117,13392.087891,13378.006836,13332.381836,13294.645508,13226.101562,13225.366211,13219.935547,13178.025391,13174.220703,13154.840820,13117.343750,13058.099609,13000.746094,12976.616211,12928.643555,12921.987305,12896.474609,12869.071289,12841.253906,12834.816406,12803.870117,12802.763672,12780.833984,12741.949219,12706.868164,12641.575195,12625.364258,12590.188477,12542.994141,12541.557617,12524.701172,12505.331055,12498.055664,12475.804688,12451.066406,12412.650391,12407.575195,12389.564453,12376.081055,12345.550781,12338.276367,12321.674805,12279.788086,12248.176758,12198.193359,12197.264648,12187.512695,12184.360352,12177.152344,12163.844727,12155.671875,12134.651367,12117.625977,12113.644531,12083.341797,12062.816406,12051.634766,12047.568359,12015.584961,12008.000000,11976.000000,11962.062500,11943.959961,11927.451172,11911.149414,11868.135742,11857.825195,11832.364258,11795.772461,11774.261719,11765.244141,11743.556641,11729.625977,11691.078125,11676.347656,11674.030273,11657.971680,11642.933594,11623.051758,11613.133789,11604.323242,11588.288086,11570.708008,11556.046875,11549.243164,11528.000000,11517.130859,11492.053711,11481.039062,11471.128906,11466.287109,11465.302734,11439.215820,11436.659180,11414.104492,11371.716797,11353.937500,11331.919922,11326.784180,11313.773438,11307.023438,11290.762695,11281.187500,11265.006836,11246.114258,11236.565430,11225.085938,11202.534180,11170.920898,11163.211914,11147.721680,11135.868164,11122.906250,11115.564453,11109.115234,11088.936523,11066.863281,11061.140625,11050.821289,11035.294922,11013.676758,11006.307617,10990.306641,10979.506836,10955.916992,10937.098633,10932.005859,10926.737305,10899.582031,10884.879883,10880.931641,10877.607422,10870.482422,10856.158203,10850.000000,10848.745117,10844.903320,10842.381836,10832.711914,10830.623047,10818.624023,10810.379883,10794.456055,10783.949219,10777.138672,10763.585938,10758.372070,10737.728516,10730.934570,10724.546875,10701.553711,10689.970703,10670.711914,10660.291992,10640.643555,10637.878906,10615.197266,10598.596680,10581.690430,10566.051758,10554.877930,10546.056641,10534.026367,10518.831055,10512.393555,10497.469727,10449.938477,10442.677734,10426.927734,10400.392578,10394.175781,10373.609375,10346.288086,10341.492188,10316.246094,10311.273438,10277.724609,10262.756836,10236.064453,10206.449219,10190.403320,10172.722656,10149.921875,10132.529297,10115.069336,10084.770508,10041.459961,10022.112305,10002.920898,9963.365234,9945.851562,9915.160156,9877.948242,9875.975586,9859.438477,9843.857422,9832.178711,9811.455078,9796.376953,9771.670898,9764.157227,9748.710938,9732.774414,9724.405273,9711.945312,9699.608398,9688.246094,9667.584961,9619.058594,9609.332031,9604.613281,9576.401367,9561.853516,9555.398438,9552.724609,9522.692383,9521.458984,9509.091797,9499.064453,9484.235352,9479.349609,9449.149414,9439.044922,9434.067383,9422.091797,9413.161133,9372.339844,9361.220703,9349.237305,9303.790039,9301.372070,9287.035156,9253.393555,9237.282227,9204.268555,9196.456055,9186.325195,9156.335938,9136.512695,9125.412109,9111.308594,9105.315430,9083.262695,9065.128906,9056.278320,9029.901367,9006.473633,8998.672852,8960.232422,8937.906250,8932.734375,8908.081055,8892.553711,8883.575195,8882.000000,8854.415039,8834.828125,8829.379883,8803.165039,8801.791992,8776.801758,8772.551758,8755.174805,8754.889648,8742.860352,8701.463867,8676.000000,8673.626953,8649.929688,8642.905273,8641.472656,8638.766602,8636.012695,8630.710938,8628.142578,8625.349609,8623.272461,8621.885742,8621.885742]
}