{
"iteraciones": [44,66,88,110,132,154,220,242,264,286,308,330,352,374,396,440,462,484,506,550,572,594,616,638,660,682,704,726,748,770,814,836,858,880,902,924,946,968,990,1034,1056,1078,1100,1122,1144,1166,1188,1210,1232,1254,1276,1298,1320,1342,1364,1386,1430,1452,1474,1496,1518,1540,1562,1584,1628,1650,1672,1694,1716,1738,1760,1782,1804,1826,1848,1914,1936,1958,1980,2002,2024,2046,2068,2090,2134,2156,2178,2222,2244,2266,2288,2310,2332,2354,2376,2398,2420,2442,2464,2508,2530,2552,2574,2596,2618,2640,2662,2684,2706,2750,2772,2794,2816,2860,2882,2904,2926,2948,2970,2992,3014,3036,3058,3102,3124,3146,3168,3190,3212,3256,3278,3300,3322,3432,3454,3476,3498,3520,3542,3564,3586,3608,3652,3718,3740,3806,3850,3872,3894,3916,3938,3960,3982,4004,4026,4048,4070,4114,4158,4224,4290,4312,4334,4356,4400,4444,4488,4554,4620,4642,4686,4708,4730,4774,4796,4840,4862,4884,4906,4972,4994,5126,5148,5214,5236,5258,5280,5302,5324,5368,5390,5412,5434,5456,5478,5500,5566,5588,5610,5632,5698,5742,5764,5786,5808,5830,5852,5874,5984,6028,6072,6094,6138,6160,6182,6204,6226,6248,6270,6314,6336,6380,6402,6446,6468,6490,6512,6534,6556,6578,6600,6644,6666,6688,6710,6754,6820,6842,6864,6908,6952,6974,6996,7018,7106,7150,7172,7194,7216,7238,7260,7282,7304,7326,7348,7502,7524,7546,7590,7612,7634,7656,7678,7700,7810,7832,7876,7942,8052,8074,8096,8118,8140,8184,8294,8316,8338,8360,8382,8426,8470,8514,8536,8668,8778,8844,8910,8932,8954,8998,9086,9130,9196,9372,9482,9702,9724,10164,10186,10296,10670,10692,10714,10758,10824,10846,10868,11638,12166,12320,12364,15444],
"fitness": [15329.079102,15152.438477,14924.458008,14791.764648,14661.509766,14430.321289,14283.918945,14258.523438,14195.184570,14118.366211,14072.974609,13974.955078,13845.583008,13811.991211,13733.901367,13677.079102,13645.426758,13609.178711,13518.235352,13478.243164,13445.807617,13435.658203,13385.613281,13355.594727,13342.816406,13292.726562,13241.332031,13230.171875,13184.106445,13124.184570,13085.157227,13066.372070,13014.671875,12992.897461,12971.815430,12944.487305,12908.395508,12903.295898,12861.010742,12848.185547,12845.637695,12808.138672,12772.893555,12766.298828,12752.692383,12715.333984,12692.951172,12644.894531,12607.716797,12597.475586,12577.496094,12555.829102,12536.028320,12527.452148,12471.121094,12429.904297,12408.884766,12365.050781,12353.429688,12330.831055,12312.314453,12277.746094,12263.486328,12207.829102,12203.954102,12171.768555,12146.261719,12139.905273,12120.663086,12085.313477,12066.327148,12063.552734,12048.783203,12031.691406,11993.029297,11983.726562,11965.182617,11947.977539,11933.730469,11923.693359,11909.022461,11895.307617,11886.444336,11861.192383,11860.218750,11857.163086,11839.949219,11816.512695,11811.944336,11787.365234,11770.734375,11761.877930,11754.012695,11741.352539,11737.829102,11732.254883,11727.657227,11713.806641,11705.812500,11691.233398,11681.803711,11664.081055,11651.788086,11635.594727,11618.079102,11605.392578,11592.220703,11580.807617,11571.095703,11563.562500,11557.188477,11543.613281,11533.291992,11520.441406,11513.277344,11500.975586,11490.663086,11489.783203,11487.166016,11471.427734,11452.767578,11448.278320,11437.618164,11433.244141,11427.968750,11419.676758,11417.710938,11415.911133,11400.070312,11382.673828,11374.507812,11373.288086,11345.153320,11341.715820,11327.059570,11317.000000,11312.027344,11298.034180,11296.271484,11289.884766,11286.046875,11280.286133,11273.966797,11271.300781,11259.192383,11249.454102,11236.917969,11233.647461,11217.454102,11216.264648,11213.915039,11211.480469,11201.142578,11191.459961,11185.046875,11164.700195,11157.959961,11156.298828,11153.740234,11134.994141,11123.053711,11119.485352,11102.097656,11082.258789,11068.480469,11056.464844,11050.856445,11046.969727,11043.145508,11034.944336,11033.336914,11032.569336,11029.059570,11020.803711,11007.563477,10992.064453,10991.119141,10986.028320,10979.292969,10976.521484,10953.852539,10942.673828,10919.804688,10905.703125,10896.084961,10889.213867,10885.720703,10872.174805,10843.224609,10837.314453,10832.000000,10823.914062,10819.479492,10810.293945,10807.733398,10787.098633,10780.401367,10769.966797,10767.750000,10736.099609,10707.732422,10694.937500,10685.217773,10679.113281,10678.238281,10654.115234,10648.929688,10610.998047,10594.546875,10563.518555,10539.366211,10531.101562,10501.823242,10498.011719,10487.830078,10470.054688,10465.957031,10432.356445,10422.832031,10417.332031,10379.936523,10370.200195,10345.178711,10329.225586,10309.208008,10300.565430,10279.042969,10277.734375,10266.769531,10258.680664,10247.317383,10237.985352,10234.281250,10214.872070,10205.415039,10193.605469,10189.385742,10168.967773,10136.471680,10116.787109,10110.214844,10080.185547,10064.427734,10059.159180,10029.054688,10017.742188,10010.023438,9979.643555,9969.980469,9959.358398,9955.783203,9942.935547,9938.544922,9929.125000,9915.346680,9904.277344,9884.317383,9871.004883,9854.090820,9829.290039,9803.113281,9789.538086,9776.326172,9768.916016,9756.534180,9755.452148,9749.731445,9734.045898,9729.559570,9727.827148,9716.443359,9709.000000,9699.123047,9681.500977,9677.947266,9661.164062,9645.612305,9642.949219,9621.664062,9610.415039,9605.399414,9585.779297,9568.000977,9561.530273,9557.207031,9549.058594,9546.326172,9510.031250,9505.499023,9477.312500,9476.865234,9472.376953,9471.114258,9470.289062,9462.048828,9455.607422,9454.643555,9452.601562,9430.662109,9403.201172,9400.690430,9375.094727,9372.227539,9370.856445,9341.855469,9340.541016,9339.901367,9338.548828,9329.257812,9316.329102,9315.638672,9315.638672]
}