{
"iteraciones": [22,44,66,88,110,132,154,176,198,220,242,264,286,308,330,352,374,396,418,462,506,528,550,572,594,616,638,660,704,726,748,770,792,814,880,902,924,946,968,990,1012,1034,1078,1100,1122,1144,1166,1188,1210,1232,1254,1320,1342,1364,1386,1408,1430,1452,1474,1496,1540,1562,1584,1606,1628,1650,1672,1694,1716,1738,1760,1782,1804,1848,1870,1892,1914,1936,1958,1980,2002,2024,2046,2068,2090,2112,2134,2156,2222,2244,2266,2288,2310,2332,2354,2376,2398,2420,2464,2486,2530,2552,2596,2618,2640,2662,2706,2750,2772,2794,2838,2860,2882,2904,2926,2948,2970,3014,3036,3058,3080,3102,3168,3190,3212,3234,3256,3278,3300,3322,3344,3366,3388,3410,3432,3454,3476,3542,3564,3586,3608,3630,3652,3674,3696,3718,3784,3806,3828,3850,3872,3894,3916,3960,3982,4004,4026,4070,4092,4114,4136,4158,4180,4202,4224,4290,4312,4334,4356,4378,4400,4422,4444,4488,4510,4576,4598,4620,4642,4664,4708,4774,4818,4840,4862,4884,4906,4950,4994,5016,5038,5060,5082,5126,5214,5302,5324,5346,5368,5390,5412,5456,5522,5566,5610,5632,5676,5698,5720,5742,5830,5918,5940,5962,5984,6006,6050,6072,6094,6138,6160,6314,6380,6402,6468,6622,6644,6666,6688,6754,6776,6798,6908,6930,6952,6996,7150,7216,7480,8184,8206,8250,8272,8294,8316,8360,8448,8492,8668,8734,11814],
"fitness": [15382.709961,14992.355469,14843.313477,14708.875000,14568.333984,14257.252930,14154.283203,14073.488281,13955.320312,13746.173828,13737.663086,13691.672852,13611.597656,13520.853516,13471.611328,13462.756836,13351.399414,13340.717773,13257.411133,13202.303711,13183.069336,13143.252930,13113.567383,13064.583984,13033.885742,13020.175781,12968.507812,12894.216797,12877.359375,12834.263672,12812.388672,12750.913086,12745.804688,12669.488281,12657.526367,12625.631836,12619.687500,12605.823242,12587.105469,12568.426758,12530.215820,12496.810547,12467.466797,12442.000000,12416.375000,12395.436523,12391.408203,12330.550781,12326.864258,12291.669922,12253.172852,12210.860352,12182.857422,12158.285156,12147.206055,12118.731445,12071.249023,12054.303711,12049.008789,11989.571289,11974.582031,11945.384766,11925.178711,11917.237305,11901.612305,11887.647461,11855.023438,11837.702148,11774.512695,11768.894531,11728.938477,11720.180664,11675.352539,11645.928711,11626.798828,11599.627930,11565.984375,11533.601562,11526.714844,11508.899414,11485.875977,11459.742188,11458.045898,11438.380859,11422.529297,11384.809570,11377.646484,11325.259766,11318.529297,11307.248047,11261.040039,11245.995117,11234.532227,11214.495117,11199.503906,11167.083008,11161.291992,11137.775391,11107.454102,11074.189453,11031.389648,10994.914062,10979.408203,10975.345703,10972.568359,10952.548828,10913.689453,10897.034180,10871.774414,10859.625977,10852.309570,10844.404297,10834.925781,10820.012695,10792.791992,10782.952148,10724.734375,10698.401367,10668.958008,10665.006836,10643.436523,10621.764648,10594.996094,10578.874023,10567.283203,10558.396484,10531.811523,10526.484375,10512.204102,10492.194336,10480.613281,10477.292969,10476.513672,10441.341797,10428.569336,10396.185547,10373.508789,10367.888672,10351.941406,10335.244141,10330.000000,10311.000000,10304.000000,10291.513672,10284.184570,10265.044922,10249.156250,10248.628906,10235.453125,10205.745117,10194.379883,10190.044922,10169.683594,10142.087891,10136.071289,10121.000000,10101.324219,10095.121094,10094.053711,10070.359375,10060.926758,10039.845703,10009.854492,9996.983398,9951.126953,9943.063477,9936.922852,9934.436523,9911.925781,9908.526367,9891.583984,9863.254883,9807.555664,9767.534180,9766.134766,9748.001953,9714.442383,9685.636719,9684.220703,9615.903320,9600.281250,9552.101562,9529.367188,9509.489258,9478.251953,9452.054688,9435.541016,9430.513672,9416.199219,9401.440430,9393.431641,9359.283203,9351.298828,9340.327148,9327.037109,9314.354492,9307.987305,9301.055664,9279.534180,9261.188477,9249.477539,9244.957031,9237.986328,9234.964844,9223.371094,9173.910156,9168.842773,9129.976562,9118.044922,9116.610352,9083.375000,9073.359375,9054.354492,9022.696289,9009.350586,8989.910156,8981.374023,8966.257812,8952.868164,8951.589844,8921.355469,8904.944336,8901.476562,8897.080078,8860.709961,8859.329102,8817.154297,8816.070312,8813.248047,8809.000000,8805.222656,8801.235352,8782.368164,8781.954102,8758.300781,8734.193359,8721.648438,8702.335938,8686.447266,8679.720703,8665.876953,8644.607422,8641.225586,8640.409180,8638.128906,8636.437500,8633.700195,8629.685547,8624.148438,8621.885742,8621.885742]
}