{
"iteraciones": [22,44,66,88,110,132,154,176,198,220,242,264,286,308,330,352,374,396,440,462,506,528,572,594,616,638,660,682,726,748,770,792,814,836,924,968,990,1012,1034,1056,1078,1122,1144,1166,1188,1210,1232,1254,1276,1298,1320,1342,1364,1386,1408,1430,1452,1474,1496,1518,1562,1584,1606,1628,1650,1672,1694,1738,1760,1782,1804,1826,1848,1870,1892,1914,1936,1958,1980,2002,2024,2046,2068,2112,2134,2156,2178,2222,2310,2332,2354,2376,2398,2420,2442,2464,2486,2508,2530,2552,2574,2596,2618,2662,2684,2706,2772,2794,2816,2860,2882,2904,2926,2948,2970,2992,3014,3036,3058,3080,3102,3124,3146,3168,3190,3212,3234,3256,3278,3300,3344,3388,3410,3432,3454,3476,3498,3520,3542,3564,3586,3608,3630,3674,3696,3718,3740,3784,3806,3828,3850,3894,3938,3960,3982,4026,4048,4070,4092,4114,4136,4180,4202,4224,4246,4268,4334,4356,4378,4400,4422,4444,4488,4510,4532,4576,4598,4620,4708,4730,4752,4796,4818,4950,4972,4994,5016,5038,5060,5082,5104,5148,5236,5346,5368,5390,5412,5434,5544,5764,5896,6094,6622,6666,6688,6710,6732,8162,10164,10208,10230,10252,13332],
"fitness": [15284.498047,15178.573242,15060.462891,14758.581055,14513.388672,14447.622070,14427.577148,14219.577148,14134.382812,14125.381836,14051.757812,13941.318359,13911.803711,13876.333008,13823.786133,13801.051758,13742.132812,13660.692383,13648.434570,13592.943359,13563.319336,13470.920898,13446.719727,13360.509766,13296.938477,13270.233398,13251.011719,13198.940430,13152.565430,13113.172852,13075.337891,13034.339844,13021.791016,12917.771484,12827.723633,12786.478516,12727.291992,12668.540039,12656.362305,12604.625977,12557.072266,12535.711914,12505.275391,12493.432617,12482.640625,12440.109375,12383.839844,12376.586914,12349.605469,12318.752930,12264.678711,12263.083008,12251.863281,12201.827148,12176.733398,12143.732422,12115.853516,12089.857422,12029.712891,11955.071289,11950.742188,11924.521484,11912.876953,11889.899414,11849.092773,11848.796875,11776.637695,11725.148438,11710.292969,11667.301758,11630.899414,11600.637695,11567.253906,11539.493164,11529.241211,11506.282227,11483.119141,11457.704102,11405.760742,11399.434570,11378.877930,11374.064453,11299.212891,11281.853516,11253.309570,11236.805664,11208.856445,11132.410156,11124.796875,11113.008789,11060.441406,11046.982422,11039.819336,11022.339844,10970.538086,10960.593750,10921.928711,10905.650391,10877.442383,10856.811523,10845.824219,10839.341797,10830.866211,10811.198242,10795.668945,10733.900391,10703.592773,10676.553711,10627.625000,10575.306641,10561.775391,10529.421875,10481.515625,10460.349609,10442.964844,10415.933594,10372.125000,10348.073242,10346.790039,10312.944336,10297.718750,10232.949219,10212.155273,10186.890625,10178.735352,10151.965820,10126.849609,10110.912109,10102.703125,10087.095703,10032.179688,10010.367188,9957.884766,9931.174805,9909.842773,9906.988281,9878.093750,9866.359375,9847.731445,9836.912109,9834.126953,9798.014648,9777.458984,9773.493164,9749.635742,9745.252930,9696.393555,9687.318359,9652.415039,9623.508789,9594.250000,9570.480469,9525.087891,9515.640625,9469.124023,9422.616211,9419.722656,9385.571289,9368.780273,9341.271484,9306.021484,9300.765625,9292.308594,9271.454102,9265.073242,9233.744141,9227.763672,9221.548828,9205.203125,9199.417969,9181.477539,9170.707031,9153.012695,9146.974609,9132.407227,9120.564453,9113.934570,9067.691406,9047.674805,9035.341797,8992.398438,8988.643555,8936.518555,8929.718750,8923.943359,8889.946289,8869.011719,8856.445312,8824.204102,8805.909180,8775.654297,8769.470703,8768.109375,8745.212891,8740.627930,8734.559570,8726.847656,8703.694336,8697.122070,8689.324219,8687.877930,8676.093750,8672.963867,8670.579102,8662.291992,8657.170898,8651.979492,8645.501953,8631.165039,8625.215820,8624.148438,8621.885742,8621.885742]
}