{
"iteraciones": [22,44,66,88,110,132,154,176,198,220,242,264,286,330,352,374,396,418,440,462,484,506,528,550,572,594,616,660,726,748,770,792,814,836,858,880,902,946,968,990,1034,1056,1078,1100,1122,1144,1166,1188,1210,1232,1254,1276,1320,1342,1364,1386,1408,1430,1474,1496,1518,1540,1562,1584,1606,1628,1650,1672,1694,1716,1738,1760,1782,1804,1826,1848,1892,1914,1936,1958,1980,2002,2024,2046,2068,2112,2134,2156,2244,2266,2288,2354,2376,2398,2420,2464,2486,2508,2530,2552,2596,2618,2640,2684,2706,2728,2750,2772,2794,2838,2860,2904,2926,2948,2970,2992,3058,3080,3102,3124,3146,3168,3190,3234,3256,3278,3300,3322,3344,3366,3388,3410,3476,3498,3520,3542,3564,3586,3608,3630,3652,3674,3696,3740,3806,3850,3872,3916,3938,3960,3982,4004,4026,4048,4070,4092,4158,4202,4268,4356,4378,4400,4422,4444,4466,4488,4510,4532,4554,4576,4598,4620,4642,4664,4686,4752,4818,4862,4884,4906,4928,4972,4994,5038,5060,5082,5104,5148,5192,5214,5236,5258,5280,5302,5324,5346,5390,5412,5456,5478,5500,5544,5566,5588,5654,5676,5720,5742,5786,5808,5852,5896,5918,5940,6028,6094,6160,6182,6204,6248,6270,6292,6314,6336,6358,6402,6468,6512,6820,6842,6864,6886,6952,6974,7040,7062,7084,7106,7128,7150,7194,7238,7370,7458,7480,7502,7524,7546,7744,7788,7810,7832,7876,7898,7920,8052,8074,8206,8250,8294,8426,8734,9042,9086,9108,9152,9372,9416,9438,9724,9746,12826],
"fitness": [15257.247070,14901.316406,14738.778320,14610.938477,14565.904297,14481.331055,14424.303711,14318.690430,14310.000000,14232.416992,14142.984375,14088.271484,14027.691406,13994.646484,13965.309570,13919.334961,13875.580078,13799.156250,13752.576172,13745.822266,13697.885742,13683.182617,13675.307617,13636.649414,13596.983398,13544.273438,13519.720703,13456.666016,13429.823242,13387.000000,13342.256836,13328.339844,13303.000000,13263.700195,13230.967773,13224.434570,13182.463867,13162.336914,13124.524414,13115.921875,13067.598633,13028.149414,12988.894531,12948.464844,12937.961914,12876.414062,12843.536133,12839.683594,12824.958984,12811.575195,12805.687500,12735.435547,12727.931641,12701.040039,12673.575195,12654.602539,12651.784180,12594.974609,12571.231445,12551.360352,12524.991211,12515.686523,12472.340820,12454.131836,12436.666992,12413.305664,12399.369141,12384.300781,12373.572266,12368.000000,12338.514648,12312.999023,12285.272461,12264.145508,12219.213867,12175.582031,12170.710938,12145.448242,12106.820312,12081.795898,12063.580078,12055.551758,12034.113281,11976.030273,11948.676758,11939.941406,11931.944336,11867.292969,11821.687500,11803.750977,11798.644531,11783.114258,11753.612305,11721.728516,11703.119141,11687.641602,11673.202148,11665.773438,11643.755859,11617.306641,11585.800781,11573.228516,11537.279297,11499.464844,11486.335938,11485.152344,11451.113281,11441.201172,11420.849609,11417.149414,11401.441406,11390.778320,11375.076172,11372.619141,11361.020508,11330.676758,11321.169922,11301.192383,11296.645508,11272.970703,11265.506836,11259.500000,11230.962891,11219.960938,11211.403320,11193.948242,11189.411133,11185.432617,11165.285156,11155.665039,11151.309570,11126.875977,11119.750977,11118.944336,11099.952148,11085.437500,11078.951172,11072.759766,11066.061523,11046.097656,11038.733398,11022.152344,11020.205078,11010.000000,10998.831055,10991.724609,10979.827148,10972.017578,10965.156250,10960.212891,10946.735352,10933.809570,10899.200195,10898.886719,10880.570312,10839.513672,10835.002930,10806.761719,10778.276367,10770.647461,10765.066406,10748.138672,10743.760742,10719.571289,10712.767578,10700.574219,10681.483398,10673.829102,10671.475586,10653.105469,10646.081055,10631.095703,10606.525391,10593.291016,10559.987305,10550.738281,10528.757812,10520.980469,10510.053711,10493.176758,10482.591797,10468.365234,10457.999023,10445.042969,10437.546875,10424.453125,10397.980469,10379.145508,10360.372070,10359.578125,10315.004883,10301.791992,10298.993164,10292.217773,10286.187500,10282.058594,10279.451172,10265.434570,10264.237305,10250.320312,10207.494141,10196.961914,10185.815430,10177.277344,10172.766602,10164.688477,10161.550781,10150.388672,10134.264648,10129.081055,10117.611328,10109.579102,10102.326172,10079.585938,10063.934570,10041.248047,10016.711914,10011.699219,9983.815430,9971.363281,9965.056641,9961.129883,9937.423828,9931.498047,9921.024414,9917.998047,9907.496094,9848.738281,9843.336914,9808.063477,9806.074219,9803.144531,9755.914062,9739.377930,9730.058594,9720.315430,9713.870117,9712.300781,9707.559570,9704.125977,9690.413086,9677.729492,9631.426758,9629.064453,9605.392578,9578.414062,9574.430664,9547.651367,9506.679688,9498.888672,9472.089844,9468.847656,9465.438477,9459.873047,9443.940430,9437.524414,9408.888672,9405.220703,9389.151367,9388.469727,9378.553711,9367.993164,9354.306641,9350.776367,9334.488281,9324.723633,9323.458984,9321.897461,9320.762695,9316.383789,9315.638672,9315.000000]
}