{
"iteraciones": [22,44,66,88,110,132,154,176,198,220,242,264,286,308,330,352,374,396,418,440,462,484,506,528,550,572,594,616,638,660,682,704,726,748,770,792,814,836,858,924,946,968,990,1034,1056,1100,1122,1166,1188,1210,1232,1254,1298,1342,1364,1386,1408,1430,1452,1474,1496,1518,1540,1562,1606,1628,1650,1672,1694,1716,1738,1760,1782,1804,1826,1870,1892,1914,1936,1958,1980,2024,2046,2068,2090,2134,2178,2200,2222,2244,2266,2288,2310,2354,2376,2398,2420,2442,2464,2486,2530,2552,2574,2596,2618,2640,2662,2706,2750,2772,2816,2838,2882,2926,2948,2970,2992,3014,3036,3058,3080,3102,3124,3146,3190,3212,3234,3256,3300,3322,3344,3366,3388,3432,3454,3476,3498,3520,3542,3564,3586,3608,3630,3652,3674,3696,3740,3762,3784,3806,3828,3850,3872,3894,3916,3938,3960,4004,4026,4070,4114,4136,4158,4180,4202,4224,4246,4268,4290,4312,4334,4356,4378,4400,4422,4466,4510,4532,4576,4598,4620,4642,4664,4686,4708,4730,4752,4774,4796,4818,4840,4862,4950,5104,5148,5170,5192,5280,5324,5346,5368,5390,5412,5434,5456,5478,5500,5632,5698,5720,5896,5940,5962,6006,6072,6094,6160,6292,6380,6424,6600,6622,6820,6864,7040,7260,7722,7942,8272,9064,9504,11836,11858,14938],
"fitness": [15185.341797,15162.450195,14783.297852,14674.877930,14510.122070,14423.388672,14358.593750,14181.407227,14111.970703,14054.276367,13904.159180,13891.648438,13832.348633,13752.065430,13722.074219,13650.186523,13643.998047,13560.484375,13543.128906,13500.353516,13485.583008,13422.082031,13405.526367,13371.879883,13325.809570,13303.456055,13286.649414,13248.052734,13205.452148,13173.044922,13107.858398,13048.788086,13042.968750,12985.952148,12945.825195,12903.895508,12854.452148,12806.312500,12735.752930,12696.491211,12685.986328,12629.404297,12598.337891,12553.472656,12521.590820,12507.543945,12442.853516,12406.939453,12392.005859,12384.494141,12357.476562,12328.273438,12300.914062,12268.564453,12217.366211,12208.525391,12180.444336,12167.000000,12144.183594,12118.888672,12095.363281,12063.697266,12034.560547,11988.588867,11957.303711,11954.198242,11927.823242,11916.013672,11908.168945,11866.916992,11831.265625,11804.144531,11788.380859,11774.437500,11730.043945,11719.921875,11690.763672,11677.856445,11621.614258,11620.762695,11559.559570,11533.857422,11513.558594,11492.953125,11482.173828,11415.503906,11403.835938,11360.512695,11340.178711,11298.859375,11294.826172,11260.657227,11233.237305,11209.725586,11178.177734,11177.703125,11145.276367,11135.769531,11117.773438,11070.672852,11057.903320,11045.156250,11028.117188,11021.032227,11006.000000,10989.862305,10967.046875,10936.735352,10902.400391,10854.725586,10831.751953,10762.608398,10755.659180,10722.277344,10710.750977,10697.601562,10684.007812,10678.555664,10672.304688,10656.341797,10639.931641,10634.607422,10615.132812,10584.733398,10570.774414,10542.393555,10539.111328,10515.289062,10498.595703,10494.300781,10472.419922,10463.056641,10436.142578,10419.643555,10402.723633,10379.279297,10338.092773,10336.474609,10327.955078,10320.441406,10283.436523,10272.106445,10264.701172,10227.181641,10222.745117,10171.237305,10155.857422,10145.884766,10117.873047,10110.612305,10092.277344,10076.215820,10072.016602,10055.675781,10038.255859,9992.708984,9986.072266,9949.013672,9942.168945,9900.508789,9837.982422,9811.718750,9808.545898,9802.030273,9801.832031,9785.291016,9769.129883,9737.528320,9723.446289,9706.325195,9676.581055,9650.252930,9649.131836,9629.892578,9599.000000,9553.081055,9532.827148,9504.403320,9486.791992,9478.718750,9434.004883,9432.919922,9404.458984,9373.610352,9355.945312,9304.052734,9295.248047,9259.454102,9234.902344,9206.771484,9177.461914,9151.377930,9102.559570,9062.483398,9045.757812,9015.381836,9008.633789,9005.770508,8973.335938,8971.692383,8926.347656,8919.376953,8910.541992,8891.973633,8890.028320,8882.966797,8873.152344,8855.018555,8841.011719,8838.535156,8826.412109,8825.112305,8817.024414,8814.148438,8811.590820,8792.537109,8777.048828,8762.653320,8750.572266,8737.138672,8730.819336,8728.453125,8709.823242,8707.384766,8705.950195,8672.889648,8665.533203,8662.249023,8638.536133,8626.720703,8624.372070,8623.272461,8621.885742,8621.885742]
}