{
"iteraciones": [22,44,66,88,110,132,154,176,198,220,242,264,286,308,330,352,374,396,440,462,484,506,528,550,594,616,638,660,682,704,726,748,770,792,814,836,858,880,902,924,946,968,990,1012,1034,1056,1078,1100,1122,1144,1166,1188,1210,1232,1254,1276,1298,1320,1342,1364,1386,1408,1430,1452,1474,1496,1518,1540,1562,1584,1606,1628,1650,1672,1694,1716,1738,1760,1782,1804,1826,1848,1870,1892,1914,1958,2002,2024,2046,2090,2112,2134,2156,2178,2200,2244,2266,2288,2310,2332,2354,2376,2398,2442,2464,2486,2508,2530,2552,2574,2596,2618,2640,2662,2684,2706,2728,2750,2772,2794,2816,2838,2882,2904,2948,3036,3058,3102,3168,3190,3212,3234,3256,3300,3344,3366,3410,3476,3520,3564,3586,3608,3630,3652,3740,3762,3784,3806,3850,3872,3894,3916,3938,3960,3982,4004,4048,4070,4092,4114,4136,4158,4180,4202,4224,4246,4268,4290,4312,4334,4378,4422,4444,4488,4510,4532,4554,4620,4642,4730,4752,4774,4796,4818,4840,4884,4906,4950,5016,5082,5104,5170,5192,5214,5258,5280,5324,5368,5390,5412,5456,5478,5500,5522,5588,5676,5720,5742,5786,5830,5852,5896,5962,6182,6204,6226,6270,6292,6314,6336,6424,6820,6864,6908,6930,7084,7128,7172,7216,7326,7414,7480,7502,7524,7546,7568,7700,8250,8272,8316,8360,8910,9196,9526,9548,10428,12936,16016],
"fitness": [15322.786133,15218.971680,14999.516602,14880.174805,14533.608398,14514.639648,14501.256836,14329.046875,14215.920898,14207.834961,14102.077148,14063.671875,14039.079102,13949.134766,13907.602539,13886.231445,13863.237305,13816.488281,13789.973633,13748.978516,13721.797852,13684.018555,13656.680664,13561.866211,13530.693359,13484.416992,13461.295898,13418.340820,13394.361328,13345.543945,13310.881836,13284.080078,13253.738281,13232.508789,13189.926758,13166.794922,13125.291992,13112.583984,13069.705078,13051.712891,12989.947266,12979.558594,12946.376953,12909.719727,12887.375000,12875.393555,12849.365234,12811.417969,12781.262695,12773.267578,12762.910156,12756.824219,12738.358398,12713.507812,12706.684570,12683.515625,12654.000000,12645.545898,12625.418945,12616.315430,12602.639648,12597.961914,12579.000000,12548.802734,12531.983398,12503.689453,12492.792969,12463.482422,12432.984375,12400.937500,12370.070312,12361.554688,12346.231445,12328.288086,12310.847656,12298.214844,12276.725586,12265.813477,12229.208984,12209.463867,12193.037109,12175.998047,12146.856445,12112.403320,12079.147461,12023.033203,12000.419922,11971.750000,11952.972656,11924.768555,11896.486328,11883.650391,11840.959961,11812.248047,11784.612305,11769.744141,11750.090820,11740.813477,11706.625977,11694.981445,11676.466797,11658.023438,11625.335938,11604.391602,11571.978516,11549.091797,11511.696289,11458.915039,11453.133789,11416.083008,11411.293945,11405.257812,11379.500000,11344.927734,11325.437500,11308.142578,11305.250977,11262.108398,11254.215820,11219.800781,11171.541016,11127.793945,11098.086914,11050.174805,11032.498047,11029.290039,11014.785156,10959.936523,10945.377930,10908.928711,10878.098633,10861.925781,10814.626953,10803.552734,10779.789062,10739.162109,10699.596680,10690.079102,10661.551758,10658.142578,10627.628906,10606.985352,10584.534180,10525.459961,10505.045898,10491.368164,10465.958008,10434.495117,10404.186523,10392.878906,10373.864258,10335.910156,10322.125977,10293.905273,10252.691406,10220.795898,10208.581055,10191.296875,10175.817383,10171.351562,10160.459961,10138.452148,10123.570312,10121.752930,10091.769531,10056.800781,10050.667969,10043.821289,10015.949219,9971.806641,9947.715820,9924.190430,9898.946289,9897.979492,9861.526367,9858.749023,9836.741211,9835.019531,9792.439453,9768.640625,9756.622070,9751.208984,9743.304688,9720.542969,9690.277344,9677.335938,9644.768555,9611.236328,9604.930664,9579.265625,9562.010742,9549.573242,9534.919922,9499.149414,9441.681641,9393.795898,9389.717773,9369.122070,9337.848633,9311.684570,9295.543945,9274.028320,9260.322266,9207.128906,9199.321289,9146.927734,9122.409180,9114.464844,9106.804688,9077.909180,9037.254883,9028.213867,8999.732422,8975.765625,8969.824219,8958.757812,8954.900391,8940.927734,8927.952148,8917.947266,8907.016602,8901.498047,8894.006836,8890.482422,8858.888672,8828.374023,8786.910156,8783.608398,8733.907227,8728.491211,8727.351562,8724.649414,8723.249023,8721.742188,8720.414062,8717.648438,8686.662109,8657.129883,8655.205078,8649.943359,8647.452148,8644.428711,8629.653320,8626.661133,8624.148438,8623.272461,8621.885742,8621.885742]
}