{
"iteraciones": [22,44,66,88,110,132,154,176,198,220,242,264,286,308,330,352,396,418,440,462,484,506,528,550,572,594,616,638,660,682,704,726,748,770,792,814,836,858,880,902,924,968,990,1012,1034,1056,1078,1100,1122,1144,1166,1188,1210,1232,1254,1276,1298,1320,1342,1364,1408,1474,1496,1518,1540,1562,1584,1606,1628,1650,1672,1694,1716,1738,1760,1782,1804,1826,1848,1870,1892,1914,1936,1980,2024,2046,2090,2134,2178,2200,2222,2244,2266,2288,2310,2332,2354,2376,2398,2420,2486,2508,2530,2552,2618,2640,2706,2728,2750,2772,2794,2816,2838,2860,2882,2904,2926,2948,2992,3014,3058,3080,3146,3168,3234,3256,3278,3300,3322,3344,3388,3410,3432,3476,3498,3542,3586,3608,3630,3718,3740,3784,3806,3850,3872,3916,3960,3982,4004,4026,4048,4070,4092,4114,4224,4246,4268,4290,4312,4334,4356,4378,4400,4444,4510,4532,4598,4620,4664,4708,4730,4752,4796,4818,4862,4884,4906,4928,4950,4972,4994,5060,5104,5126,5148,5170,5192,5258,5280,5302,5346,5390,5456,5478,5522,5544,5566,5588,5654,5676,5720,5764,5786,5808,5830,5852,5874,5896,5918,5940,5962,5984,6006,6028,6050,6072,6094,6116,6138,6160,6182,6204,6248,6270,6292,6336,6358,6402,6424,6446,6468,6490,6512,6534,6556,6578,6600,6622,6666,6688,6710,6732,6754,6798,6842,6886,6952,6974,6996,7084,7128,7172,7216,7282,7304,7348,7370,7392,7414,7436,7458,7524,7546,7568,7590,7612,7656,7678,7744,7766,7788,7810,7832,7854,7876,7898,7920,7942,7964,7986,8008,8052,8162,8184,8206,8228,8294,8338,8360,8404,8426,8448,8470,8536,8558,8602,8624,8646,8668,8712,8734,8756,8778,8822,8844,9130,9152,9174,9196,9240,9328,9834,9988,10010,10032,10054,10384,10428,11572,12100,12474,13992,17072],
"fitness": [15383.590820,15306.568359,14976.728516,14806.952148,14671.737305,14453.746094,14328.024414,14236.027344,14038.150391,13958.830078,13873.049805,13853.222656,13685.112305,13641.275391,13576.473633,13496.181641,13451.046875,13409.608398,13382.990234,13362.924805,13350.966797,13339.384766,13323.331055,13294.509766,13259.467773,13258.956055,13216.323242,13203.536133,13174.831055,13159.966797,13129.935547,13112.972656,13086.777344,13066.750000,13047.433594,13034.891602,13022.376953,12994.000000,12957.649414,12946.160156,12902.849609,12872.999023,12868.966797,12842.089844,12827.240234,12788.925781,12773.236328,12754.806641,12730.367188,12707.742188,12686.897461,12672.687500,12627.856445,12583.247070,12542.685547,12514.241211,12472.587891,12444.991211,12408.676758,12340.535156,12290.614258,12266.908203,12245.548828,12222.429688,12206.559570,12199.312500,12165.230469,12135.067383,12128.556641,12089.827148,12063.432617,12060.814453,12052.998047,12034.806641,12026.251953,11999.757812,11993.100586,11955.770508,11951.050781,11899.865234,11893.996094,11866.545898,11833.836914,11777.123047,11757.629883,11754.066406,11734.157227,11729.868164,11728.342773,11717.669922,11715.592773,11707.806641,11699.172852,11692.256836,11685.425781,11676.604492,11674.210938,11650.000000,11646.441406,11626.969727,11620.935547,11612.965820,11584.731445,11570.554688,11568.000000,11553.143555,11549.594727,11542.612305,11523.721680,11514.581055,11504.358398,11487.565430,11485.125000,11476.769531,11472.530273,11468.547852,11467.000000,11465.170898,11461.397461,11456.537109,11451.000000,11436.680664,11427.623047,11426.658203,11422.276367,11412.015625,11396.153320,11369.251953,11359.413086,11339.873047,11319.070312,11311.951172,11286.431641,11285.547852,11284.998047,11280.989258,11278.544922,11273.908203,11261.815430,11250.834961,11224.801758,11221.185547,11215.339844,11214.955078,11206.688477,11196.518555,11186.584961,11185.887695,11177.970703,11176.893555,11175.265625,11168.325195,11167.000000,11149.664062,11138.000000,11128.488281,11124.856445,11102.657227,11095.251953,11075.011719,11067.141602,11060.724609,11041.228516,11023.160156,11021.188477,11010.967773,11009.000000,10989.354492,10981.031250,10971.000000,10954.529297,10926.350586,10924.858398,10904.960938,10893.330078,10880.945312,10879.229492,10869.339844,10851.970703,10844.702148,10831.630859,10824.505859,10811.200195,10795.742188,10777.247070,10769.941406,10763.061523,10750.762695,10744.411133,10696.642578,10669.660156,10659.125000,10654.757812,10638.366211,10615.583984,10602.671875,10581.791992,10562.582031,10556.427734,10547.351562,10529.515625,10520.618164,10510.975586,10496.996094,10473.445312,10470.040039,10462.451172,10436.026367,10408.902344,10396.363281,10374.624023,10364.889648,10358.191406,10339.900391,10327.365234,10297.815430,10280.480469,10274.715820,10272.024414,10247.892578,10214.737305,10204.756836,10188.619141,10169.007812,10142.644531,10136.234375,10120.662109,10105.697266,10097.575195,10067.308594,10057.354492,10038.074219,10036.928711,10023.078125,10008.613281,9981.598633,9968.820312,9932.777344,9917.842773,9893.856445,9858.207031,9840.916016,9809.870117,9796.406250,9762.854492,9747.562500,9743.142578,9720.201172,9700.963867,9680.380859,9654.436523,9633.169922,9624.445312,9613.477539,9571.104492,9561.042969,9551.943359,9534.208984,9503.090820,9486.018555,9469.794922,9462.498047,9439.234375,9425.338867,9423.805664,9357.657227,9356.222656,9333.523438,9327.959961,9304.609375,9290.041992,9284.688477,9252.745117,9240.168945,9222.342773,9214.914062,9189.588867,9174.923828,9145.294922,9141.257812,9128.667969,9093.043945,9083.608398,9068.932617,9066.596680,9048.174805,9034.198242,9024.654297,9019.035156,9016.338867,9002.660156,8971.459961,8941.448242,8936.272461,8921.151367,8914.528320,8912.111328,8909.000000,8881.550781,8856.225586,8849.733398,8830.854492,8819.333008,8813.432617,8808.515625,8802.612305,8798.189453,8789.097656,8781.878906,8749.374023,8729.853516,8695.751953,8685.000000,8680.416992,8651.016602,8645.119141,8639.778320,8635.592773,8634.035156,8626.728516,8625.790039,8621.885742,8621.885742]
}