{
"iteraciones": [22,44,66,88,110,132,154,176,198,220,242,286,308,330,352,374,396,418,440,462,484,506,528,550,572,594,638,660,682,704,726,748,770,792,880,902,924,946,968,990,1012,1034,1056,1078,1100,1122,1144,1166,1188,1210,1232,1254,1276,1298,1320,1342,1364,1386,1408,1452,1474,1496,1540,1562,1584,1606,1650,1672,1694,1716,1738,1760,1782,1804,1826,1848,1870,1892,1914,1936,1958,1980,2024,2046,2134,2156,2178,2222,2244,2266,2288,2310,2332,2376,2398,2420,2442,2464,2486,2530,2552,2574,2618,2640,2662,2684,2728,2750,2772,2794,2816,2838,2882,2904,2926,2948,2992,3014,3036,3058,3080,3102,3124,3146,3168,3212,3234,3256,3278,3300,3322,3344,3366,3388,3410,3432,3498,3520,3542,3564,3586,3630,3674,3696,3718,3740,3762,3784,3828,3872,3894,3916,3938,3960,3982,4026,4048,4070,4092,4114,4136,4158,4180,4202,4224,4246,4312,4378,4466,4488,4510,4532,4554,4576,4598,4620,4642,4664,4752,4884,4906,4928,4994,5082,5566,5588,5676,5830,5896,6314,6336,6358,6490,6776,6798,6864,6886,6908,6930,7128,7194,10274],
"fitness": [15478.750000,15144.139648,15064.138672,14807.679688,14755.954102,14483.955078,14386.963867,14286.125977,14141.100586,14067.721680,13955.976562,13719.767578,13689.994141,13493.546875,13469.996094,13433.835938,13375.467773,13305.018555,13275.912109,13236.882812,13214.974609,13169.487305,13141.397461,13057.083008,13051.889648,12984.671875,12964.624023,12933.851562,12875.543945,12865.587891,12811.128906,12782.602539,12757.793945,12682.742188,12642.458008,12630.532227,12541.144531,12499.829102,12470.072266,12463.822266,12436.976562,12433.355469,12370.413086,12325.973633,12261.572266,12240.553711,12203.910156,12194.722656,12145.814453,12116.178711,12088.799805,12065.217773,12011.560547,12005.464844,11954.833008,11923.766602,11862.276367,11859.937500,11806.258789,11802.739258,11771.817383,11743.878906,11687.241211,11676.905273,11653.752930,11576.963867,11560.794922,11524.815430,11499.621094,11497.441406,11428.312500,11413.635742,11389.469727,11359.797852,11331.885742,11299.334961,11270.544922,11238.612305,11204.539062,11169.261719,11156.303711,11112.947266,11090.090820,11000.497070,10978.381836,10941.766602,10879.445312,10820.147461,10815.249023,10814.661133,10771.344727,10704.669922,10695.376953,10652.682617,10612.464844,10585.120117,10540.716797,10518.045898,10478.144531,10458.450195,10427.715820,10327.212891,10318.253906,10274.942383,10253.421875,10215.811523,10188.522461,10162.297852,10111.322266,10088.231445,10062.196289,10029.279297,10023.543945,10010.951172,10003.079102,9969.629883,9964.422852,9937.772461,9936.185547,9915.684570,9898.095703,9867.235352,9858.337891,9802.663086,9799.391602,9798.310547,9788.932617,9768.785156,9704.489258,9684.049805,9649.962891,9625.673828,9599.409180,9596.074219,9584.530273,9549.884766,9525.572266,9513.596680,9494.173828,9472.412109,9468.088867,9461.597656,9449.554688,9426.741211,9397.934570,9383.616211,9358.616211,9351.153320,9290.005859,9284.509766,9268.246094,9245.654297,9236.318359,9182.095703,9175.972656,9174.325195,9153.742188,9139.803711,9137.456055,9117.952148,9107.739258,9106.784180,9077.753906,9071.116211,9057.911133,9046.989258,9033.692383,9008.250977,8996.441406,8994.220703,8978.207031,8973.591797,8957.533203,8948.084961,8929.200195,8890.423828,8882.080078,8872.297852,8859.565430,8849.058594,8825.688477,8810.170898,8799.184570,8770.292969,8743.423828,8734.721680,8727.588867,8721.866211,8710.171875,8700.786133,8696.900391,8692.651367,8672.475586,8670.794922,8659.333008,8645.341797,8641.775391,8637.813477,8633.866211,8628.510742,8624.148438,8624.148438]
}