{
"iteraciones": [22,44,66,88,110,132,154,176,198,220,242,264,286,308,330,352,396,418,440,462,484,506,550,572,594,616,638,660,682,704,726,748,770,792,814,836,858,880,902,924,946,968,990,1012,1034,1056,1078,1100,1122,1144,1166,1188,1210,1254,1276,1320,1342,1364,1386,1408,1430,1474,1496,1518,1540,1562,1584,1606,1628,1650,1672,1694,1716,1738,1760,1782,1804,1826,1848,1870,1892,1914,1936,1958,1980,2002,2024,2046,2068,2112,2134,2156,2178,2200,2222,2244,2310,2354,2376,2398,2464,2486,2508,2552,2574,2596,2618,2684,2706,2728,2750,2772,2794,2816,2838,2860,2926,2948,2970,2992,3014,3036,3058,3102,3124,3146,3168,3212,3234,3278,3300,3344,3366,3410,3454,3476,3498,3520,3542,3564,3586,3608,3630,3652,3696,3718,3740,3762,3784,3806,3850,3872,3916,3938,3960,3982,4004,4026,4070,4114,4136,4158,4224,4246,4290,4356,4378,4400,4422,4488,4598,4642,4730,4752,4796,4818,4840,4884,4928,4950,4972,4994,5016,5038,5104,5214,5236,5258,5280,5368,5412,5434,5456,5522,5698,5720,5742,6116,6160,6358,6380,6402,6424,6468,6512,6666,6886,6908,7062,7392,7436,7568,7590,7678,7942,7986,8382,8470,8492,9658,10714,13794],
"fitness": [15157.877930,15010.682617,14892.023438,14817.398438,14761.234375,14522.912109,14463.331055,14304.045898,14202.545898,14157.287109,14139.873047,14069.820312,14020.011719,13974.482422,13935.390625,13798.293945,13766.410156,13693.620117,13624.598633,13596.134766,13580.113281,13495.181641,13480.584961,13436.979492,13375.354492,13328.271484,13325.503906,13269.403320,13264.724609,13226.000000,13157.589844,13116.208008,13092.369141,13038.291992,13014.695312,12978.056641,12954.435547,12930.101562,12911.300781,12855.876953,12846.991211,12819.500000,12786.395508,12774.302734,12757.041992,12693.180664,12666.377930,12586.320312,12569.725586,12557.417969,12517.560547,12485.027344,12427.202148,12400.046875,12313.414062,12296.106445,12262.188477,12254.647461,12203.666016,12199.013672,12159.349609,12129.296875,12113.218750,12095.076172,12088.244141,12046.724609,12005.122070,11948.571289,11942.971680,11886.553711,11851.480469,11822.788086,11812.668945,11775.694336,11742.983398,11720.387695,11681.348633,11676.615234,11654.468750,11624.432617,11586.235352,11545.173828,11535.187500,11510.773438,11480.604492,11470.127930,11462.011719,11442.930664,11360.722656,11348.160156,11317.541016,11308.284180,11292.873047,11275.724609,11244.720703,11206.022461,11192.577148,11163.974609,11157.291992,11122.288086,11109.246094,11104.876953,11055.157227,11034.691406,10980.898438,10959.908203,10930.752930,10888.070312,10883.537109,10854.614258,10846.818359,10812.171875,10808.914062,10756.571289,10744.764648,10700.236328,10669.631836,10649.483398,10639.806641,10630.456055,10580.131836,10571.423828,10544.315430,10509.496094,10482.005859,10445.000000,10434.240234,10421.593750,10380.474609,10328.746094,10309.935547,10282.017578,10260.292969,10231.061523,10213.871094,10199.014648,10174.622070,10149.948242,10138.114258,10120.413086,10092.395508,10076.539062,10071.431641,10023.988281,9987.467773,9981.602539,9941.181641,9932.685547,9922.037109,9886.002930,9882.168945,9840.982422,9827.217773,9810.041992,9793.585938,9783.356445,9742.945312,9722.433594,9706.452148,9680.429688,9658.335938,9597.519531,9586.233398,9568.107422,9500.552734,9488.730469,9428.125000,9413.324219,9384.837891,9351.697266,9321.980469,9252.405273,9243.934570,9199.221680,9156.506836,9141.765625,9126.417969,9106.221680,9095.993164,9091.086914,9085.983398,9070.930664,9069.031250,9053.450195,9007.111328,9004.143555,9001.269531,8983.003906,8951.771484,8926.359375,8895.625977,8892.384766,8888.651367,8882.267578,8879.812500,8874.869141,8857.207031,8848.996094,8825.458008,8814.711914,8799.958984,8794.622070,8783.182617,8782.838867,8781.405273,8764.345703,8743.411133,8724.847656,8707.844727,8690.645508,8668.585938,8659.607422,8654.230469,8651.827148,8645.597656,8641.835938,8637.480469,8636.123047,8630.140625,8625.290039,8621.885742,8621.885742]
}