{
"iteraciones": [22,44,66,88,110,132,154,176,198,220,242,264,286,308,330,352,374,396,418,440,462,484,506,528,550,572,594,616,660,682,704,726,748,770,792,836,858,880,902,924,946,968,990,1012,1034,1056,1078,1100,1122,1144,1166,1188,1210,1254,1276,1298,1320,1342,1364,1386,1408,1430,1452,1474,1496,1518,1540,1562,1584,1628,1650,1694,1716,1760,1782,1826,1848,1892,1914,1936,1958,1980,2002,2024,2046,2068,2090,2112,2134,2156,2178,2200,2222,2244,2310,2332,2398,2420,2442,2464,2486,2508,2530,2574,2596,2640,2662,2684,2706,2750,2772,2794,2838,2860,2882,2904,2926,2948,2970,2992,3014,3036,3058,3080,3124,3146,3168,3190,3212,3278,3300,3322,3344,3366,3388,3410,3432,3454,3520,3542,3564,3586,3608,3630,3652,3674,3740,3762,3806,3828,3938,4026,4048,4070,4092,4114,4268,4290,4312,4334,4356,4378,4444,4466,4488,4532,4686,4708,4730,4774,4796,4906,4950,4972,4994,5104,5148,5170,5214,5280,5302,5324,5346,5368,5390,5412,5456,5544,5654,5676,5698,5720,5742,5764,5830,5874,6006,6314,6358,6380,6622,6732,6952,6974,7678,7700,7766,9240,9944,13024],
"fitness": [15021.212891,14960.488281,14556.940430,14465.005859,14415.960938,14170.795898,14139.098633,14034.564453,13988.207031,13825.215820,13785.794922,13667.023438,13552.475586,13466.198242,13380.347656,13364.693359,13330.793945,13255.911133,13177.953125,13150.112305,13121.965820,13081.141602,13040.372070,13003.932617,12974.170898,12946.000000,12893.109375,12862.333984,12828.023438,12811.823242,12794.704102,12764.604492,12736.442383,12703.232422,12679.710938,12667.416016,12633.185547,12612.274414,12584.299805,12556.862305,12493.119141,12492.933594,12451.623047,12450.801758,12437.000000,12423.464844,12403.204102,12383.804688,12370.088867,12347.941406,12344.352539,12329.043945,12283.083008,12235.780273,12225.147461,12194.000000,12153.587891,12090.385742,12077.838867,12043.411133,12020.231445,11994.733398,11982.291992,11908.570312,11859.607422,11822.134766,11796.744141,11746.705078,11697.234375,11675.600586,11621.779297,11611.399414,11507.293945,11497.942383,11439.085938,11385.191406,11361.918945,11270.232422,11265.809570,11238.332031,11201.989258,11172.520508,11130.834961,11129.416016,11110.291992,11083.423828,11003.314453,10988.440430,10971.543945,10959.335938,10938.955078,10918.240234,10913.590820,10852.005859,10828.281250,10779.773438,10761.412109,10725.778320,10721.779297,10710.445312,10695.000000,10672.055664,10648.109375,10626.807617,10611.660156,10597.993164,10541.406250,10505.326172,10496.767578,10488.396484,10478.338867,10457.844727,10429.271484,10416.559570,10385.220703,10357.464844,10329.937500,10274.148438,10253.575195,10241.696289,10230.824219,10137.779297,10136.007812,10076.632812,10065.983398,10031.198242,9977.149414,9966.247070,9958.508789,9935.035156,9911.541992,9885.433594,9884.986328,9842.843750,9811.097656,9787.969727,9782.072266,9739.006836,9712.255859,9693.050781,9674.812500,9642.052734,9629.766602,9598.460938,9562.481445,9546.466797,9518.632812,9484.389648,9452.133789,9420.394531,9393.634766,9379.315430,9376.972656,9368.473633,9361.757812,9326.773438,9285.797852,9278.943359,9226.614258,9208.144531,9179.387695,9155.518555,9125.007812,9124.204102,9114.068359,9100.238281,9090.408203,9087.319336,9076.523438,9073.597656,9057.733398,9034.413086,9014.450195,9003.978516,8977.361328,8937.373047,8909.933594,8907.952148,8900.047852,8877.041016,8874.111328,8854.797852,8843.891602,8827.062500,8816.907227,8799.929688,8798.003906,8788.952148,8785.927734,8784.772461,8772.501953,8770.650391,8765.883789,8736.780273,8731.946289,8730.172852,8704.556641,8684.246094,8659.267578,8656.223633,8655.062500,8654.976562,8650.609375,8638.134766,8635.735352,8627.012695,8625.349609,8624.372070,8621.885742,8621.885742]
}