{
"iteraciones": [22,44,66,88,110,176,198,242,264,286,308,330,352,374,396,418,440,462,484,506,528,550,572,594,616,638,660,682,704,726,748,770,792,814,858,880,902,924,946,1012,1034,1100,1122,1144,1166,1188,1210,1232,1254,1276,1298,1320,1342,1364,1386,1408,1430,1452,1474,1496,1518,1540,1562,1584,1606,1628,1650,1672,1694,1716,1738,1760,1782,1804,1826,1870,1892,1914,1958,1980,2002,2024,2046,2068,2090,2112,2156,2178,2200,2222,2244,2266,2288,2332,2354,2376,2420,2442,2464,2486,2508,2530,2574,2596,2618,2640,2662,2684,2728,2750,2794,2816,2838,2860,2882,2926,2948,2992,3014,3036,3058,3080,3102,3124,3146,3168,3190,3212,3234,3278,3300,3322,3344,3454,3476,3498,3608,3674,3696,3762,3806,3828,3850,3872,3894,3916,3938,4070,4114,4246,4268,4290,4312,4334,4356,4400,4422,4444,4466,4488,4510,4554,4576,4598,4642,4686,4730,4796,4818,4884,4906,4928,4950,4972,5060,5148,5170,5192,5214,5236,5258,5610,5632,5720,5764,6006,6028,6116,6138,6160,6622,7106,8294,8668,8690,11770],
"fitness": [15316.017578,15010.660156,14846.830078,14726.645508,14431.185547,14335.131836,14227.993164,14144.919922,14100.275391,14048.493164,14022.186523,13956.970703,13900.167969,13839.884766,13818.250000,13784.940430,13775.442383,13730.421875,13718.968750,13691.302734,13668.561523,13642.289062,13623.934570,13587.216797,13540.499023,13517.271484,13473.714844,13442.471680,13385.659180,13363.461914,13289.021484,13284.770508,13237.574219,13196.160156,13130.160156,13084.383789,13008.351562,13006.664062,12830.288086,12818.573242,12710.844727,12694.187500,12684.956055,12643.504883,12588.032227,12498.555664,12488.281250,12457.630859,12434.453125,12409.643555,12381.215820,12367.645508,12343.908203,12324.912109,12305.504883,12237.343750,12205.779297,12186.080078,12142.398438,12097.237305,12040.789062,12034.465820,11988.437500,11984.660156,11934.380859,11929.458984,11889.632812,11870.352539,11834.448242,11807.673828,11794.803711,11727.837891,11713.199219,11668.231445,11626.426758,11604.164062,11570.138672,11477.077148,11471.437500,11412.440430,11395.774414,11371.276367,11339.034180,11323.004883,11304.086914,11253.571289,11232.071289,11210.315430,11209.916992,11154.333984,11150.000000,11139.729492,11096.418945,11088.231445,11066.697266,11026.486328,11017.562500,10956.197266,10931.250977,10901.775391,10873.625977,10803.340820,10722.648438,10721.087891,10701.987305,10677.101562,10675.000000,10623.603516,10594.172852,10556.457031,10504.998047,10490.909180,10454.938477,10430.358398,10381.173828,10342.737305,10311.145508,10274.469727,10263.492188,10210.076172,10199.737305,10158.402344,10133.482422,10115.054688,10071.946289,10051.281250,10023.062500,9990.721680,9914.141602,9862.939453,9835.487305,9810.410156,9752.554688,9732.684570,9722.432617,9677.982422,9637.371094,9617.027344,9567.000977,9522.200195,9478.878906,9466.497070,9439.449219,9431.000000,9428.122070,9425.717773,9415.218750,9398.420898,9348.403320,9347.419922,9315.016602,9295.189453,9293.000000,9290.527344,9282.528320,9269.780273,9266.375977,9258.368164,9246.264648,9233.524414,9214.579102,9210.744141,9181.671875,9162.658203,9156.035156,9104.913086,9086.045898,9065.335938,9046.801758,9020.778320,9002.466797,8993.413086,8965.610352,8940.768555,8919.024414,8896.405273,8886.813477,8864.931641,8863.000000,8858.586914,8796.285156,8763.725586,8757.342773,8756.009766,8728.844727,8726.438477,8698.606445,8691.530273,8674.289062,8672.958008,8659.862305,8651.571289,8637.515625,8623.272461,8621.885742,8621.885742]
}