{
"iteraciones": [22,44,66,88,132,154,176,198,220,242,264,286,308,330,352,374,396,418,440,462,484,506,528,550,572,594,616,638,682,704,726,748,770,792,814,836,858,880,902,924,946,968,990,1012,1034,1056,1078,1100,1122,1144,1166,1188,1210,1232,1254,1276,1298,1320,1342,1364,1386,1408,1430,1452,1474,1496,1518,1540,1562,1584,1606,1628,1650,1672,1716,1738,1804,1826,1848,1870,1892,1914,1936,1958,1980,2002,2024,2046,2068,2090,2112,2134,2178,2222,2244,2266,2288,2332,2354,2376,2398,2420,2442,2464,2486,2508,2530,2552,2574,2596,2618,2640,2662,2684,2706,2728,2750,2794,2816,2838,2860,2904,2926,2970,2992,3036,3058,3102,3146,3212,3234,3278,3300,3322,3366,3388,3410,3454,3498,3542,3564,3586,3652,3674,3696,3718,3740,3828,3872,3894,3916,3938,3960,3982,4004,4048,4070,4092,4114,4136,4158,4202,4224,4246,4268,4290,4312,4356,4378,4400,4444,4510,4532,4554,4576,4598,4708,4774,4796,4818,4840,4862,4884,4928,4972,5148,5478,5566,5610,5632,5786,6006,6160,6314,6380,7128,7458,7568,7634,7678,7810,8096,8118,8162,8514,8712,11792],
"fitness": [15338.576172,15057.182617,14965.692383,14548.298828,14501.244141,14319.719727,14181.639648,14140.319336,14020.099609,13935.309570,13780.500977,13742.662109,13688.572266,13665.414062,13617.991211,13563.068359,13529.000000,13482.689453,13450.032227,13421.378906,13363.176758,13360.404297,13316.059570,13282.144531,13249.567383,13222.732422,13201.031250,13153.452148,13097.250000,13078.310547,13052.051758,13006.232422,13000.145508,12931.856445,12896.530273,12867.451172,12831.131836,12797.149414,12777.842773,12737.365234,12721.628906,12688.519531,12653.856445,12596.974609,12583.175781,12562.568359,12484.016602,12435.000000,12409.880859,12393.371094,12371.297852,12355.208008,12313.376953,12292.834961,12248.139648,12246.631836,12226.938477,12207.769531,12186.774414,12181.097656,12142.710938,12101.165039,12070.299805,12052.455078,12011.929688,11986.231445,11964.509766,11933.320312,11896.615234,11873.210938,11842.730469,11800.458984,11767.447266,11710.749023,11703.887695,11624.525391,11597.774414,11536.475586,11527.370117,11467.291992,11464.255859,11434.541992,11415.691406,11373.237305,11363.103516,11316.563477,11290.375000,11284.520508,11239.145508,11227.643555,11213.108398,11183.003906,11154.363281,11107.162109,11085.207031,11067.438477,11008.696289,10997.597656,10972.157227,10947.849609,10921.556641,10901.042969,10876.346680,10858.591797,10836.146484,10786.140625,10783.188477,10764.368164,10743.337891,10725.041992,10694.906250,10667.711914,10663.534180,10612.041016,10595.544922,10580.057617,10563.998047,10549.332031,10529.748047,10514.658203,10461.558594,10456.000000,10384.433594,10369.823242,10328.300781,10311.399414,10256.008789,10249.740234,10195.593750,10171.584961,10157.712891,10144.455078,10067.289062,10030.673828,10000.813477,9992.485352,9938.190430,9894.687500,9869.243164,9848.400391,9805.795898,9793.929688,9780.458008,9751.217773,9742.299805,9740.833008,9679.646484,9632.515625,9610.462891,9602.241211,9571.591797,9541.000000,9490.596680,9486.457031,9449.377930,9416.229492,9406.532227,9389.274414,9388.608398,9377.757812,9333.075195,9319.831055,9301.804688,9292.315430,9269.846680,9250.935547,9206.170898,9198.292969,9168.430664,9153.362305,9114.784180,9102.208008,9100.126953,9078.616211,9037.952148,9021.211914,9002.871094,8982.590820,8972.933594,8959.459961,8916.785156,8906.238281,8881.564453,8861.279297,8847.810547,8843.023438,8842.777344,8817.118164,8789.193359,8774.477539,8772.401367,8771.403320,8764.838867,8752.800781,8733.298828,8700.747070,8696.981445,8671.847656,8669.086914,8667.767578,8648.174805,8646.000000,8630.554688,8624.148438,8623.272461,8621.885742,8621.885742]
}