{
"iteraciones": [22,44,66,88,154,176,198,220,242,264,286,308,330,352,374,396,440,462,484,506,528,550,572,594,616,638,660,682,704,726,748,770,814,836,858,880,902,924,946,968,990,1012,1034,1056,1078,1100,1122,1144,1166,1188,1210,1232,1254,1276,1298,1320,1342,1364,1386,1408,1430,1452,1474,1496,1540,1562,1584,1606,1650,1672,1694,1716,1826,1848,1892,1914,1936,1958,1980,2002,2024,2068,2090,2112,2134,2156,2178,2200,2244,2266,2288,2310,2332,2354,2376,2398,2420,2442,2464,2508,2574,2596,2618,2640,2662,2684,2750,2772,2794,2838,2860,2882,2904,2926,2948,2970,2992,3014,3036,3058,3102,3124,3146,3168,3190,3212,3234,3256,3278,3300,3322,3344,3388,3432,3454,3476,3520,3542,3564,3630,3674,3718,3740,3762,3784,3806,3872,3894,3916,3960,4004,4026,4048,4070,4092,4158,4202,4224,4246,4268,4290,4312,4334,4378,4400,4466,4510,4576,4598,4642,4686,4708,4730,4774,4796,4840,4862,4884,4950,4972,5038,5060,5082,5104,5170,5236,5302,5324,5346,5390,5412,5588,5808,5874,5940,5962,6732,6996,7106,7172,7304,7634,9438,10406,13486],
"fitness": [15301.833984,15205.504883,14963.765625,14435.417969,14374.401367,14195.290039,14153.688477,14080.847656,13936.969727,13822.379883,13820.576172,13714.482422,13690.637695,13597.305664,13591.756836,13500.295898,13447.122070,13417.334961,13388.461914,13355.115234,13310.281250,13290.255859,13244.989258,13191.559570,13164.403320,13144.750000,13102.668945,13080.479492,13062.678711,13023.527344,12997.381836,12874.433594,12837.118164,12777.981445,12747.690430,12722.750977,12672.312500,12616.733398,12563.416016,12558.982422,12516.075195,12497.683594,12468.015625,12453.731445,12419.029297,12371.024414,12364.315430,12291.154297,12278.958008,12234.544922,12209.825195,12166.963867,12142.088867,12105.133789,12099.922852,12036.517578,12032.818359,11983.492188,11965.818359,11918.988281,11888.872070,11845.750977,11822.485352,11772.024414,11754.697266,11717.818359,11699.637695,11625.481445,11607.830078,11596.114258,11574.583008,11472.071289,11432.893555,11373.536133,11361.210938,11305.417969,11286.899414,11240.118164,11224.686523,11154.174805,11120.039062,11112.207031,11068.137695,11061.974609,10976.107422,10968.995117,10955.826172,10874.719727,10855.000000,10848.768555,10806.637695,10801.693359,10789.532227,10754.622070,10728.308594,10714.307617,10695.837891,10669.112305,10644.708008,10596.381836,10573.232422,10570.792969,10559.180664,10529.045898,10512.333008,10455.666016,10440.197266,10413.065430,10402.323242,10362.367188,10338.580078,10314.733398,10290.193359,10289.815430,10276.875000,10266.838867,10249.903320,10236.802734,10230.470703,10197.426758,10165.878906,10150.825195,10132.214844,10096.397461,10087.434570,10049.490234,10028.735352,9987.713867,9954.860352,9903.713867,9865.896484,9836.099609,9797.564453,9767.059570,9727.701172,9723.873047,9698.107422,9685.947266,9648.722656,9645.303711,9630.664062,9614.230469,9607.628906,9580.418945,9569.423828,9528.300781,9513.234375,9509.184570,9486.678711,9423.012695,9413.185547,9397.794922,9386.405273,9369.791992,9368.222656,9319.927734,9303.311523,9283.425781,9268.250000,9242.783203,9223.769531,9211.289062,9164.099609,9158.916016,9118.870117,9111.540039,9108.473633,9106.874023,9076.459961,9063.000000,9058.133789,9050.266602,9036.016602,9005.584961,8971.201172,8954.186523,8937.542969,8924.803711,8919.206055,8886.458008,8885.556641,8882.289062,8878.608398,8871.411133,8868.994141,8825.969727,8815.754883,8800.587891,8773.973633,8752.926758,8748.632812,8700.899414,8681.874023,8679.366211,8678.017578,8673.987305,8644.778320,8639.032227,8636.461914,8630.181641,8629.110352,8625.349609,8624.372070,8621.885742,8621.885742]
}