{
"iteraciones": [22,44,66,88,110,132,154,176,198,220,264,286,308,330,352,374,396,418,440,462,484,506,528,550,572,594,616,638,660,682,704,726,748,770,792,814,836,858,880,902,924,946,968,990,1034,1056,1100,1122,1144,1166,1210,1232,1254,1276,1298,1320,1342,1386,1408,1452,1474,1496,1518,1540,1562,1606,1628,1672,1694,1716,1738,1760,1782,1804,1826,1892,1914,2002,2024,2046,2068,2090,2134,2156,2178,2200,2222,2244,2266,2288,2310,2332,2354,2376,2420,2442,2464,2508,2530,2552,2596,2618,2640,2662,2684,2728,2750,2772,2816,2838,2860,2882,2904,2926,2970,2992,3014,3036,3058,3080,3124,3146,3190,3212,3234,3256,3300,3344,3366,3388,3410,3432,3454,3476,3498,3520,3542,3564,3586,3608,3630,3674,3696,3740,3762,3784,3828,3850,3872,3916,3938,3960,3982,4004,4026,4048,4092,4114,4136,4180,4202,4246,4268,4290,4466,4488,4510,4532,4554,4686,4708,4752,4796,4818,4862,4928,4972,4994,5016,5038,5060,5082,5126,5148,5170,5192,5214,5236,5280,5302,5324,5390,5632,5676,5808,5874,6050,6072,6094,6138,6182,6226,6248,6270,6424,6600,6622,6666,6842,7106,7150,7326,7502,8668,8712,9108,12188],
"fitness": [15237.657227,15132.726562,14959.752930,14824.740234,14655.705078,14512.418945,14448.555664,14220.363281,14176.574219,13951.448242,13902.335938,13822.096680,13765.115234,13734.372070,13626.656250,13605.819336,13558.326172,13524.373047,13512.000000,13453.476562,13441.060547,13410.538086,13399.351562,13318.492188,13307.414062,13265.509766,13204.836914,13177.943359,13157.932617,13133.070312,13121.035156,13100.448242,13077.615234,13055.600586,13027.761719,12979.641602,12937.260742,12908.357422,12885.091797,12868.014648,12829.676758,12789.107422,12772.296875,12721.964844,12700.344727,12647.274414,12615.317383,12574.007812,12534.519531,12485.490234,12456.951172,12398.280273,12393.950195,12336.445312,12325.698242,12300.054688,12217.529297,12187.274414,12165.971680,12116.008789,12067.982422,12048.085938,12019.806641,11987.101562,11901.784180,11886.024414,11844.041016,11795.128906,11760.242188,11699.291992,11687.820312,11635.185547,11583.920898,11538.944336,11460.034180,11393.571289,11338.459961,11325.322266,11292.406250,11287.084961,11271.056641,11239.635742,11214.065430,11201.404297,11183.853516,11142.676758,11117.203125,11096.381836,11087.037109,11040.948242,11030.703125,11005.106445,10977.913086,10932.112305,10896.598633,10879.145508,10870.323242,10869.500000,10806.651367,10784.268555,10779.760742,10762.072266,10714.032227,10685.139648,10675.071289,10638.027344,10588.769531,10577.247070,10555.777344,10503.934570,10496.454102,10495.140625,10455.521484,10446.589844,10430.048828,10415.172852,10411.729492,10401.851562,10381.486328,10369.106445,10331.657227,10306.428711,10275.867188,10272.845703,10241.000000,10225.147461,10204.176758,10195.831055,10176.905273,10169.118164,10146.550781,10142.736328,10119.894531,10094.676758,10083.247070,10057.717773,10019.104492,10018.915039,9980.178711,9975.563477,9920.632812,9907.870117,9880.673828,9859.032227,9843.303711,9789.715820,9751.110352,9748.113281,9705.370117,9686.705078,9669.216797,9660.945312,9657.640625,9609.113281,9607.656250,9570.358398,9567.000000,9532.181641,9495.416992,9455.417969,9417.872070,9410.787109,9400.532227,9364.663086,9363.540039,9360.568359,9352.085938,9347.530273,9290.757812,9277.647461,9226.799805,9223.245117,9211.321289,9200.930664,9182.040039,9172.406250,9139.892578,9122.324219,9090.469727,9089.557617,9066.281250,9042.327148,9011.792969,8999.068359,8998.168945,8980.932617,8975.251953,8973.519531,8961.658203,8941.969727,8930.780273,8926.299805,8925.307617,8893.436523,8884.929688,8873.136719,8861.518555,8858.569336,8828.475586,8825.819336,8820.962891,8818.368164,8811.942383,8798.905273,8744.046875,8707.735352,8689.742188,8645.632812,8640.554688,8637.860352,8636.372070,8634.814453,8632.393555,8630.741211,8625.290039,8621.885742,8621.885742]
}