{
"iteraciones": [44,88,132,154,176,198,242,264,286,308,330,352,396,418,462,484,528,550,572,594,616,660,682,704,726,748,770,792,814,836,858,880,902,924,946,968,990,1012,1034,1056,1078,1100,1122,1144,1210,1232,1254,1298,1320,1364,1386,1408,1430,1452,1474,1540,1562,1584,1606,1628,1650,1694,1716,1738,1760,1782,1804,1826,1848,1870,1914,1936,1958,1980,2002,2024,2046,2090,2112,2134,2156,2178,2200,2222,2244,2266,2288,2310,2332,2354,2398,2420,2442,2464,2486,2508,2530,2552,2574,2618,2706,2728,2750,2794,2816,2838,3014,3036,3058,3080,3102,3124,3146,3168,3234,3256,3300,3322,3344,3366,3388,3410,3454,3476,3498,3520,3542,3564,3586,3608,3630,3652,3674,3696,3718,3740,3762,3784,3806,3894,3916,3938,3960,3982,4004,4026,4070,4092,4114,4136,4180,4224,4246,4290,4312,4334,4378,4400,4444,4466,4488,4532,4554,4576,4598,4620,4642,4664,4686,4708,4752,4774,4796,4818,4840,4862,4884,4906,4928,4950,4972,4994,5016,5038,5082,5104,5126,5192,5214,5236,5258,5280,5302,5324,5368,5412,5434,5456,5522,5566,5588,5632,5654,5720,5742,5764,5786,5808,5830,5852,5874,5940,5962,5984,6006,6072,6138,6160,6248,6292,6314,6380,6424,6468,6490,6512,6534,6600,6666,6688,6710,6754,6798,6842,6864,6886,6930,6952,6996,7040,7106,7128,7150,7172,7194,7216,7260,7282,7348,7502,7590,7634,7700,7722,7898,7920,7942,7964,8030,8316,8338,8360,8426,8448,8470,8624,8976,8998,9064,9372,10054,11242,11286,14366],
"fitness": [14807.213867,14558.927734,14417.696289,14409.252930,14293.960938,14077.109375,14008.590820,13882.751953,13803.992188,13675.403320,13651.784180,13508.979492,13474.272461,13351.744141,13314.004883,13258.251953,13210.572266,13174.552734,13147.193359,13113.331055,13055.040039,13051.150391,13030.698242,12984.287109,12956.217773,12931.178711,12930.459961,12918.068359,12854.987305,12848.090820,12813.141602,12768.613281,12757.000977,12725.192383,12699.977539,12675.000000,12643.708984,12639.258789,12609.547852,12606.329102,12579.165039,12550.472656,12542.365234,12482.647461,12469.784180,12450.217773,12392.184570,12388.315430,12313.025391,12311.644531,12309.552734,12281.829102,12271.233398,12261.000000,12214.558594,12210.809570,12194.955078,12172.630859,12167.428711,12158.075195,12100.259766,12090.550781,12080.243164,12008.019531,11995.780273,11988.342773,11967.507812,11943.090820,11904.166992,11871.811523,11856.384766,11840.634766,11824.845703,11809.963867,11790.656250,11786.958008,11759.467773,11742.130859,11728.269531,11700.801758,11693.219727,11670.105469,11659.366211,11633.564453,11616.661133,11589.016602,11567.055664,11541.496094,11532.633789,11511.091797,11506.716797,11500.986328,11474.574219,11459.427734,11453.322266,11439.345703,11427.749023,11409.166016,11395.906250,11369.883789,11363.083008,11361.708008,11334.762695,11329.189453,11320.369141,11284.247070,11276.655273,11257.978516,11241.597656,11239.400391,11218.188477,11201.906250,11196.071289,11167.174805,11164.077148,11127.236328,11120.023438,11104.439453,11092.881836,11087.898438,11067.670898,11066.654297,11057.342773,11038.186523,11026.233398,11015.862305,11009.423828,10999.417969,10998.559570,10985.161133,10982.240234,10976.000000,10956.160156,10947.539062,10938.000000,10925.188477,10915.459961,10901.286133,10878.419922,10866.006836,10851.416992,10847.587891,10834.507812,10814.261719,10810.346680,10786.961914,10765.474609,10741.941406,10724.752930,10707.148438,10696.574219,10686.750977,10675.532227,10659.129883,10647.991211,10635.285156,10612.165039,10585.852539,10564.833984,10559.351562,10546.180664,10526.987305,10508.887695,10500.623047,10482.836914,10459.737305,10456.083008,10441.649414,10439.332031,10413.088867,10395.476562,10378.005859,10361.804688,10340.287109,10338.916992,10330.875977,10317.603516,10315.470703,10292.779297,10277.688477,10276.918945,10246.840820,10242.262695,10189.016602,10165.164062,10142.658203,10119.820312,10073.013672,10069.801758,10053.959961,10036.258789,9988.720703,9986.467773,9950.000000,9919.904297,9907.484375,9881.048828,9852.179688,9832.455078,9816.888672,9801.869141,9776.935547,9768.453125,9750.970703,9743.748047,9721.355469,9718.350586,9694.555664,9682.167969,9680.578125,9657.149414,9636.940430,9613.733398,9605.148438,9598.577148,9579.777344,9534.663086,9491.513672,9471.725586,9470.668945,9434.049805,9360.887695,9327.624023,9307.608398,9290.117188,9275.060547,9266.881836,9239.490234,9215.406250,9210.537109,9183.405273,9168.401367,9147.148438,9134.274414,9115.057617,9074.800781,9044.964844,9032.435547,9002.119141,8990.082031,8969.512695,8952.499023,8885.107422,8874.478516,8860.383789,8841.683594,8813.402344,8783.667969,8777.272461,8775.487305,8770.674805,8765.448242,8760.930664,8738.202148,8735.758789,8717.701172,8715.958984,8708.143555,8697.962891,8694.056641,8687.007812,8667.408203,8664.549805,8657.602539,8656.210938,8655.018555,8654.983398,8650.689453,8649.504883,8648.087891,8626.612305,8623.272461,8621.885742,8621.885742]
}