{
"iteraciones": [22,44,66,88,110,132,154,176,198,220,242,264,286,308,352,374,396,418,440,462,484,550,572,594,616,638,660,682,704,726,748,770,792,814,836,858,880,902,924,946,968,990,1012,1034,1056,1078,1122,1144,1166,1188,1210,1232,1254,1276,1320,1342,1364,1386,1408,1430,1452,1496,1518,1540,1562,1584,1606,1650,1672,1694,1738,1782,1804,1826,1848,1870,1892,1914,1958,1980,2002,2024,2046,2068,2090,2112,2134,2156,2178,2200,2266,2310,2332,2354,2376,2398,2420,2442,2464,2486,2508,2530,2552,2574,2596,2618,2662,2706,2750,2772,2794,2816,2838,2860,2882,2904,2948,2970,3014,3036,3058,3080,3102,3124,3146,3168,3190,3234,3256,3278,3300,3344,3366,3410,3432,3476,3520,3542,3564,3586,3652,3674,3696,3718,3740,3762,3784,3806,3828,3872,3894,4004,4026,4048,4070,4092,4114,4136,4158,4180,4202,4224,4246,4290,4312,4356,4378,4444,4488,4510,4554,4576,4620,4664,4686,4708,4730,4752,4818,4884,4950,4972,4994,5016,5060,5148,5170,5192,5214,5258,5280,5324,5368,5390,5500,5544,5566,5610,5676,5764,5852,5874,5918,5984,6204,6358,6446,6468,7062,7172,7260,7282,7524,7656,7678,9064,10274,10362,12100,15180],
"fitness": [15435.888672,15105.558594,14841.961914,14682.883789,14570.242188,14506.307617,14393.009766,14272.573242,14067.253906,13990.934570,13936.328125,13750.540039,13721.503906,13566.000000,13480.755859,13450.263672,13386.524414,13332.265625,13299.683594,13248.847656,13169.918945,13160.158203,13143.674805,13091.949219,13086.818359,13042.041992,13018.902344,12989.427734,12949.164062,12908.176758,12876.687500,12870.655273,12843.326172,12824.051758,12787.917969,12783.908203,12760.295898,12730.222656,12690.407227,12644.794922,12642.563477,12607.520508,12582.233398,12562.686523,12545.532227,12527.893555,12504.000000,12462.936523,12460.853516,12436.728516,12431.579102,12397.724609,12368.994141,12320.328125,12269.992188,12242.549805,12223.492188,12187.639648,12095.166992,12092.097656,12075.475586,12029.716797,11993.506836,11985.885742,11956.334961,11940.600586,11869.979492,11851.283203,11823.592773,11779.815430,11752.682617,11727.175781,11706.427734,11684.295898,11676.880859,11650.850586,11636.617188,11594.819336,11587.721680,11558.838867,11519.959961,11514.085938,11489.192383,11475.511719,11447.202148,11431.486328,11421.426758,11394.813477,11368.444336,11283.622070,11269.666992,11258.138672,11243.688477,11227.694336,11205.825195,11198.003906,11179.972656,11161.496094,11143.233398,11139.189453,11127.310547,11116.413086,11088.084961,11080.534180,11062.270508,11018.604492,10958.965820,10929.996094,10920.089844,10889.596680,10843.723633,10798.463867,10796.260742,10757.627930,10720.854492,10697.025391,10665.319336,10642.555664,10623.868164,10617.751953,10583.491211,10580.712891,10558.791992,10554.221680,10539.801758,10522.461914,10514.759766,10507.186523,10491.351562,10472.880859,10471.629883,10445.675781,10386.932617,10385.236328,10310.607422,10301.165039,10285.171875,10250.722656,10233.333984,10197.042969,10191.357422,10179.218750,10136.007812,10109.442383,10096.845703,10087.965820,10054.149414,10044.728516,9990.000000,9914.447266,9863.872070,9820.453125,9803.625977,9761.259766,9757.645508,9750.741211,9733.958008,9715.433594,9684.870117,9655.785156,9627.641602,9612.009766,9594.278320,9580.644531,9569.190430,9537.220703,9497.685547,9479.450195,9434.461914,9420.211914,9385.490234,9355.467773,9334.712891,9328.005859,9304.723633,9302.349609,9287.209961,9279.650391,9275.154297,9264.352539,9233.050781,9211.724609,9175.747070,9136.183594,9118.173828,9113.977539,9076.480469,9045.715820,9014.600586,8995.635742,8956.748047,8933.102539,8928.204102,8893.927734,8882.914062,8862.174805,8844.799805,8839.311523,8824.267578,8797.258789,8791.784180,8762.891602,8748.777344,8746.966797,8744.959961,8740.992188,8739.928711,8718.074219,8698.316406,8696.922852,8680.617188,8677.111328,8661.608398,8648.709961,8646.230469,8626.661133,8624.148438,8623.272461,8621.885742,8621.885742]
}