{
"iteraciones": [22,44,66,88,110,132,154,176,198,220,242,264,286,308,330,352,374,396,418,440,462,484,506,528,550,572,616,638,660,682,726,748,792,836,858,880,902,924,946,968,990,1012,1034,1056,1100,1122,1144,1166,1210,1232,1254,1276,1298,1320,1364,1386,1408,1430,1452,1474,1496,1518,1540,1562,1584,1606,1628,1672,1694,1738,1760,1782,1804,1826,1848,1870,1892,1914,1936,1958,1980,2002,2024,2046,2068,2090,2112,2134,2156,2178,2200,2222,2244,2266,2288,2310,2332,2354,2376,2420,2442,2464,2486,2508,2530,2552,2574,2596,2618,2640,2684,2706,2750,2772,2794,2816,2860,2882,2948,2970,2992,3014,3036,3080,3124,3168,3190,3212,3256,3278,3300,3322,3344,3388,3432,3454,3476,3498,3520,3542,3586,3608,3630,3718,3806,3872,3916,3938,4004,4070,4092,4114,4136,4158,4224,4246,4268,4290,4312,4356,4400,4422,4444,4554,4576,4708,4884,4906,4928,4950,4994,5016,5170,5258,5412,5456,5544,5588,5676,5698,5984,6204,6424,7150,8118,8360,9064,9108,12188],
"fitness": [15187.002930,15015.331055,14695.176758,14642.915039,14552.714844,14403.541016,14163.362305,14086.959961,13963.461914,13876.186523,13774.316406,13661.009766,13606.741211,13557.984375,13455.262695,13365.296875,13343.220703,13303.621094,13212.896484,13163.977539,13160.331055,13111.250000,13031.695312,12995.036133,12968.895508,12865.317383,12814.907227,12807.853516,12777.218750,12706.098633,12672.273438,12631.223633,12580.187500,12521.597656,12510.485352,12462.973633,12424.458984,12413.308594,12367.881836,12334.436523,12331.955078,12308.143555,12264.019531,12221.775391,12144.153320,12121.009766,12035.238281,11975.920898,11952.314453,11891.833984,11867.066406,11798.177734,11749.777344,11701.931641,11668.000000,11619.877930,11612.161133,11570.651367,11527.756836,11456.426758,11437.327148,11409.750000,11365.874023,11334.383789,11321.288086,11295.658203,11221.692383,11194.218750,11128.093750,11067.246094,11023.793945,11001.909180,10940.872070,10927.000000,10863.090820,10850.037109,10780.448242,10776.349609,10736.896484,10727.269531,10682.557617,10664.540039,10643.675781,10600.821289,10591.136719,10565.233398,10532.228516,10530.282227,10468.443359,10413.865234,10367.436523,10314.472656,10280.613281,10246.424805,10238.021484,10188.047852,10162.258789,10139.283203,10116.147461,10094.348633,10091.541992,10081.992188,10070.188477,10038.428711,9991.032227,9988.026367,9975.400391,9936.100586,9920.607422,9881.521484,9860.739258,9811.425781,9808.584961,9801.447266,9788.053711,9737.787109,9732.149414,9678.991211,9651.629883,9645.518555,9601.142578,9593.322266,9544.207031,9509.514648,9481.894531,9471.180664,9454.386719,9419.576172,9395.964844,9362.846680,9354.374023,9327.870117,9299.808594,9277.847656,9272.106445,9262.859375,9249.846680,9248.778320,9245.157227,9208.174805,9188.954102,9167.482422,9135.601562,9123.961914,9099.637695,9085.975586,9063.394531,9054.968750,9042.458984,8998.939453,8987.017578,8973.439453,8951.945312,8943.791016,8939.306641,8930.142578,8925.651367,8923.484375,8918.608398,8872.231445,8847.556641,8825.073242,8801.375000,8779.390625,8768.535156,8754.069336,8752.526367,8734.347656,8726.544922,8713.882812,8702.209961,8684.552734,8678.368164,8663.427734,8659.057617,8658.468750,8657.558594,8654.128906,8652.363281,8648.254883,8647.230469,8639.824219,8638.793945,8634.992188,8630.741211,8629.205078,8625.290039,8621.885742,8621.885742]
}