{
"iteraciones": [22,44,66,88,132,154,176,198,220,242,286,308,330,352,374,396,440,462,484,506,528,550,572,594,616,638,660,682,704,726,748,792,814,858,880,902,946,968,990,1012,1056,1078,1100,1122,1144,1166,1188,1210,1254,1276,1298,1320,1342,1386,1408,1430,1452,1474,1496,1518,1540,1562,1584,1606,1628,1650,1672,1694,1716,1738,1760,1782,1804,1826,1848,1870,1892,1914,1936,1958,1980,2002,2068,2090,2134,2178,2200,2222,2244,2266,2310,2332,2354,2398,2442,2486,2508,2530,2552,2574,2618,2662,2684,2706,2728,2750,2772,2860,2882,2926,2970,2992,3014,3036,3058,3080,3102,3124,3168,3212,3234,3256,3278,3300,3388,3410,3432,3476,3498,3520,3542,3564,3608,3630,3652,3674,3696,3718,3740,3762,3784,3806,3828,3850,3872,3894,3916,3982,4004,4026,4048,4070,4114,4136,4158,4180,4202,4246,4268,4290,4312,4334,4356,4378,4422,4444,4488,4554,4576,4620,4642,4664,4686,4730,4752,4774,4796,4818,4862,4906,4928,4950,4994,5038,5060,5082,5104,5170,5192,5214,5236,5258,5302,5368,5434,5456,5500,5522,5544,5566,5588,5632,5654,5676,5698,5742,5852,5896,5940,6006,6028,6050,6072,6116,6160,6226,6688,6710,6732,6754,6776,6820,6908,6952,7062,7304,7326,7348,8052,8778,9284,9812,11418,14498],
"fitness": [15270.117188,15157.585938,14980.299805,14541.475586,14308.210938,14300.902344,14171.205078,14013.749023,14003.700195,13914.726562,13852.089844,13811.000000,13787.363281,13721.133789,13679.532227,13629.357422,13557.402344,13521.208008,13507.000000,13464.059570,13428.730469,13397.259766,13363.743164,13349.157227,13307.667969,13275.653320,13242.731445,13186.513672,13167.958984,13139.551758,13084.790039,13036.163086,13031.136719,12978.153320,12960.713867,12926.521484,12894.170898,12860.734375,12814.370117,12743.833984,12726.385742,12716.088867,12697.887695,12655.383789,12639.673828,12630.593750,12595.000000,12557.655273,12541.286133,12502.007812,12445.376953,12441.765625,12365.953125,12333.939453,12302.926758,12267.275391,12207.401367,12204.272461,12191.107422,12168.532227,12146.128906,12120.304688,12092.474609,12081.496094,12063.846680,12043.611328,12018.028320,11987.773438,11946.633789,11916.132812,11888.751953,11878.090820,11869.043945,11840.273438,11829.000000,11812.432617,11788.708984,11786.395508,11755.674805,11725.525391,11719.900391,11654.781250,11631.656250,11608.602539,11597.080078,11560.306641,11516.373047,11497.692383,11461.033203,11416.541016,11384.507812,11351.859375,11335.146484,11319.295898,11286.638672,11253.473633,11239.816406,11194.702148,11188.394531,11137.965820,11117.970703,11103.900391,11078.684570,11063.271484,11060.596680,11045.556641,10983.042969,10952.995117,10915.481445,10908.218750,10890.763672,10875.833008,10854.779297,10831.024414,10801.812500,10785.151367,10775.590820,10757.726562,10714.757812,10697.155273,10684.117188,10673.128906,10649.562500,10630.410156,10612.681641,10587.577148,10547.743164,10538.579102,10493.010742,10473.980469,10454.852539,10421.827148,10399.799805,10388.515625,10363.508789,10338.563477,10327.364258,10301.092773,10289.430664,10271.508789,10234.936523,10185.571289,10182.381836,10161.516602,10126.873047,10104.934570,10089.069336,10075.209961,10027.515625,10022.721680,10004.950195,9982.559570,9972.250000,9953.956055,9941.122070,9913.000000,9881.171875,9880.724609,9861.337891,9855.286133,9838.004883,9808.402344,9775.895508,9753.325195,9731.542969,9725.000000,9689.297852,9630.528320,9618.451172,9598.353516,9579.952148,9551.853516,9536.206055,9535.885742,9501.896484,9454.700195,9448.739258,9435.512695,9419.624023,9415.837891,9400.054688,9367.333984,9340.233398,9292.115234,9289.869141,9232.129883,9230.707031,9215.598633,9210.392578,9193.247070,9186.864258,9168.089844,9153.557617,9144.401367,9107.533203,9100.059570,9094.904297,9077.210938,9076.755859,9066.461914,9064.526367,9057.625000,9047.350586,9037.819336,9030.646484,9018.171875,8986.838867,8976.739258,8931.666016,8929.519531,8920.232422,8917.342773,8912.745117,8907.498047,8876.079102,8808.518555,8776.833008,8759.847656,8732.637695,8731.648438,8702.539062,8701.712891,8699.541992,8690.270508,8674.961914,8671.442383,8647.741211,8638.577148,8636.156250,8634.473633,8630.668945,8628.142578,8621.885742,8621.885742]
}