{
"iteraciones": [22,44,66,88,110,132,154,198,220,242,264,286,308,330,352,374,396,418,440,484,506,528,550,572,616,638,660,682,726,748,770,792,814,836,858,880,902,924,968,990,1012,1056,1078,1100,1122,1144,1166,1188,1210,1232,1254,1276,1298,1342,1364,1386,1408,1452,1474,1518,1540,1562,1584,1606,1628,1650,1672,1694,1716,1738,1760,1782,1848,1892,1914,1936,1958,1980,2002,2046,2068,2090,2112,2134,2156,2178,2200,2244,2266,2288,2310,2332,2354,2376,2398,2420,2442,2464,2486,2508,2530,2552,2574,2640,2662,2706,2728,2816,2838,2860,2882,2904,2926,2948,2992,3014,3058,3080,3124,3146,3168,3190,3212,3234,3256,3278,3322,3344,3366,3388,3410,3432,3454,3476,3498,3586,3608,3652,3674,3696,3718,3740,3762,3784,3806,3850,3872,3894,3916,3938,3960,3982,4026,4048,4114,4136,4180,4202,4224,4356,4400,4422,4444,4466,4510,4532,4598,4642,4664,4686,4708,4884,4906,4928,4950,4994,5038,5060,5082,5104,5126,5148,5192,5236,5258,5280,5302,5544,5566,5588,5632,5654,5676,5720,5764,5786,5808,5830,5874,5918,5962,5984,6006,6028,6050,6160,6182,6204,6226,6248,6292,6490,6688,6732,6908,6930,6952,7062,7106,7370,7414,7436,7876,8140,8206,8426,9306,10186,10208,10824,13904],
"fitness": [15139.549805,15030.892578,14901.494141,14628.359375,14583.625000,14332.042969,14130.181641,13867.436523,13823.770508,13759.853516,13653.239258,13638.782227,13573.192383,13425.612305,13305.924805,13278.731445,13217.284180,13211.070312,13089.310547,13068.808594,13050.105469,13010.557617,13002.188477,12957.185547,12940.486328,12891.437500,12810.740234,12732.639648,12707.167969,12702.392578,12650.882812,12642.151367,12599.495117,12544.064453,12521.911133,12503.593750,12483.140625,12420.260742,12380.298828,12372.125977,12311.900391,12290.088867,12254.448242,12232.135742,12212.089844,12193.000000,12165.492188,12110.997070,12107.957031,12092.507812,12057.941406,12045.583984,12018.727539,11965.316406,11943.734375,11935.972656,11881.735352,11869.572266,11824.173828,11782.617188,11764.122070,11754.261719,11747.058594,11719.729492,11714.946289,11687.817383,11682.987305,11638.598633,11632.662109,11575.929688,11572.707031,11531.486328,11508.681641,11494.071289,11443.222656,11426.917969,11412.704102,11398.085938,11349.841797,11326.013672,11314.376953,11305.933594,11278.418945,11257.589844,11236.269531,11226.753906,11195.546875,11170.179688,11168.544922,11148.417969,11129.592773,11111.967773,11110.372070,11092.400391,11076.616211,11066.746094,11053.392578,11034.396484,11014.152344,10995.670898,10993.458984,10961.558594,10926.617188,10921.287109,10882.882812,10868.843750,10821.634766,10805.575195,10793.733398,10777.000000,10753.880859,10741.890625,10713.233398,10684.399414,10654.555664,10618.296875,10586.144531,10547.246094,10523.342773,10516.665039,10481.291016,10475.649414,10442.568359,10432.270508,10429.345703,10411.175781,10397.449219,10392.412109,10387.919922,10365.948242,10329.649414,10326.326172,10325.160156,10286.766602,10211.675781,10203.248047,10181.909180,10151.640625,10142.865234,10115.846680,10096.562500,10086.364258,10060.222656,10046.181641,10025.112305,10011.485352,9979.248047,9948.452148,9933.748047,9904.525391,9900.190430,9891.152344,9868.465820,9826.030273,9816.759766,9788.527344,9769.543945,9760.858398,9701.195312,9640.196289,9631.458008,9589.848633,9572.822266,9534.850586,9531.238281,9519.775391,9501.043945,9493.431641,9489.407227,9482.003906,9426.543945,9413.740234,9397.914062,9380.095703,9331.228516,9330.239258,9322.502930,9263.535156,9239.286133,9199.724609,9173.977539,9139.560547,9120.760742,9087.134766,9074.138672,9071.000000,9041.611328,9040.007812,8999.128906,8992.600586,8950.577148,8946.228516,8908.702148,8899.804688,8884.808594,8878.601562,8865.946289,8853.794922,8847.984375,8844.000000,8837.973633,8832.968750,8819.789062,8804.549805,8796.052734,8793.280273,8781.620117,8780.760742,8774.098633,8773.462891,8755.203125,8740.063477,8712.084961,8680.930664,8678.935547,8676.082031,8675.178711,8670.596680,8667.984375,8666.323242,8664.863281,8663.115234,8657.750977,8643.135742,8633.072266,8632.829102,8628.175781,8625.000000,8624.148438,8621.885742,8621.885742]
}