{
"iteraciones": [22,44,66,88,110,132,154,176,198,220,242,264,286,308,330,352,396,418,462,484,506,528,550,572,616,638,660,682,704,726,748,770,792,836,858,880,902,924,946,968,990,1012,1034,1056,1078,1100,1122,1144,1166,1188,1210,1232,1254,1276,1298,1320,1342,1364,1386,1408,1430,1452,1474,1496,1518,1562,1606,1628,1650,1694,1760,1782,1804,1826,1848,1870,1892,1914,1936,1958,1980,2002,2024,2046,2068,2090,2112,2134,2156,2178,2200,2222,2244,2266,2288,2310,2332,2354,2376,2398,2420,2442,2464,2486,2530,2552,2574,2596,2618,2640,2684,2706,2728,2750,2772,2794,2816,2838,2860,2904,2926,2970,2992,3058,3124,3212,3234,3256,3278,3300,3322,3344,3366,3388,3410,3432,3476,3498,3520,3542,3586,3608,3652,3674,3696,3718,3740,3762,3784,3806,3828,3850,3872,3960,3982,4026,4048,4070,4092,4158,4180,4202,4224,4246,4290,4334,4378,4466,4488,4510,4532,4554,4576,4620,4708,4730,4774,4840,4884,4950,4972,4994,5060,5082,5104,5126,5148,5258,5280,5302,5346,5368,5434,5456,5478,5676,5698,5720,5742,5764,5786,5852,5896,5918,5940,5984,6050,6138,6160,6182,6226,6248,6270,6314,6336,6402,6424,6446,6556,6600,6622,6864,6908,7062,7502,7678,7744,7898,8602,8844,9966,10054,13134],
"fitness": [15198.548828,14979.490234,14781.045898,14673.026367,14509.117188,14374.758789,14214.030273,14119.438477,14009.804688,13905.651367,13785.236328,13734.327148,13698.313477,13544.075195,13476.914062,13413.924805,13314.488281,13188.172852,13164.840820,13117.720703,13098.170898,13035.774414,13024.145508,12976.390625,12952.460938,12894.627930,12867.472656,12849.248047,12828.662109,12786.595703,12781.741211,12748.113281,12706.052734,12681.582031,12653.912109,12644.449219,12586.018555,12570.391602,12528.915039,12517.443359,12485.825195,12441.734375,12419.444336,12387.122070,12356.973633,12347.087891,12319.854492,12294.093750,12279.547852,12241.014648,12207.396484,12193.000000,12172.103516,12137.587891,12054.684570,12049.826172,12032.574219,12017.912109,11984.875977,11927.066406,11919.477539,11895.345703,11880.500000,11859.892578,11829.693359,11811.245117,11808.933594,11771.074219,11751.265625,11735.551758,11719.021484,11675.435547,11656.690430,11636.806641,11622.987305,11608.156250,11579.996094,11538.309570,11487.395508,11484.162109,11453.926758,11397.685547,11395.986328,11381.896484,11324.236328,11296.738281,11277.224609,11262.386719,11261.159180,11239.256836,11210.097656,11184.714844,11162.336914,11141.224609,11135.211914,11126.268555,11108.490234,11094.782227,11073.847656,11062.462891,11025.181641,11019.865234,10990.141602,10966.654297,10953.284180,10945.494141,10903.526367,10898.109375,10882.542969,10841.848633,10823.595703,10811.311523,10794.784180,10764.253906,10750.000000,10720.607422,10716.482422,10706.183594,10666.929688,10636.739258,10585.868164,10563.503906,10553.480469,10521.029297,10491.360352,10479.802734,10472.206055,10465.704102,10452.120117,10436.902344,10408.597656,10401.621094,10377.657227,10370.500977,10362.262695,10339.310547,10291.474609,10283.875977,10255.883789,10238.883789,10225.966797,10130.953125,10119.526367,10092.520508,10044.622070,10032.829102,10006.291992,9969.024414,9950.061523,9932.712891,9905.731445,9895.925781,9812.926758,9792.257812,9781.772461,9780.845703,9769.506836,9761.862305,9760.571289,9743.444336,9687.787109,9685.269531,9668.596680,9628.652344,9599.005859,9595.820312,9557.355469,9534.880859,9531.713867,9516.046875,9468.375977,9460.351562,9445.167969,9432.647461,9408.719727,9363.708984,9352.726562,9347.775391,9319.689453,9303.162109,9295.542969,9260.628906,9259.041016,9253.315430,9224.055664,9219.861328,9186.200195,9178.461914,9177.018555,9159.507812,9146.514648,9134.570312,9131.356445,9119.912109,9050.311523,9045.979492,9018.847656,8997.317383,8981.184570,8968.350586,8957.040039,8956.855469,8943.799805,8932.936523,8931.507812,8927.145508,8891.263672,8871.637695,8869.284180,8847.267578,8829.771484,8825.451172,8802.723633,8801.055664,8795.040039,8793.886719,8790.950195,8774.681641,8751.116211,8749.090820,8719.248047,8709.696289,8706.532227,8701.424805,8694.014648,8692.718750,8691.997070,8652.138672,8651.321289,8636.473633,8623.272461,8621.885742,8621.885742]
}