{
"iteraciones": [22,44,66,88,110,132,154,176,198,220,242,264,286,330,374,396,418,440,462,484,506,528,550,572,594,638,660,682,704,726,748,770,792,814,836,858,880,902,924,946,968,990,1012,1034,1056,1078,1100,1144,1166,1210,1232,1254,1276,1298,1320,1342,1364,1386,1408,1430,1452,1474,1496,1540,1562,1584,1606,1628,1650,1694,1716,1738,1760,1782,1804,1826,1848,1870,1892,1914,1958,1980,2002,2024,2046,2068,2090,2112,2134,2156,2178,2200,2222,2244,2266,2310,2332,2354,2376,2398,2420,2442,2464,2486,2508,2530,2552,2596,2618,2640,2662,2706,2728,2750,2772,2816,2838,2860,2926,2948,2970,2992,3014,3036,3058,3080,3124,3146,3168,3190,3212,3234,3256,3278,3300,3344,3366,3388,3410,3454,3476,3498,3520,3564,3586,3630,3652,3674,3696,3740,3762,3784,3806,3828,3872,3894,3916,3938,3960,3982,4004,4048,4070,4136,4158,4202,4246,4268,4290,4312,4334,4356,4400,4422,4510,4532,4576,4620,4664,4708,4730,4752,4774,4796,4818,4840,4906,4928,4972,4994,5016,5060,5104,5126,5170,5192,5214,5236,5258,5324,5346,5390,5412,5456,5478,5566,5654,5808,5830,5918,5984,6446,6512,6556,6732,6776,6798,6820,6908,6952,6974,7040,7062,7106,7172,7348,7964,7986,8008,8052,8096,8294,8338,8382,8910,8954,8976,8998,9020,9042,12122],
"fitness": [15394.753906,15249.394531,15043.856445,14888.200195,14835.356445,14738.293945,14583.832031,14382.612305,14199.720703,14187.799805,14047.852539,14038.056641,13907.772461,13799.138672,13756.081055,13709.174805,13636.615234,13624.155273,13559.516602,13517.209961,13442.189453,13405.555664,13359.487305,13283.289062,13242.875000,13224.636719,13200.783203,13167.000000,13114.249023,13073.561523,13052.244141,13037.530273,13015.669922,12993.964844,12963.871094,12927.812500,12907.301758,12883.625977,12854.875977,12819.316406,12769.348633,12757.829102,12734.169922,12690.521484,12649.003906,12648.188477,12628.005859,12607.406250,12567.378906,12543.427734,12535.541992,12509.319336,12458.308594,12449.987305,12399.909180,12349.528320,12344.139648,12303.312500,12278.205078,12264.810547,12249.084961,12231.553711,12150.549805,12146.400391,12098.227539,12082.818359,12050.390625,12026.550781,11995.095703,11958.092773,11951.799805,11943.310547,11907.993164,11896.114258,11874.086914,11866.429688,11834.069336,11806.321289,11757.554688,11728.174805,11720.182617,11691.322266,11679.811523,11673.441406,11636.350586,11621.860352,11606.004883,11593.118164,11572.145508,11546.342773,11522.383789,11514.952148,11487.005859,11446.769531,11403.704102,11388.942383,11373.500977,11364.927734,11341.583008,11322.395508,11266.570312,11239.082031,11235.866211,11226.266602,11187.863281,11176.356445,11153.513672,11127.501953,11118.294922,11088.458008,11051.771484,11034.234375,11016.563477,10995.656250,10991.846680,10975.411133,10974.777344,10949.299805,10930.540039,10901.602539,10866.661133,10835.010742,10810.076172,10792.913086,10782.680664,10740.949219,10713.211914,10699.218750,10662.133789,10625.816406,10618.281250,10615.546875,10614.819336,10600.385742,10547.199219,10540.876953,10489.720703,10462.817383,10419.510742,10405.812500,10383.600586,10368.217773,10363.523438,10356.906250,10322.355469,10297.001953,10284.119141,10253.387695,10208.219727,10168.494141,10151.658203,10133.708984,10129.591797,10087.359375,10083.320312,10082.178711,10027.532227,10016.410156,9994.740234,9980.509766,9955.000000,9950.211914,9920.388672,9893.174805,9871.815430,9866.579102,9855.462891,9815.781250,9782.243164,9778.541016,9754.643555,9741.082031,9739.520508,9702.270508,9691.477539,9671.741211,9648.500000,9624.962891,9614.510742,9583.403320,9547.710938,9516.022461,9512.977539,9511.772461,9502.919922,9473.942383,9471.139648,9386.071289,9358.547852,9345.675781,9328.398438,9302.953125,9299.500000,9265.687500,9225.817383,9214.000000,9178.205078,9167.803711,9150.422852,9130.751953,9103.746094,9082.000000,9069.171875,9068.000000,9038.902344,9023.391602,8991.288086,8990.483398,8985.853516,8977.416992,8940.897461,8906.120117,8867.524414,8863.638672,8843.665039,8833.256836,8828.080078,8805.801758,8787.697266,8759.448242,8743.579102,8732.662109,8727.715820,8716.503906,8713.916992,8691.022461,8680.761719,8676.977539,8674.232422,8652.586914,8651.558594,8646.476562,8641.073242,8640.484375,8633.744141,8632.654297,8626.720703,8624.372070,8623.272461,8621.885742,8621.885742]
}