{
"iteraciones": [22,44,66,88,110,132,154,176,198,220,242,264,286,308,330,374,396,418,440,462,484,506,528,550,572,594,616,638,660,682,704,726,748,770,792,814,836,858,880,902,924,946,990,1012,1034,1056,1078,1100,1122,1144,1166,1188,1210,1232,1254,1276,1298,1320,1342,1364,1386,1430,1452,1496,1518,1540,1584,1606,1628,1650,1672,1694,1716,1738,1760,1782,1804,1826,1870,1892,1914,1936,1958,1980,2002,2024,2068,2090,2112,2134,2156,2178,2200,2222,2244,2288,2310,2332,2354,2376,2398,2420,2442,2464,2486,2530,2552,2574,2596,2640,2662,2706,2750,2772,2794,2816,2838,2860,2882,2970,2992,3014,3036,3058,3080,3102,3124,3146,3190,3212,3234,3256,3278,3300,3322,3344,3366,3388,3410,3432,3454,3498,3542,3586,3608,3630,3652,3674,3696,3718,3740,3850,3872,3894,3916,3938,3960,3982,4004,4070,4092,4114,4136,4158,4180,4202,4224,4246,4268,4290,4378,4400,4444,4510,4730,4752,4774,4818,4840,4862,4884,4950,5038,5104,5148,5214,5258,5544,5786,5808,5830,5852,5874,5918,6204,6314,6336,6974,8910,11990],
"fitness": [15192.636719,14920.195312,14856.101562,14618.808594,14609.550781,14371.937500,14273.242188,14252.739258,14082.964844,13920.541992,13802.992188,13740.663086,13641.583008,13599.682617,13423.669922,13357.009766,13307.128906,13270.701172,13223.860352,13208.581055,13186.534180,13149.166016,13112.681641,13080.400391,13063.138672,13009.379883,12979.062500,12940.844727,12919.089844,12839.773438,12828.997070,12786.070312,12746.690430,12738.340820,12708.808594,12690.433594,12657.573242,12632.000000,12595.015625,12564.863281,12527.704102,12485.044922,12414.422852,12406.356445,12376.005859,12337.781250,12287.362305,12254.511719,12241.816406,12221.376953,12202.515625,12128.513672,12115.505859,12084.932617,12060.232422,12009.962891,12004.951172,11952.831055,11939.902344,11918.798828,11868.615234,11808.983398,11755.849609,11738.681641,11697.485352,11633.828125,11578.027344,11571.168945,11518.988281,11485.640625,11476.194336,11454.357422,11427.954102,11396.453125,11337.373047,11317.470703,11290.089844,11239.025391,11180.186523,11151.655273,11134.421875,11114.692383,11070.594727,11060.641602,11005.778320,10959.115234,10900.363281,10866.826172,10864.374023,10774.557617,10753.213867,10746.859375,10730.713867,10705.034180,10631.149414,10614.350586,10613.310547,10574.133789,10551.905273,10505.296875,10471.390625,10441.671875,10407.326172,10389.652344,10351.851562,10316.833008,10282.215820,10278.683594,10264.561523,10217.015625,10170.240234,10161.277344,10136.791992,10119.413086,10106.285156,10078.591797,10068.475586,10007.997070,9947.291992,9940.462891,9935.715820,9919.343750,9900.706055,9865.748047,9851.957031,9818.574219,9787.245117,9746.043945,9721.126953,9689.473633,9687.363281,9672.447266,9651.102539,9640.382812,9639.607422,9604.831055,9594.844727,9563.542969,9533.195312,9506.372070,9430.801758,9429.579102,9353.958984,9334.336914,9328.453125,9320.926758,9286.586914,9264.153320,9253.591797,9238.279297,9218.770508,9204.345703,9196.424805,9181.000000,9172.555664,9148.261719,9139.868164,9105.252930,9093.804688,9089.961914,9069.620117,9064.728516,9057.975586,9051.566406,9039.458008,9022.653320,9017.481445,8981.160156,8973.122070,8956.650391,8953.498047,8951.949219,8920.513672,8899.977539,8883.012695,8851.102539,8838.842773,8828.454102,8825.067383,8788.416016,8785.160156,8783.022461,8775.058594,8772.933594,8769.124023,8756.957031,8755.525391,8706.189453,8698.574219,8683.126953,8680.237305,8674.751953,8648.546875,8642.422852,8641.293945,8637.807617,8635.334961,8633.798828,8627.369141,8627.369141]
}