{
"iteraciones": [22,44,66,88,110,132,154,176,198,220,242,264,286,308,330,352,374,396,418,440,462,484,506,528,572,594,616,638,660,682,704,726,748,770,792,814,836,858,880,902,924,946,968,990,1012,1034,1056,1100,1122,1144,1166,1188,1210,1232,1254,1276,1320,1364,1386,1408,1430,1452,1474,1496,1518,1540,1562,1584,1606,1628,1650,1672,1694,1716,1738,1760,1782,1804,1826,1848,1892,1914,1936,1958,1980,2002,2024,2046,2068,2090,2112,2134,2200,2222,2244,2266,2288,2310,2332,2376,2398,2420,2442,2464,2508,2552,2574,2596,2618,2640,2662,2684,2706,2750,2794,2816,2838,2860,2970,2992,3014,3036,3058,3080,3102,3124,3168,3212,3234,3256,3278,3300,3344,3366,3388,3410,3432,3454,3476,3498,3520,3542,3564,3586,3630,3696,3718,3762,3806,3850,3894,3916,3938,3960,4004,4048,4070,4114,4136,4158,4202,4224,4246,4268,4290,4312,4334,4378,4400,4422,4488,4510,4554,4576,4598,4642,4664,4752,4774,4840,4862,4906,4928,4950,4972,5016,5038,5060,5214,5236,5258,5280,5302,5368,5412,5434,5478,5566,6116,6182,6204,6226,6270,6314,6336,6380,6402,6468,6534,6666,7040,7062,7106,8030,9592,9790,12870],
"fitness": [15314.673828,15044.406250,14960.210938,14741.333008,14666.874023,14377.358398,14324.044922,14188.694336,14119.800781,13987.323242,13881.553711,13809.587891,13761.677734,13700.201172,13639.746094,13598.995117,13534.598633,13499.690430,13461.684570,13411.856445,13390.666992,13370.779297,13333.177734,13291.177734,13249.000000,13210.361328,13182.291992,13174.388672,13122.044922,13073.642578,13064.079102,13014.801758,12942.661133,12940.418945,12875.524414,12823.870117,12814.164062,12761.775391,12746.519531,12719.939453,12673.553711,12671.186523,12631.053711,12613.459961,12569.351562,12546.872070,12482.233398,12416.422852,12365.729492,12330.259766,12283.740234,12279.278320,12206.185547,12191.283203,12156.281250,12126.771484,12089.810547,12058.397461,12038.107422,12022.465820,11996.082031,11986.130859,11929.805664,11926.750977,11910.949219,11888.552734,11886.000000,11866.140625,11843.477539,11790.557617,11765.291992,11752.341797,11711.230469,11657.254883,11629.468750,11551.710938,11525.749023,11471.290039,11460.355469,11444.525391,11405.135742,11382.544922,11357.958984,11347.341797,11327.657227,11308.384766,11280.463867,11250.269531,11239.728516,11230.808594,11204.885742,11167.890625,11165.989258,11107.087891,11106.907227,11070.496094,11066.416992,11060.000977,11045.537109,11008.521484,10998.719727,10974.983398,10957.000000,10898.472656,10886.571289,10861.567383,10819.042969,10812.273438,10772.963867,10764.312500,10758.396484,10726.953125,10661.813477,10619.791992,10591.432617,10568.276367,10543.604492,10491.837891,10466.208008,10461.750000,10427.658203,10414.117188,10373.038086,10363.661133,10319.746094,10300.968750,10276.129883,10270.903320,10264.418945,10238.143555,10219.000000,10165.031250,10113.557617,10093.067383,10065.390625,10021.699219,9987.164062,9939.962891,9934.745117,9905.739258,9884.422852,9850.504883,9834.974609,9810.816406,9787.005859,9770.983398,9747.163086,9732.801758,9705.462891,9691.266602,9660.435547,9641.895508,9640.302734,9569.984375,9542.372070,9541.396484,9522.123047,9471.974609,9464.820312,9421.160156,9412.696289,9363.604492,9330.140625,9297.021484,9270.395508,9265.534180,9257.901367,9238.635742,9237.188477,9223.613281,9215.286133,9214.059570,9191.697266,9182.230469,9180.998047,9172.701172,9145.280273,9136.467773,9106.192383,9092.265625,9048.349609,9045.863281,9024.760742,9011.190430,8977.347656,8972.841797,8938.843750,8913.042969,8909.675781,8882.922852,8880.435547,8866.385742,8832.481445,8829.254883,8818.691406,8801.134766,8788.621094,8761.501953,8744.005859,8724.137695,8722.012695,8721.692383,8708.533203,8705.707031,8703.170898,8694.330078,8691.273438,8688.015625,8687.990234,8669.883789,8662.934570,8638.665039,8637.655273,8629.205078,8628.142578,8621.885742,8621.885742]
}