{
"iteraciones": [22,44,66,88,110,132,154,176,198,220,242,264,286,308,330,352,374,396,418,440,462,484,506,528,550,572,594,616,638,682,704,726,748,770,792,814,836,858,880,902,924,946,968,990,1012,1034,1056,1078,1100,1122,1144,1166,1188,1210,1232,1254,1276,1298,1320,1342,1364,1386,1430,1452,1474,1496,1540,1562,1606,1628,1650,1672,1694,1716,1738,1760,1804,1826,1870,1892,1914,1958,1980,2002,2024,2046,2090,2112,2134,2156,2200,2222,2244,2266,2288,2310,2332,2354,2376,2398,2420,2464,2486,2508,2530,2552,2574,2596,2640,2662,2706,2728,2750,2794,2816,2838,2882,2904,2926,2970,2992,3058,3080,3102,3124,3146,3168,3190,3212,3234,3278,3300,3322,3344,3410,3432,3454,3476,3498,3520,3542,3564,3586,3608,3630,3652,3674,3718,3740,3762,3784,3806,3828,3872,3916,3938,3960,3982,4004,4026,4048,4070,4092,4136,4158,4224,4268,4312,4334,4356,4378,4400,4422,4444,4466,4488,4532,4554,4576,4598,4708,4730,4752,4796,4818,4840,4884,4928,4950,4994,5016,5060,5082,5104,5126,5170,5214,5236,5258,5280,5302,5346,5368,5434,5456,5478,5522,5610,5654,5676,5742,5786,5852,5874,5918,5962,6006,6028,6050,6072,6094,6116,6182,6270,6314,6336,6358,6380,6402,6424,6446,6534,6732,6754,6776,6842,6864,6974,7018,7084,7106,7150,7238,7282,7326,7348,7458,7876,7898,7920,8250,8294,9086,10714,11946,12694,14652,17732],
"fitness": [15317.140625,15146.892578,14957.371094,14880.902344,14635.690430,14525.080078,14418.606445,14268.347656,14226.068359,14088.107422,13997.487305,13989.268555,13887.778320,13879.075195,13858.137695,13840.192383,13812.286133,13784.847656,13761.199219,13735.000000,13677.274414,13650.665039,13613.308594,13602.228516,13536.894531,13491.371094,13463.918945,13434.378906,13355.438477,13328.603516,13304.748047,13263.895508,13241.000000,13225.678711,13190.397461,13156.354492,13134.542969,13115.181641,13105.850586,13073.551758,13039.038086,12999.760742,12976.693359,12955.341797,12914.843750,12878.643555,12851.682617,12825.988281,12803.002930,12776.711914,12730.916992,12721.973633,12692.018555,12653.528320,12593.864258,12584.905273,12549.529297,12503.301758,12496.926758,12488.463867,12439.333984,12400.503906,12383.541016,12348.448242,12347.895508,12311.836914,12285.874023,12244.632812,12209.787109,12206.718750,12154.006836,12136.983398,12114.309570,12068.186523,12056.661133,12032.374023,12003.204102,11953.955078,11951.929688,11900.346680,11855.416016,11842.203125,11797.112305,11791.918945,11767.887695,11730.960938,11712.957031,11696.215820,11664.785156,11640.171875,11632.259766,11627.770508,11604.002930,11575.392578,11564.463867,11557.425781,11542.986328,11518.225586,11513.825195,11503.707031,11481.489258,11465.485352,11444.378906,11431.932617,11421.788086,11395.649414,11378.410156,11342.159180,11333.880859,11307.728516,11296.922852,11274.158203,11261.942383,11241.628906,11227.117188,11191.732422,11172.108398,11158.984375,11119.112305,11095.061523,11072.857422,11067.786133,11055.413086,11038.001953,11020.637695,11002.481445,10983.100586,10972.849609,10958.375000,10924.714844,10893.119141,10882.264648,10866.181641,10834.445312,10822.492188,10792.588867,10786.996094,10782.401367,10768.449219,10737.896484,10718.796875,10696.477539,10659.920898,10641.893555,10640.742188,10628.388672,10589.158203,10529.719727,10513.065430,10499.268555,10498.971680,10487.979492,10477.593750,10446.744141,10441.751953,10424.078125,10403.452148,10389.000977,10376.274414,10342.354492,10328.360352,10317.237305,10298.430664,10277.224609,10236.649414,10230.369141,10212.805664,10181.405273,10170.484375,10159.583984,10154.947266,10139.583008,10125.443359,10115.913086,10052.076172,10032.630859,9988.050781,9971.175781,9966.029297,9913.040039,9887.370117,9882.363281,9861.425781,9837.886719,9833.583984,9798.213867,9769.873047,9753.816406,9713.954102,9693.921875,9684.237305,9677.908203,9666.766602,9654.063477,9632.520508,9613.180664,9604.253906,9599.002930,9589.046875,9575.147461,9563.732422,9541.981445,9522.267578,9508.873047,9497.086914,9482.080078,9431.471680,9420.437500,9386.365234,9305.972656,9292.739258,9267.513672,9242.038086,9229.096680,9209.210938,9185.426758,9167.945312,9141.445312,9106.664062,9102.897461,9087.472656,9066.188477,9033.540039,9026.541992,9013.202148,8982.414062,8962.682617,8935.631836,8929.410156,8923.388672,8911.452148,8871.137695,8865.331055,8863.982422,8848.283203,8840.526367,8828.443359,8823.494141,8804.263672,8800.682617,8792.696289,8789.708008,8776.750977,8755.618164,8746.208008,8732.573242,8702.386719,8695.257812,8686.795898,8660.221680,8652.883789,8647.566406,8646.476562,8644.375977,8643.288086,8625.116211,8621.885742,8621.885742]
}