{
"iteraciones": [22,44,66,132,154,176,198,220,242,264,286,330,352,374,396,462,484,506,528,550,572,594,616,638,660,682,704,726,748,770,792,814,836,858,880,902,946,968,990,1012,1034,1056,1078,1100,1122,1144,1188,1232,1254,1276,1298,1320,1342,1386,1408,1430,1452,1474,1496,1518,1540,1584,1606,1628,1650,1672,1694,1716,1738,1760,1782,1804,1826,1848,1870,1892,1914,1936,1958,1980,2024,2046,2068,2090,2112,2134,2156,2178,2200,2222,2244,2266,2288,2310,2354,2376,2398,2420,2442,2464,2508,2552,2574,2618,2640,2662,2684,2706,2728,2750,2772,2794,2816,2838,2860,2882,2904,2948,2970,3014,3036,3080,3102,3124,3168,3190,3212,3234,3256,3278,3300,3322,3344,3366,3388,3454,3498,3520,3542,3564,3586,3630,3652,3674,3696,3718,3740,3762,3784,3806,3828,3850,3872,3894,3938,3982,4026,4048,4092,4114,4136,4158,4180,4202,4224,4290,4334,4378,4444,4466,4488,4510,4642,4664,4686,4708,4730,4752,4774,4796,4818,4862,4994,5060,5082,5126,5170,5192,5214,5236,5258,5280,5302,5324,5346,5368,5390,5412,5434,5478,5676,5720,5918,5984,6094,6138,6248,6270,6292,6336,6358,6402,6644,6666,6710,6732,6776,6798,6864,6886,7744,7766,8096,9086,9438,9460,10384,11242,14322],
"fitness": [15343.729492,15195.050781,14937.336914,14781.384766,14737.128906,14692.014648,14508.504883,14502.470703,14428.315430,14422.115234,14336.993164,14317.799805,14277.296875,14236.877930,14005.316406,13949.360352,13942.300781,13839.476562,13836.916992,13834.000000,13794.907227,13786.692383,13765.256836,13741.064453,13696.223633,13674.458008,13669.523438,13643.889648,13626.484375,13589.360352,13561.941406,13547.725586,13526.343750,13474.590820,13418.065430,13336.387695,13308.261719,13250.133789,13239.708984,13202.025391,13183.912109,13162.685547,13123.624023,13065.789062,13037.864258,12979.603516,12919.798828,12910.708008,12833.647461,12800.367188,12774.004883,12746.597656,12675.562500,12652.779297,12613.196289,12590.998047,12536.473633,12529.513672,12505.232422,12482.635742,12413.598633,12392.292969,12375.533203,12286.681641,12234.523438,12213.067383,12189.160156,12125.251953,12123.254883,12095.813477,12055.225586,12032.862305,12001.249023,11949.206055,11926.762695,11899.464844,11853.386719,11825.884766,11803.897461,11736.007812,11726.852539,11662.218750,11647.488281,11613.304688,11573.708984,11541.958984,11513.575195,11488.480469,11466.718750,11424.476562,11421.840820,11377.256836,11362.653320,11323.449219,11312.678711,11289.825195,11272.236328,11248.908203,11224.197266,11204.946289,11165.655273,11136.452148,11105.801758,11100.672852,11060.363281,11048.471680,11038.590820,11006.941406,10996.021484,10971.376953,10952.051758,10915.466797,10884.150391,10874.416992,10856.380859,10835.349609,10810.762695,10807.755859,10788.595703,10777.171875,10740.340820,10718.458984,10707.493164,10701.462891,10698.280273,10687.655273,10679.055664,10651.461914,10644.851562,10622.405273,10611.399414,10560.275391,10544.372070,10527.878906,10495.518555,10456.270508,10435.581055,10421.723633,10362.475586,10350.584961,10308.894531,10297.293945,10270.034180,10220.964844,10209.672852,10193.784180,10177.860352,10163.197266,10158.750977,10147.202148,10127.463867,10093.760742,10089.553711,10056.323242,10020.699219,9999.082031,9971.717773,9956.135742,9933.305664,9907.131836,9854.366211,9834.020508,9816.915039,9798.511719,9743.772461,9736.421875,9716.052734,9678.588867,9660.499023,9617.088867,9594.076172,9546.506836,9542.841797,9477.122070,9462.736328,9454.730469,9441.180664,9439.970703,9414.267578,9384.311523,9356.644531,9318.134766,9275.841797,9264.957031,9229.174805,9223.473633,9216.890625,9212.765625,9205.600586,9167.033203,9160.823242,9154.064453,9149.120117,9101.810547,9080.888672,9031.372070,9005.795898,8996.978516,8993.774414,8962.608398,8937.415039,8906.010742,8867.703125,8864.541992,8857.361328,8842.396484,8836.787109,8823.932617,8804.463867,8788.556641,8787.169922,8754.337891,8719.973633,8710.317383,8675.209961,8670.010742,8669.638672,8668.000000,8667.268555,8641.835938,8637.000000,8636.461914,8632.393555,8629.685547,8625.918945,8624.148438,8623.272461,8621.885742,8621.885742]
}