{
"iteraciones": [22,44,66,88,110,132,154,198,220,242,264,286,308,330,352,374,396,440,462,484,506,528,550,572,616,638,660,682,704,726,748,770,792,814,836,880,902,946,968,1012,1056,1078,1100,1122,1144,1166,1188,1210,1232,1254,1276,1298,1320,1342,1364,1386,1408,1430,1474,1496,1518,1540,1562,1584,1606,1628,1650,1672,1694,1716,1738,1760,1782,1804,1826,1848,1870,1892,1914,1936,1958,1980,2002,2024,2046,2068,2090,2112,2134,2156,2178,2200,2222,2244,2266,2288,2310,2332,2354,2376,2420,2442,2464,2508,2552,2596,2618,2640,2662,2684,2706,2728,2794,2816,2838,2860,2882,2926,2970,3014,3036,3058,3080,3102,3124,3146,3168,3190,3212,3234,3256,3278,3300,3344,3366,3432,3454,3476,3542,3586,3608,3652,3674,3696,3718,3740,3762,3784,3806,3828,3850,3872,3916,3982,4070,4092,4114,4136,4158,4180,4202,4224,4268,4290,4312,4378,4422,4510,4532,4576,4598,4708,4730,4752,4774,4840,4928,4972,4994,5016,5060,5082,5148,5236,5302,5324,5456,5566,5632,6028,6050,6072,6094,6116,6314,6468,6556,6600,7018,7436,7568,7612,7634,8228,9174,9680,12056,12166,15246],
"fitness": [15407.087891,15164.843750,14874.534180,14819.857422,14715.278320,14482.548828,14197.340820,14058.274414,13985.406250,13954.117188,13905.994141,13807.208008,13783.968750,13707.817383,13649.485352,13610.492188,13572.267578,13539.625977,13521.515625,13509.513672,13478.886719,13462.684570,13417.989258,13320.069336,13302.078125,13261.509766,13210.779297,13175.318359,13111.243164,13090.656250,13057.037109,13031.544922,12982.399414,12950.556641,12884.644531,12857.390625,12756.118164,12742.122070,12676.780273,12604.299805,12591.623047,12551.856445,12499.035156,12497.021484,12427.992188,12400.608398,12320.124023,12309.369141,12284.601562,12204.093750,12203.824219,12173.109375,12117.275391,12102.733398,12086.311523,12048.537109,12015.389648,11960.259766,11955.256836,11929.963867,11897.978516,11854.189453,11807.221680,11785.328125,11734.051758,11722.887695,11677.021484,11583.783203,11569.813477,11542.695312,11539.790039,11509.078125,11499.429688,11482.344727,11467.759766,11418.077148,11375.447266,11350.546875,11320.943359,11302.903320,11281.256836,11248.501953,11211.851562,11208.239258,11172.303711,11169.239258,11142.301758,11129.332031,11098.861328,11090.498047,11068.872070,11032.327148,11007.818359,10985.394531,10968.067383,10932.815430,10905.793945,10871.920898,10832.726562,10761.091797,10693.758789,10686.649414,10634.709961,10608.623047,10564.272461,10549.341797,10480.780273,10434.742188,10420.369141,10419.129883,10367.077148,10321.417969,10301.648438,10264.084961,10197.324219,10188.513672,10153.502930,10119.485352,10060.592773,10056.064453,10037.525391,10000.991211,9985.505859,9981.291016,9968.712891,9932.412109,9896.055664,9889.668945,9868.702148,9842.413086,9805.948242,9715.364258,9692.853516,9691.589844,9668.547852,9638.360352,9637.302734,9622.166992,9610.485352,9592.425781,9521.885742,9505.592773,9500.598633,9473.488281,9464.538086,9462.704102,9441.390625,9409.770508,9400.822266,9382.897461,9341.462891,9314.872070,9306.190430,9274.556641,9271.444336,9253.968750,9229.099609,9199.261719,9190.181641,9151.170898,9141.745117,9113.018555,9093.820312,9090.652344,9080.873047,9060.457031,9032.122070,9011.923828,8982.435547,8960.018555,8940.496094,8937.341797,8907.094727,8906.606445,8874.956055,8860.573242,8855.413086,8835.694336,8820.013672,8800.024414,8797.319336,8795.997070,8793.925781,8776.675781,8768.578125,8748.991211,8737.443359,8731.293945,8723.578125,8719.474609,8716.791016,8706.834961,8699.545898,8691.535156,8684.032227,8659.492188,8650.952148,8648.368164,8645.667969,8642.923828,8640.588867,8638.134766,8634.146484,8633.072266,8632.373047,8626.720703,8624.148438,8621.885742,8621.885742]
}