{
"iteraciones": [22,44,66,88,110,132,154,176,198,220,264,286,308,330,352,374,418,506,528,550,572,594,638,660,682,704,726,748,770,792,814,836,858,902,924,946,968,990,1012,1034,1056,1078,1122,1166,1188,1210,1232,1254,1276,1298,1320,1342,1364,1386,1430,1452,1518,1540,1562,1584,1606,1628,1672,1694,1716,1738,1760,1782,1804,1826,1848,1870,1892,1936,1958,1980,2002,2024,2046,2068,2090,2134,2156,2178,2200,2222,2244,2266,2288,2310,2332,2420,2442,2464,2486,2508,2552,2574,2596,2618,2640,2662,2684,2706,2728,2750,2794,2816,2838,2860,2882,2904,2926,2948,2970,2992,3014,3036,3058,3080,3124,3146,3168,3190,3212,3234,3256,3300,3322,3366,3388,3432,3454,3476,3498,3542,3564,3586,3608,3630,3674,3696,3718,3740,3762,3784,3828,3850,3872,3894,3938,3960,3982,4004,4048,4070,4092,4114,4136,4158,4202,4246,4268,4290,4334,4356,4378,4422,4444,4466,4532,4554,4598,4642,4664,4708,4730,4774,4818,4840,4862,4884,4928,5038,5060,5082,5104,5126,5148,5170,5280,5302,5324,5346,5368,5390,5434,5456,5500,5522,5544,5566,5742,5764,5808,5852,5874,5896,5918,5962,5984,6094,6358,6512,6534,6556,6600,6622,6644,6666,6688,6710,6776,6864,6886,7326,7458,7480,7502,7700,7722,8030,9394,11110,12892,13178,16258],
"fitness": [15364.746094,15094.498047,15020.366211,14848.866211,14584.000977,14570.875977,14329.381836,14125.707031,14071.458984,13964.762695,13772.975586,13756.528320,13641.319336,13636.310547,13601.870117,13538.693359,13432.920898,13431.700195,13365.682617,13330.067383,13281.234375,13252.938477,13225.088867,13191.604492,13153.959961,13110.609375,13048.566406,13046.862305,13021.000000,12972.178711,12963.500000,12940.904297,12860.807617,12838.074219,12795.050781,12748.508789,12745.617188,12599.607422,12596.403320,12563.531250,12554.599609,12529.050781,12475.928711,12459.800781,12445.131836,12385.103516,12333.643555,12310.590820,12305.263672,12279.069336,12269.918945,12245.041016,12215.557617,12136.195312,12094.277344,12037.501953,12029.343750,11992.293945,11979.190430,11959.342773,11928.199219,11912.074219,11880.417969,11856.474609,11849.000000,11837.392578,11823.535156,11808.000000,11796.235352,11776.225586,11745.464844,11723.416992,11683.190430,11657.287109,11636.766602,11615.206055,11577.812500,11549.553711,11543.077148,11510.934570,11446.961914,11438.359375,11420.299805,11412.413086,11394.334961,11366.991211,11339.279297,11326.618164,11287.364258,11283.904297,11230.826172,11227.818359,11165.109375,11155.405273,11142.395508,11121.379883,11113.075195,11099.743164,11093.817383,11082.458984,11062.846680,11045.666992,11041.427734,11023.174805,11012.650391,10963.219727,10954.852539,10951.648438,10923.570312,10895.294922,10870.176758,10852.507812,10829.429688,10825.420898,10797.925781,10770.479492,10747.429688,10702.697266,10683.439453,10681.938477,10645.052734,10638.856445,10635.458008,10605.483398,10574.164062,10547.544922,10533.234375,10477.556641,10437.956055,10390.750000,10363.340820,10355.110352,10346.396484,10325.278320,10292.096680,10278.020508,10254.804688,10244.845703,10217.906250,10175.901367,10163.008789,10131.302734,10106.405273,10074.878906,10035.761719,10022.685547,10008.534180,10004.166016,9991.742188,9984.152344,9952.996094,9946.414062,9930.679688,9877.097656,9873.964844,9852.953125,9836.668945,9806.925781,9797.189453,9746.119141,9738.118164,9698.402344,9661.593750,9641.887695,9633.886719,9596.102539,9582.854492,9561.342773,9544.571289,9494.581055,9485.153320,9448.012695,9416.908203,9413.421875,9401.605469,9394.672852,9356.012695,9346.413086,9345.510742,9319.442383,9297.087891,9294.314453,9278.482422,9277.142578,9255.832031,9252.615234,9251.842773,9208.017578,9186.033203,9175.701172,9146.821289,9143.810547,9132.583984,9122.791992,9115.000000,9099.002930,9094.238281,9087.339844,9082.333008,9078.714844,9070.857422,9029.791992,9026.346680,8995.060547,8974.338867,8968.867188,8953.883789,8933.099609,8923.587891,8908.984375,8903.747070,8874.545898,8855.944336,8829.738281,8820.803711,8780.361328,8778.850586,8773.379883,8751.000000,8724.724609,8703.222656,8697.580078,8689.765625,8687.052734,8681.723633,8671.166016,8659.069336,8657.412109,8656.041016,8638.278320,8636.848633,8633.539062,8632.448242,8625.215820,8624.148438,8621.885742,8621.885742]
}