{
"iteraciones": [44,66,88,110,132,154,176,198,220,242,264,286,308,330,352,374,396,418,440,462,484,506,528,550,638,660,704,726,748,770,792,814,836,858,880,902,924,946,968,990,1034,1056,1078,1100,1144,1166,1188,1210,1254,1276,1298,1320,1342,1364,1386,1408,1430,1452,1474,1496,1518,1540,1562,1584,1628,1650,1672,1694,1716,1738,1760,1782,1826,1848,1870,1892,1914,1958,1980,2002,2024,2046,2068,2090,2112,2134,2156,2178,2200,2222,2266,2288,2310,2332,2376,2398,2420,2442,2464,2486,2508,2552,2574,2596,2618,2640,2662,2684,2706,2728,2750,2772,2794,2816,2838,2860,2882,2904,2926,2970,2992,3036,3080,3124,3168,3190,3212,3234,3256,3278,3300,3344,3366,3388,3432,3454,3476,3498,3520,3586,3608,3630,3652,3674,3696,3740,3762,3828,3894,3938,3960,3982,4004,4026,4048,4070,4092,4136,4158,4202,4224,4246,4268,4290,4312,4334,4356,4378,4400,4422,4444,4488,4510,4532,4554,4576,4620,4642,4664,4686,4708,4730,4774,4796,4818,4840,4862,4884,4906,4928,4950,4994,5038,5060,5082,5104,5148,5192,5258,5302,5324,5346,5390,5412,5434,5456,5478,5544,5588,5632,5654,5764,5852,5940,6204,6292,6314,6336,6380,6402,6490,6512,6534,6578,6842,6930,7920,7942,7964,7986,8536,8976,9460,9878,12958],
"fitness": [15292.713867,14935.320312,14840.643555,14641.251953,14582.243164,14413.322266,14259.715820,14180.397461,14117.094727,13966.475586,13872.542969,13809.709961,13755.664062,13715.916992,13664.037109,13629.022461,13545.479492,13519.463867,13506.560547,13503.343750,13481.000000,13432.252930,13431.825195,13338.936523,13300.275391,13218.948242,13216.564453,13170.833008,13149.995117,13104.064453,13073.892578,13054.936523,13022.073242,13018.938477,12997.256836,12974.067383,12933.766602,12906.229492,12890.733398,12821.281250,12788.056641,12771.824219,12727.159180,12659.175781,12629.955078,12610.141602,12590.543945,12549.179688,12519.846680,12497.596680,12474.574219,12422.967773,12418.988281,12379.166992,12359.255859,12334.262695,12300.722656,12270.495117,12169.443359,12166.310547,12158.815430,12134.219727,12108.593750,12064.369141,12062.916016,12008.320312,11990.539062,11973.439453,11951.136719,11912.831055,11897.982422,11844.807617,11818.794922,11800.955078,11777.229492,11767.500977,11744.409180,11719.001953,11710.560547,11670.973633,11638.989258,11601.518555,11593.405273,11547.139648,11524.827148,11479.606445,11445.835938,11444.706055,11440.568359,11420.879883,11396.663086,11374.090820,11360.556641,11333.230469,11308.633789,11291.906250,11246.340820,11225.357422,11209.166016,11200.760742,11191.099609,11164.316406,11160.801758,11159.739258,11152.947266,11146.246094,11137.679688,11135.000000,11122.923828,11082.546875,11065.092773,11063.350586,11046.213867,11025.209961,11001.986328,10976.222656,10948.979492,10944.571289,10903.630859,10875.760742,10836.355469,10800.965820,10758.008789,10715.416016,10695.708008,10646.667969,10619.247070,10613.839844,10592.409180,10575.662109,10535.207031,10519.980469,10505.212891,10469.991211,10459.320312,10427.195312,10421.306641,10406.072266,10379.234375,10353.772461,10324.912109,10313.291016,10281.349609,10240.734375,10231.838867,10200.310547,10180.522461,10164.156250,10135.799805,10123.468750,10099.602539,10090.549805,10057.496094,10045.402344,10017.089844,10009.944336,10000.154297,9986.006836,9954.605469,9946.648438,9940.930664,9916.781250,9907.396484,9904.000000,9873.436523,9863.216797,9839.535156,9822.326172,9809.819336,9799.512695,9779.295898,9778.381836,9741.722656,9682.499023,9675.869141,9635.591797,9618.724609,9601.063477,9593.218750,9568.805664,9554.513672,9528.615234,9521.815430,9503.115234,9474.968750,9470.708984,9447.960938,9392.457031,9372.878906,9336.000977,9312.415039,9293.529297,9282.086914,9271.261719,9249.354492,9217.501953,9211.597656,9195.008789,9183.928711,9182.425781,9166.870117,9142.314453,9125.429688,9112.958008,9065.865234,9057.025391,9023.327148,8983.039062,8947.744141,8909.618164,8844.583008,8829.354492,8804.177734,8779.058594,8777.905273,8769.778320,8764.172852,8755.086914,8753.456055,8722.104492,8717.002930,8710.856445,8700.302734,8697.838867,8694.722656,8680.438477,8674.000000,8670.732422,8667.791016,8664.672852,8657.775391,8639.392578,8629.685547,8621.885742,8621.885742]
}