{
"iteraciones": [22,44,66,88,110,132,154,176,198,220,242,264,286,308,352,374,396,418,440,462,484,506,550,572,594,616,638,660,682,704,726,748,770,792,814,836,858,880,902,924,946,1012,1034,1056,1078,1100,1144,1166,1188,1210,1232,1254,1298,1320,1342,1364,1386,1408,1452,1474,1496,1518,1540,1562,1584,1606,1650,1672,1694,1716,1760,1782,1804,1826,1848,1870,1892,1914,1936,1958,1980,2002,2024,2046,2068,2090,2112,2134,2156,2200,2222,2266,2288,2310,2332,2354,2376,2398,2420,2442,2464,2486,2530,2552,2574,2596,2618,2662,2706,2750,2772,2794,2816,2838,2860,2882,2904,2926,2948,2970,3036,3058,3080,3102,3124,3146,3168,3190,3212,3234,3256,3278,3300,3322,3344,3366,3410,3432,3454,3498,3520,3542,3586,3630,3652,3674,3718,3740,3762,3784,3828,3872,3894,3916,3938,3960,4004,4026,4048,4070,4092,4114,4136,4158,4180,4224,4268,4290,4312,4334,4356,4378,4400,4422,4466,4488,4510,4554,4576,4598,4642,4752,4774,4884,4906,4928,4972,5016,5038,5104,5126,5214,5236,5258,5280,5346,5368,5434,5610,5896,5940,5962,6072,6138,6424,6490,6534,6600,6710,7260,8008,8030,8250,11220,14300],
"fitness": [15048.692383,15007.201172,14765.286133,14730.419922,14686.724609,14525.662109,14339.555664,14268.512695,14131.590820,13985.725586,13984.041992,13856.857422,13806.829102,13733.210938,13634.229492,13595.889648,13566.964844,13498.731445,13490.625977,13400.590820,13383.101562,13328.017578,13312.729492,13272.841797,13254.094727,13205.569336,13181.728516,13159.018555,13103.783203,13090.999023,13074.660156,13011.675781,12996.246094,12962.334961,12929.160156,12866.756836,12854.038086,12834.879883,12794.413086,12774.662109,12660.884766,12645.966797,12547.979492,12501.493164,12459.889648,12431.137695,12321.185547,12307.195312,12297.564453,12234.110352,12218.547852,12146.695312,12107.491211,12058.805664,12030.680664,11967.215820,11943.079102,11852.545898,11829.414062,11825.189453,11791.146484,11773.020508,11721.646484,11710.674805,11687.097656,11653.548828,11600.175781,11584.231445,11552.479492,11540.259766,11517.542969,11514.505859,11475.397461,11458.435547,11428.672852,11398.046875,11396.680664,11373.512695,11352.844727,11311.463867,11300.482422,11294.758789,11254.960938,11240.151367,11227.001953,11194.598633,11180.085938,11164.232422,11127.759766,11125.099609,11078.584961,11047.849609,11012.555664,11011.510742,10996.691406,10972.468750,10961.175781,10956.077148,10922.179688,10910.697266,10909.240234,10877.517578,10875.659180,10861.294922,10818.590820,10800.240234,10778.962891,10746.857422,10696.013672,10686.041016,10679.201172,10644.822266,10627.612305,10618.486328,10596.744141,10558.206055,10544.499023,10533.599609,10516.000000,10480.774414,10474.983398,10469.816406,10455.000000,10438.856445,10422.995117,10411.825195,10382.310547,10360.414062,10346.980469,10321.006836,10314.211914,10308.229492,10281.472656,10256.038086,10235.488281,10219.957031,10205.541016,10189.694336,10141.468750,10123.220703,10110.745117,10061.211914,10027.651367,9992.700195,9971.988281,9928.080078,9926.058594,9878.380859,9873.102539,9843.856445,9825.250000,9816.000000,9777.107422,9776.028320,9730.719727,9711.065430,9672.056641,9648.158203,9646.705078,9641.612305,9581.766602,9559.851562,9535.000000,9520.889648,9505.258789,9463.810547,9462.678711,9446.752930,9423.495117,9406.061523,9391.982422,9383.809570,9376.790039,9337.914062,9310.925781,9276.287109,9225.913086,9214.726562,9198.094727,9181.418945,9167.833008,9150.160156,9134.736328,9118.004883,9107.472656,9069.239258,9040.634766,9036.908203,8984.563477,8983.024414,8921.088867,8907.174805,8903.784180,8884.210938,8837.782227,8825.378906,8818.873047,8799.818359,8780.580078,8768.073242,8743.966797,8740.907227,8728.085938,8711.818359,8700.422852,8673.130859,8670.595703,8666.627930,8663.567383,8646.234375,8632.212891,8630.741211,8629.685547,8621.885742,8621.885742]
}