{
"iteraciones": [22,44,66,88,110,176,198,286,308,330,352,374,396,418,462,484,506,550,572,616,660,682,704,726,748,770,792,814,836,858,880,902,924,968,990,1012,1034,1056,1078,1100,1122,1144,1166,1210,1232,1254,1276,1298,1320,1342,1364,1386,1408,1430,1452,1474,1496,1518,1540,1562,1606,1628,1650,1672,1716,1738,1782,1804,1826,1848,1870,1914,1936,1958,1980,2024,2046,2068,2090,2112,2134,2156,2178,2200,2222,2244,2266,2288,2310,2354,2398,2420,2442,2464,2486,2508,2530,2552,2574,2596,2618,2640,2662,2684,2706,2728,2750,2794,2816,2838,2882,2904,2948,2970,2992,3014,3036,3058,3080,3102,3146,3168,3190,3212,3234,3256,3278,3322,3344,3366,3388,3410,3432,3454,3476,3498,3542,3564,3630,3652,3718,3740,3762,3784,3806,3828,3850,3916,3938,3960,3982,4004,4026,4070,4114,4136,4158,4180,4202,4224,4290,4312,4334,4400,4422,4444,4466,4488,4510,4532,4554,4598,4620,4642,4686,4708,4730,4752,4774,4796,4818,4840,4862,4906,4928,5016,5038,5060,5082,5104,5192,5214,5236,5258,5280,5302,5346,5390,5412,5456,5478,5522,5544,5566,5588,5632,5654,5676,5698,5742,5786,5874,5896,5940,5962,5984,6072,6138,6160,6226,6292,6358,6424,6468,6534,6578,6622,6666,6710,6754,6820,6842,6864,6930,7040,7458,7766,7810,8030,8096,8140,8162,8382,8426,8470,8800,9218,9614,9944,11616,14696],
"fitness": [15410.213867,15096.722656,14919.797852,14867.164062,14431.443359,14396.766602,14125.915039,14079.900391,14016.952148,13952.250977,13913.014648,13846.154297,13836.316406,13779.489258,13721.043945,13710.365234,13637.320312,13611.231445,13541.246094,13493.686523,13465.490234,13444.947266,13415.896484,13403.493164,13357.919922,13319.367188,13256.515625,13241.656250,13184.241211,13180.257812,13167.798828,13132.875977,13086.609375,13041.371094,13016.703125,12977.801758,12973.000000,12926.610352,12910.659180,12899.210938,12874.089844,12860.417969,12813.870117,12782.712891,12733.126953,12697.461914,12669.945312,12631.126953,12599.042969,12560.894531,12548.724609,12540.401367,12523.717773,12498.000000,12473.382812,12435.726562,12395.415039,12383.694336,12371.838867,12297.777344,12287.166016,12257.365234,12239.990234,12209.882812,12181.891602,12130.338867,12114.272461,12089.990234,12064.579102,12053.498047,12038.259766,11988.694336,11932.602539,11915.958008,11896.939453,11885.651367,11872.711914,11870.309570,11852.061523,11843.446289,11809.084961,11807.219727,11788.082031,11776.273438,11752.235352,11746.593750,11719.456055,11671.730469,11645.869141,11608.673828,11578.144531,11562.646484,11535.349609,11520.900391,11519.716797,11506.621094,11482.371094,11481.180664,11446.984375,11410.754883,11407.304688,11387.536133,11374.000000,11353.394531,11348.094727,11346.776367,11312.382812,11305.806641,11265.126953,11255.846680,11241.029297,11229.420898,11213.438477,11207.269531,11185.021484,11165.283203,11140.192383,11114.753906,11071.966797,11050.829102,11028.126953,11016.770508,10996.397461,10982.291016,10961.068359,10937.155273,10899.096680,10893.062500,10881.729492,10872.863281,10854.113281,10816.934570,10777.059570,10772.291992,10757.368164,10725.540039,10697.742188,10689.347656,10676.810547,10606.124023,10590.123047,10520.017578,10504.396484,10494.818359,10471.573242,10468.430664,10458.281250,10446.939453,10434.633789,10426.000000,10401.708984,10372.448242,10364.874023,10344.932617,10314.458984,10311.833008,10289.162109,10280.484375,10266.929688,10215.454102,10177.000000,10153.260742,10120.702148,10101.006836,10089.360352,10073.604492,10045.237305,10026.182617,9994.903320,9992.390625,9951.000977,9911.470703,9909.393555,9886.638672,9881.307617,9852.125000,9843.573242,9815.292969,9812.002930,9804.377930,9789.796875,9775.322266,9718.456055,9705.594727,9612.350586,9591.121094,9544.500977,9516.932617,9467.669922,9437.412109,9432.361328,9411.290039,9400.808594,9386.916016,9370.952148,9365.842773,9352.586914,9343.227539,9341.039062,9327.224609,9292.778320,9288.867188,9265.970703,9259.407227,9227.571289,9221.513672,9202.333008,9183.454102,9180.139648,9140.947266,9135.736328,9118.746094,9111.106445,9093.388672,9090.450195,9082.771484,9076.047852,9049.604492,9019.450195,8991.420898,8968.942383,8950.093750,8920.277344,8888.798828,8851.288086,8828.998047,8816.155273,8800.668945,8787.795898,8778.433594,8777.183594,8775.863281,8754.306641,8750.238281,8749.002930,8735.691406,8733.921875,8727.885742,8710.140625,8695.921875,8694.191406,8678.093750,8669.000000,8652.233398,8650.934570,8646.000000,8626.612305,8625.215820,8624.148438,8621.885742,8621.885742]
}