{
"iteraciones": [44,66,88,110,132,176,198,220,242,264,286,308,330,352,374,418,440,484,528,550,572,594,616,638,660,682,704,726,748,770,792,814,836,858,880,902,924,946,968,990,1012,1034,1056,1078,1100,1122,1144,1166,1188,1210,1232,1254,1276,1298,1342,1364,1386,1408,1430,1474,1496,1518,1540,1562,1584,1606,1628,1650,1672,1694,1716,1760,1782,1804,1826,1848,1870,1892,1914,1936,1958,1980,2002,2024,2046,2068,2090,2112,2134,2156,2178,2222,2244,2266,2288,2310,2332,2354,2376,2398,2420,2442,2464,2486,2508,2530,2552,2596,2618,2640,2684,2706,2750,2816,2838,2882,2904,2948,2970,2992,3014,3036,3058,3080,3102,3124,3146,3168,3190,3256,3278,3322,3344,3410,3454,3476,3520,3564,3586,3608,3630,3674,3696,3740,3762,3806,3828,3850,3894,3916,3938,3960,3982,4026,4070,4092,4136,4202,4224,4246,4268,4290,4312,4334,4378,4422,4444,4488,4510,4554,4576,4642,4730,4752,4774,4818,5280,5302,5324,5346,5412,5434,5456,5478,5610,5654,5698,5720,5742,6006,6094,6116,6138,6226,6248,6270,6336,6622,7458,10538],
"fitness": [15087.533203,14801.951172,14705.380859,14518.116211,14309.379883,14263.017578,14123.323242,14098.972656,14031.226562,13951.598633,13946.452148,13862.223633,13771.759766,13658.968750,13516.414062,13404.389648,13211.014648,13123.776367,13084.393555,13081.458984,13041.534180,13019.725586,12977.838867,12949.399414,12915.136719,12899.799805,12849.669922,12835.099609,12815.000000,12798.765625,12759.708984,12726.961914,12677.073242,12667.349609,12635.272461,12620.620117,12594.890625,12545.569336,12496.503906,12487.822266,12466.529297,12439.479492,12416.347656,12393.870117,12358.123047,12337.040039,12317.796875,12294.006836,12284.466797,12257.428711,12243.968750,12190.600586,12149.466797,12100.604492,12099.371094,12064.575195,12041.039062,11994.199219,11959.413086,11887.619141,11843.265625,11794.224609,11786.752930,11729.420898,11692.388672,11645.523438,11631.282227,11579.627930,11506.859375,11496.559570,11463.926758,11411.794922,11388.925781,11383.880859,11343.892578,11303.791992,11259.396484,11248.455078,11216.129883,11201.036133,11165.060547,11143.892578,11142.757812,11082.181641,11058.116211,11051.097656,11025.032227,10996.207031,10940.156250,10905.417969,10893.885742,10872.869141,10859.015625,10844.529297,10805.805664,10790.101562,10778.048828,10762.856445,10745.969727,10714.217773,10699.815430,10667.454102,10632.066406,10606.966797,10564.680664,10562.851562,10529.108398,10503.465820,10485.423828,10436.940430,10430.472656,10370.144531,10297.914062,10274.072266,10270.770508,10237.710938,10236.562500,10216.486328,10196.324219,10182.263672,10156.071289,10143.641602,10141.579102,10113.185547,10079.990234,10072.772461,10064.368164,10036.456055,10002.709961,9988.000000,9947.025391,9901.349609,9881.390625,9856.112305,9852.439453,9831.842773,9799.240234,9780.943359,9772.896484,9737.055664,9690.283203,9669.746094,9658.377930,9632.448242,9621.922852,9579.370117,9573.020508,9529.033203,9508.916992,9480.958984,9479.976562,9472.316406,9454.511719,9445.000000,9412.517578,9382.484375,9370.321289,9359.724609,9351.423828,9338.466797,9306.159180,9293.126953,9292.998047,9230.332031,9200.419922,9199.645508,9169.646484,9128.065430,9109.541992,9097.358398,9034.060547,9024.463867,9013.945312,8996.032227,8968.575195,8916.368164,8904.647461,8891.842773,8837.434570,8818.424805,8795.054688,8776.648438,8772.326172,8736.060547,8717.416992,8710.893555,8698.201172,8693.076172,8686.909180,8681.182617,8670.869141,8666.212891,8662.667969,8659.527344,8645.662109,8641.245117,8639.980469,8632.069336,8628.142578,8628.142578]
}