{
"iteraciones": [22,44,66,88,110,132,154,176,198,220,242,264,286,308,330,352,374,396,418,440,462,484,506,550,572,638,704,726,748,770,792,814,836,858,880,902,924,946,968,990,1012,1034,1056,1078,1100,1122,1144,1166,1188,1210,1232,1276,1298,1320,1342,1364,1386,1408,1430,1452,1474,1518,1540,1562,1584,1606,1628,1650,1672,1694,1716,1738,1760,1804,1870,1892,1958,1980,2002,2024,2046,2068,2090,2112,2134,2156,2178,2200,2222,2244,2266,2288,2332,2354,2376,2398,2420,2442,2464,2486,2508,2530,2552,2574,2596,2618,2640,2662,2684,2706,2728,2750,2772,2794,2816,2838,2860,2926,2948,2992,3014,3036,3058,3080,3102,3124,3146,3190,3212,3234,3256,3278,3300,3322,3344,3366,3388,3432,3454,3476,3498,3520,3542,3564,3608,3630,3674,3696,3718,3740,3762,3784,3806,3828,3850,3872,3894,3916,3938,3960,3982,4004,4048,4070,4092,4158,4180,4202,4224,4268,4290,4356,4378,4422,4444,4488,4510,4532,4576,4598,4620,4642,4664,4686,4708,4730,4752,4774,4818,4840,4884,4906,4928,4950,4972,4994,5016,5038,5060,5082,5148,5192,5214,5236,5258,5302,5324,5522,5544,5566,5588,5632,5830,5852,5896,5918,5984,6336,6468,6732,6754,6776,6952,7084,7502,7524,7546,7568,7744,8514,8624,8646,8712,9790,9812,9900,10912,13992],
"fitness": [15391.707031,15331.295898,14863.686523,14794.992188,14688.028320,14525.653320,14342.343750,14238.512695,14110.070312,14035.493164,13957.396484,13876.658203,13833.894531,13769.091797,13663.305664,13629.745117,13569.393555,13527.859375,13517.885742,13470.995117,13428.583984,13417.091797,13384.939453,13354.618164,13259.247070,13147.997070,13092.004883,13055.845703,13048.251953,13028.198242,13013.706055,12980.349609,12973.670898,12936.321289,12920.020508,12897.639648,12864.394531,12838.649414,12800.695312,12782.542969,12729.733398,12714.238281,12696.596680,12674.440430,12660.623047,12644.796875,12591.789062,12584.817383,12551.745117,12542.870117,12503.406250,12451.206055,12440.869141,12431.431641,12406.251953,12393.316406,12371.891602,12317.502930,12314.155273,12291.772461,12244.024414,12222.190430,12165.196289,12162.797852,12116.910156,12101.657227,12075.092773,12049.813477,12016.000000,11984.504883,11966.938477,11944.075195,11910.977539,11873.978516,11866.993164,11834.506836,11824.430664,11795.640625,11782.424805,11770.184570,11761.921875,11753.225586,11727.966797,11722.644531,11711.928711,11690.240234,11685.683594,11674.796875,11636.562500,11635.226562,11589.208008,11544.245117,11540.786133,11500.400391,11483.290039,11448.510742,11419.253906,11399.308594,11390.323242,11370.488281,11332.081055,11306.770508,11279.982422,11276.946289,11246.083984,11229.890625,11224.715820,11197.000977,11176.799805,11162.368164,11103.078125,11098.656250,11061.427734,11043.421875,11011.495117,10995.938477,10931.858398,10928.632812,10883.751953,10876.238281,10863.034180,10827.628906,10817.376953,10801.467773,10786.966797,10783.943359,10747.589844,10726.723633,10716.546875,10703.989258,10688.054688,10684.118164,10671.893555,10655.869141,10650.517578,10625.530273,10610.580078,10595.690430,10581.444336,10555.196289,10548.381836,10525.059570,10505.270508,10480.652344,10455.347656,10410.181641,10383.118164,10362.500977,10331.995117,10330.232422,10284.582031,10253.772461,10247.577148,10200.427734,10145.373047,10114.337891,10104.543945,10088.855469,10056.944336,10018.442383,9991.893555,9965.060547,9920.690430,9886.042969,9761.233398,9760.716797,9735.121094,9698.753906,9660.464844,9659.384766,9596.440430,9578.924805,9560.159180,9548.093750,9509.970703,9489.410156,9459.793945,9445.105469,9438.545898,9408.779297,9377.068359,9369.281250,9354.216797,9342.833008,9314.828125,9312.675781,9294.949219,9263.498047,9251.756836,9233.182617,9203.064453,9195.131836,9167.386719,9165.143555,9132.555664,9127.064453,9126.428711,9099.309570,9077.650391,9064.797852,9062.175781,9060.082031,9054.068359,9049.373047,9047.029297,9041.735352,8998.696289,8981.718750,8962.808594,8954.242188,8924.776367,8897.311523,8891.559570,8877.189453,8852.743164,8845.531250,8829.961914,8822.016602,8790.046875,8788.539062,8780.858398,8747.651367,8746.824219,8713.819336,8703.900391,8677.945312,8669.037109,8646.785156,8644.288086,8642.694336,8640.123047,8638.000000,8633.030273,8631.766602,8630.659180,8625.290039,8624.148438,8624.148438]
}