{
"iteraciones": [22,44,66,88,110,132,154,176,198,220,242,264,286,308,330,374,396,418,440,462,484,506,528,550,572,594,616,638,660,682,726,770,792,814,836,880,902,924,946,968,1034,1056,1078,1100,1122,1144,1166,1188,1232,1254,1276,1298,1320,1342,1364,1386,1408,1430,1452,1474,1496,1518,1540,1562,1584,1606,1628,1650,1694,1738,1760,1782,1804,1826,1848,1870,1892,1936,1958,1980,2002,2024,2046,2068,2090,2112,2134,2178,2200,2244,2266,2288,2310,2332,2354,2376,2398,2420,2442,2486,2508,2530,2552,2574,2618,2640,2662,2684,2706,2728,2750,2772,2794,2816,2838,2860,2882,2904,2926,2948,2992,3014,3036,3102,3168,3190,3212,3234,3256,3300,3322,3344,3366,3410,3476,3498,3520,3542,3586,3608,3630,3674,3696,3718,3740,3762,3806,3828,3894,3982,4026,4048,4092,4114,4136,4180,4202,4224,4246,4268,4290,4356,4378,4400,4422,4466,4488,4510,4730,4752,4774,4796,4840,4862,4906,4950,4972,5060,5082,5192,5214,5280,5302,5544,5896,5918,5962,5984,6160,6182,6204,6226,6248,6402,6490,6556,6754,7524,7964,7986,8426,8668,9020,9460,9482,9658,10890,11308,14388],
"fitness": [15350.709961,15229.949219,15105.812500,15069.518555,14794.740234,14669.304688,14520.962891,14408.744141,14216.552734,14052.078125,13886.009766,13826.083008,13797.014648,13701.430664,13621.668945,13529.858398,13493.971680,13454.886719,13422.922852,13384.300781,13349.299805,13311.866211,13293.809570,13259.157227,13219.400391,13199.685547,13163.534180,13120.067383,13093.778320,12986.436523,12931.366211,12928.106445,12892.971680,12890.160156,12799.438477,12797.633789,12765.825195,12715.124023,12681.883789,12605.981445,12553.930664,12541.926758,12500.520508,12499.088867,12483.753906,12425.923828,12355.890625,12287.287109,12285.612305,12257.586914,12203.606445,12185.329102,12163.959961,12102.245117,12079.184570,12056.957031,12034.387695,11991.543945,11942.992188,11922.406250,11895.102539,11877.534180,11850.927734,11827.928711,11775.402344,11753.209961,11693.628906,11648.731445,11597.347656,11581.592773,11552.073242,11546.271484,11494.067383,11493.057617,11421.288086,11410.903320,11402.000000,11330.365234,11310.530273,11255.878906,11227.185547,11197.312500,11187.940430,11115.047852,11109.179688,11087.805664,11048.522461,11047.892578,10986.127930,10979.816406,10963.000000,10930.598633,10928.981445,10884.000000,10861.204102,10838.004883,10819.857422,10802.521484,10771.994141,10757.288086,10736.750977,10714.448242,10670.498047,10640.484375,10614.795898,10587.000000,10562.971680,10556.074219,10515.734375,10507.956055,10504.743164,10459.846680,10455.187500,10453.928711,10428.597656,10390.539062,10383.288086,10344.671875,10328.627930,10294.853516,10275.609375,10250.141602,10195.609375,10139.105469,10084.912109,10069.407227,10054.288086,10027.361328,9984.192383,9978.882812,9932.343750,9924.822266,9894.330078,9867.077148,9819.595703,9815.081055,9812.455078,9774.211914,9755.903320,9700.302734,9687.369141,9664.252930,9638.782227,9635.891602,9621.610352,9590.195312,9583.200195,9541.104492,9511.423828,9506.871094,9492.000977,9487.310547,9451.536133,9444.199219,9427.362305,9385.092773,9366.512695,9350.940430,9342.447266,9337.318359,9308.493164,9306.018555,9304.501953,9287.237305,9280.426758,9278.000000,9270.622070,9228.532227,9214.090820,9189.421875,9151.562500,9130.103516,9097.073242,9065.070312,9051.493164,9048.370117,8982.395508,8945.505859,8944.225586,8939.607422,8925.289062,8921.239258,8904.061523,8886.371094,8868.181641,8852.396484,8846.720703,8812.196289,8796.548828,8792.004883,8749.018555,8723.555664,8720.631836,8709.632812,8696.153320,8694.555664,8673.266602,8653.508789,8652.687500,8644.225586,8642.831055,8638.630859,8637.218750,8631.793945,8630.710938,8625.349609,8624.148438,8621.885742,8621.885742]
}