{
"iteraciones": [22,44,66,88,110,132,154,176,198,242,264,286,308,330,352,374,396,418,440,462,484,506,528,550,572,594,616,638,660,704,726,748,770,814,836,858,902,924,946,968,990,1012,1034,1056,1078,1100,1122,1144,1166,1188,1210,1232,1276,1298,1364,1386,1408,1430,1452,1496,1518,1562,1606,1628,1650,1672,1716,1738,1760,1782,1804,1848,1870,1892,1914,1936,1958,1980,2002,2024,2046,2068,2090,2112,2134,2156,2178,2200,2266,2288,2310,2332,2354,2398,2442,2464,2486,2508,2552,2618,2662,2684,2728,2750,2772,2794,2838,2860,2882,2926,2970,2992,3014,3080,3102,3124,3146,3212,3234,3256,3278,3300,3344,3366,3454,3476,3498,3520,3586,3674,3696,3828,3894,3938,4004,4026,4048,4070,4136,4158,4180,4224,4290,4312,4466,4488,4510,4620,4642,4664,5192,5236,5412,5610,5632,5676,5786,5896,5918,5940,5962,6006,6028,9108],
"fitness": [15169.429688,14976.979492,14763.967773,14641.268555,14631.250000,14423.595703,14293.981445,14127.564453,14053.684570,13902.989258,13870.474609,13765.108398,13727.671875,13589.627930,13572.471680,13504.038086,13476.364258,13407.149414,13376.368164,13314.608398,13273.007812,13230.371094,13147.416016,13130.789062,13103.866211,13020.470703,13019.499023,12927.174805,12880.601562,12846.698242,12825.486328,12762.869141,12723.856445,12683.156250,12656.801758,12601.595703,12535.455078,12484.969727,12438.680664,12408.380859,12358.864258,12289.883789,12265.614258,12199.663086,12190.898438,12100.114258,12075.025391,12028.261719,12020.361328,11969.042969,11927.594727,11830.848633,11827.229492,11690.491211,11683.250977,11622.073242,11530.878906,11499.338867,11416.630859,11395.851562,11371.835938,11246.365234,11230.177734,11196.026367,11171.098633,11156.674805,11096.162109,11039.694336,11026.313477,10963.360352,10905.434570,10857.094727,10823.911133,10728.739258,10722.807617,10696.449219,10660.000000,10552.433594,10519.987305,10494.122070,10467.691406,10423.116211,10380.715820,10357.062500,10302.636719,10283.479492,10260.005859,10221.895508,10214.349609,10198.925781,10182.912109,10152.645508,10097.874023,10045.692383,10006.367188,9975.198242,9963.710938,9888.516602,9852.973633,9813.895508,9762.705078,9751.376953,9722.055664,9687.525391,9684.796875,9661.449219,9657.583008,9599.441406,9594.236328,9562.342773,9557.963867,9533.534180,9476.808594,9469.864258,9446.600586,9427.674805,9418.715820,9392.875977,9360.784180,9350.673828,9329.083008,9319.794922,9313.976562,9294.751953,9274.948242,9263.566406,9243.958984,9207.488281,9126.331055,9120.359375,9059.846680,9049.676758,9045.324219,8989.278320,8980.639648,8972.924805,8935.021484,8926.360352,8906.240234,8895.498047,8878.632812,8875.976562,8874.555664,8834.158203,8833.945312,8792.335938,8773.369141,8755.911133,8746.845703,8716.375000,8706.402344,8703.975586,8699.523438,8698.408203,8697.358398,8695.908203,8685.234375,8684.034180,8682.781250,8678.958008,8666.709961,8642.676758,8624.148438,8624.148438]
}