{
"iteraciones": [22,44,66,88,110,132,176,198,220,286,308,330,352,374,396,418,440,462,506,528,550,572,594,616,638,660,682,704,726,748,770,792,814,836,858,880,902,924,946,968,990,1012,1034,1056,1078,1100,1122,1144,1188,1210,1232,1254,1276,1298,1320,1342,1364,1386,1408,1430,1452,1474,1496,1518,1540,1562,1584,1628,1650,1694,1716,1738,1760,1782,1804,1848,1870,1892,1936,1958,1980,2002,2024,2046,2090,2112,2134,2178,2222,2244,2266,2288,2332,2354,2376,2398,2420,2442,2464,2486,2530,2618,2750,2772,2794,2816,2838,2860,2926,2948,2970,3014,3036,3080,3124,3146,3168,3190,3212,3234,3256,3388,3432,3498,3520,3564,3608,3652,3674,3696,3740,3784,3894,3916,3960,3982,4004,4026,4048,4092,4114,4180,4202,4246,4268,4290,4356,4422,4642,4664,4686,4708,4818,4950,4972,5038,5082,5126,5214,5258,5280,5302,5324,5346,5390,5412,5434,5478,5500,5522,5544,5566,5610,5632,5654,5698,5742,5786,5830,5896,6028,6072,6116,6138,6226,6270,6314,6380,6402,6424,6446,6490,6556,6578,6600,6622,6644,6688,6710,6754,6776,6798,6908,6930,6952,6974,6996,7018,7040,7062,7084,7128,7150,7238,7260,7326,7436,7458,7480,7502,7524,7568,7612,7634,7656,7700,7722,7766,7810,7832,7854,7876,7898,7942,7964,7986,8008,8030,8096,8118,8184,8206,8250,8272,8294,8316,8338,8360,8448,8470,8492,8536,8602,8624,8646,8668,8712,8734,8778,8800,8822,8910,8932,8954,8976,8998,9042,9064,9086,9108,9130,9284,9328,9350,9394,9416,9482,9548,9614,9636,9702,9768,9790,9834,9966,10010,10032,10054,10164,10186,10252,10318,10406,10428,10472,10516,10648,10714,10736,10824,10846,10868,10956,11000,11022,11154,12892,12914,12936,12958,12980,13332,14586,14828,17094,17116,20196],
"fitness": [15248.765625,15061.907227,14982.382812,14884.781250,14696.362305,14488.098633,14367.780273,14318.330078,14016.487305,13964.000000,13857.672852,13808.555664,13738.819336,13686.825195,13665.284180,13611.307617,13568.520508,13513.732422,13465.326172,13464.400391,13422.108398,13400.300781,13363.418945,13346.350586,13315.740234,13257.967773,13256.406250,13193.357422,13191.000000,13181.794922,13112.102539,13093.472656,13050.077148,13004.613281,12989.000000,12948.774414,12912.449219,12880.930664,12848.253906,12834.745117,12786.126953,12732.645508,12716.902344,12692.043945,12687.383789,12676.718750,12659.895508,12602.737305,12591.464844,12568.554688,12536.784180,12497.695312,12453.876953,12441.983398,12419.232422,12402.257812,12348.075195,12342.257812,12332.493164,12291.832031,12249.981445,12239.393555,12199.029297,12195.705078,12149.666016,12145.878906,12124.280273,12085.697266,12054.542969,12047.706055,12038.143555,12029.000000,12018.000000,11991.463867,11966.542969,11936.469727,11924.579102,11887.623047,11882.090820,11871.611328,11845.524414,11813.877930,11809.012695,11774.343750,11766.336914,11757.000000,11735.840820,11692.272461,11686.192383,11671.126953,11638.181641,11618.333984,11600.173828,11593.394531,11591.830078,11579.370117,11556.863281,11538.742188,11535.484375,11519.175781,11517.403320,11502.450195,11490.282227,11484.804688,11468.146484,11462.352539,11448.051758,11446.432617,11442.144531,11441.000000,11427.194336,11423.657227,11420.735352,11419.888672,11406.013672,11400.302734,11393.356445,11382.005859,11348.550781,11344.271484,11331.518555,11317.313477,11316.254883,11314.747070,11311.774414,11307.581055,11304.119141,11303.734375,11291.215820,11285.894531,11283.902344,11272.529297,11267.384766,11260.144531,11258.370117,11251.272461,11247.028320,11241.010742,11237.859375,11234.366211,11233.026367,11228.437500,11222.838867,11221.927734,11216.834961,11213.022461,11212.506836,11201.445312,11197.494141,11176.218750,11172.305664,11171.081055,11165.121094,11160.330078,11152.633789,11143.518555,11141.877930,11140.937500,11139.534180,11138.000000,11135.656250,11133.842773,11124.465820,11118.690430,11107.585938,11105.384766,11082.624023,11074.569336,11068.698242,11066.863281,11061.747070,11053.016602,11051.579102,11046.861328,11036.282227,11026.960938,11011.493164,11010.402344,10994.365234,10979.135742,10966.721680,10963.852539,10958.000000,10943.391602,10941.988281,10928.201172,10911.122070,10909.401367,10908.626953,10897.013672,10885.629883,10873.296875,10865.288086,10858.042969,10856.632812,10840.907227,10829.589844,10827.674805,10820.278320,10813.704102,10801.102539,10792.473633,10778.348633,10773.764648,10752.033203,10734.513672,10710.880859,10707.843750,10693.475586,10675.000000,10649.138672,10634.026367,10605.483398,10594.280273,10581.305664,10552.919922,10548.946289,10540.502930,10524.709961,10522.018555,10510.915039,10509.177734,10505.736328,10500.461914,10488.886719,10481.668945,10476.517578,10464.962891,10458.531250,10438.260742,10436.847656,10430.000000,10408.032227,10389.385742,10355.586914,10351.197266,10347.653320,10339.456055,10329.712891,10298.267578,10264.141602,10260.479492,10245.659180,10243.750977,10235.687500,10223.861328,10221.011719,10209.675781,10194.263672,10168.134766,10167.716797,10144.550781,10111.165039,10110.295898,10106.001953,10069.998047,10059.641602,10029.283203,10026.304688,10010.641602,9990.330078,9984.232422,9983.281250,9972.678711,9968.881836,9946.052734,9939.055664,9935.399414,9912.743164,9892.522461,9871.177734,9866.244141,9841.465820,9817.930664,9785.032227,9769.810547,9762.085938,9743.217773,9735.131836,9733.326172,9683.358398,9670.054688,9642.777344,9623.905273,9617.432617,9614.313477,9613.579102,9590.426758,9586.946289,9548.158203,9510.921875,9506.304688,9491.452148,9476.854492,9475.934570,9455.114258,9446.265625,9435.842773,9429.678711,9427.253906,9423.865234,9407.767578,9404.810547,9401.928711,9400.860352,9371.344727,9368.224609,9350.746094,9348.568359,9344.000000,9341.063477,9320.374023,9318.777344,9317.973633,9316.383789,9315.907227,9315.000000]
}