{
"iteraciones": [22,44,66,110,132,154,176,198,220,242,264,286,308,330,352,374,396,418,440,462,484,506,528,550,594,616,638,660,682,704,792,814,858,880,902,924,946,968,990,1034,1056,1078,1100,1122,1144,1166,1188,1210,1232,1276,1298,1320,1342,1364,1386,1408,1430,1452,1474,1496,1518,1540,1562,1584,1606,1628,1650,1672,1694,1738,1804,1826,1848,1892,1914,1936,1958,1980,2002,2024,2046,2068,2090,2134,2156,2178,2200,2222,2244,2266,2288,2376,2420,2442,2464,2486,2508,2552,2574,2596,2618,2662,2684,2728,2750,2816,2838,2860,2882,2904,2926,2948,2970,3014,3058,3080,3124,3146,3168,3190,3212,3234,3256,3300,3344,3366,3388,3410,3454,3476,3564,3586,3630,3652,3674,3696,3740,3762,3784,3806,3872,3894,3916,3938,3982,4026,4048,4092,4114,4136,4158,4180,4268,4290,4312,4334,4356,4378,4400,4444,4510,4532,4554,4642,4664,4708,4730,4752,4774,4796,4818,4840,4862,4906,4928,4950,4972,4994,5016,5038,5060,5082,5148,5192,5214,5236,5258,5346,5368,5412,5434,5456,5500,5522,5742,5830,5874,5896,5940,5962,5984,6050,6072,6094,6182,6226,6270,6292,6446,6490,6512,6534,6556,6578,6930,7194,7238,7260,7304,7568,9042,9064,9108,9130,12210],
"fitness": [15350.294922,15156.757812,14793.487305,14583.255859,14569.783203,14379.908203,14360.782227,14292.108398,14163.310547,13969.735352,13885.196289,13875.208008,13752.726562,13691.771484,13647.161133,13571.083008,13547.397461,13505.000000,13469.301758,13452.299805,13407.294922,13399.435547,13377.040039,13325.022461,13296.721680,13261.109375,13211.463867,13186.991211,13166.631836,13045.762695,13040.187500,12927.218750,12877.890625,12865.121094,12838.355469,12820.877930,12747.470703,12737.868164,12665.416992,12658.534180,12637.374023,12574.709961,12573.941406,12538.185547,12531.955078,12469.497070,12454.834961,12437.254883,12379.987305,12365.610352,12316.786133,12301.833984,12275.304688,12251.025391,12208.532227,12203.725586,12170.336914,12135.097656,12118.866211,12084.711914,12050.456055,12045.526367,12008.462891,11974.669922,11961.248047,11925.051758,11908.123047,11879.047852,11834.296875,11763.271484,11732.314453,11720.775391,11680.525391,11641.606445,11627.219727,11622.180664,11593.443359,11588.125977,11552.313477,11545.829102,11517.051758,11500.803711,11455.058594,11441.133789,11437.708984,11405.454102,11403.724609,11396.221680,11374.583008,11363.640625,11281.877930,11233.399414,11177.408203,11166.193359,11129.409180,11096.897461,11066.425781,11023.886719,10983.695312,10953.600586,10903.666992,10882.635742,10848.029297,10842.327148,10790.305664,10764.880859,10752.753906,10723.186523,10699.857422,10661.000000,10650.943359,10632.848633,10593.233398,10590.572266,10570.274414,10531.938477,10494.867188,10485.651367,10451.200195,10410.583984,10392.152344,10366.286133,10319.218750,10306.532227,10294.236328,10285.227539,10275.780273,10254.278320,10200.042969,10143.074219,10095.316406,10071.444336,10067.974609,10027.287109,9989.469727,9982.094727,9964.808594,9943.526367,9940.218750,9877.317383,9871.566406,9866.212891,9832.824219,9782.833984,9766.125977,9738.134766,9712.069336,9696.701172,9687.538086,9685.446289,9654.377930,9632.998047,9628.752930,9621.482422,9611.546875,9566.363281,9557.535156,9502.190430,9500.913086,9440.927734,9424.509766,9399.635742,9341.938477,9324.240234,9306.801758,9286.045898,9274.929688,9246.526367,9232.846680,9227.397461,9213.569336,9202.753906,9176.151367,9152.574219,9150.479492,9147.968750,9103.763672,9096.867188,9072.443359,9067.965820,9064.986328,9050.952148,9045.637695,9036.311523,9018.258789,9017.269531,8996.239258,8971.312500,8955.586914,8934.315430,8922.118164,8904.602539,8895.382812,8891.572266,8885.500977,8868.979492,8866.000000,8854.308594,8850.521484,8845.210938,8809.044922,8793.639648,8778.116211,8771.872070,8758.438477,8746.187500,8741.685547,8708.381836,8688.905273,8679.834961,8669.061523,8667.668945,8652.506836,8649.445312,8647.279297,8644.843750,8643.242188,8641.202148,8636.848633,8631.766602,8627.891602,8626.211914,8624.148438,8621.885742,8621.885742]
}