{
"iteraciones": [22,44,66,88,110,132,154,176,198,242,264,286,308,330,352,374,396,418,440,462,484,506,550,572,594,616,638,660,682,704,726,748,770,792,814,836,858,880,924,946,968,990,1012,1056,1078,1100,1122,1166,1188,1210,1232,1254,1276,1364,1386,1408,1452,1474,1496,1518,1540,1562,1606,1628,1650,1672,1694,1716,1738,1782,1804,1826,1848,1870,1892,1914,1936,1958,1980,2002,2024,2046,2068,2090,2112,2134,2156,2178,2200,2222,2244,2266,2288,2310,2332,2376,2420,2442,2464,2486,2508,2530,2596,2640,2662,2684,2706,2728,2750,2772,2794,2816,2838,2860,2926,3014,3036,3058,3124,3146,3234,3256,3278,3300,3322,3344,3366,3476,3498,3608,3630,3652,3696,3718,3806,3872,3894,3916,3938,4224,4246,4334,4356,4532,4576,4598,4642,4664,4686,4796,4818,4928,5346,5412,5632,5654,5698,5720,5786,6072,6094,6160,6182,6226,6358,6490,6556,6622,6666,6688,6710,6732,6974,7018,7128,7172,7194,7216,7260,7304,7326,7392,7524,7546,7612,7656,7678,7744,7854,7876,7898,7920,7964,7986,8008,8030,8052,8184,8228,8250,8272,8294,8316,8338,8360,8382,8448,8470,8514,8580,8602,8624,8668,8690,8712,8734,8756,8800,8888,8932,8954,8976,8998,9020,9042,9086,9108,9152,9218,9240,9262,9284,9306,9350,9372,9394,9416,9438,9460,9482,9504,9548,9592,9614,9636,9658,9680,9702,9724,9746,9790,9812,9834,9856,9878,9922,9944,9966,9988,10010,10054,10076,10098,10142,10164,10230,10252,10274,10296,10340,10362,10384,10406,10428,10450,10516,10538,10560,10604,10648,10670,10692,10714,10736,10758,10780,10802,10934,10956,11000,11022,11044,11110,11132,11220,11286,11308,11330,11374,11484,11506,11528,11550,11572,11594,11616,11638,11682,11770,11836,11858,11880,11946,12122,12188,12210,12232,12276,12298,12320,12364,12408,12694,12826,12848,12870,12914,12936,13002,13024,13068,13332,13354,13376,13420,13464,13508,13574,14080,14982,15840,15862,18942],
"fitness": [15308.726562,15243.067383,15090.734375,14853.515625,14803.135742,14470.437500,14333.058594,14286.925781,14012.273438,13850.810547,13828.489258,13744.664062,13686.221680,13621.750000,13558.747070,13514.797852,13458.686523,13437.179688,13398.027344,13346.509766,13336.255859,13281.537109,13231.833008,13228.890625,13206.404297,13176.600586,13164.149414,13145.892578,13115.287109,13108.662109,13083.125000,13054.056641,13036.817383,13004.262695,12980.427734,12965.000000,12935.218750,12848.962891,12843.339844,12770.613281,12766.862305,12755.547852,12675.309570,12667.117188,12635.261719,12607.418945,12557.461914,12539.761719,12522.981445,12497.200195,12473.464844,12463.138672,12354.858398,12330.824219,12305.923828,12282.323242,12244.698242,12224.401367,12210.566406,12181.929688,12170.741211,12145.990234,12144.511719,12121.209961,12105.773438,12069.050781,12031.001953,12028.503906,11986.713867,11972.357422,11965.794922,11936.630859,11925.341797,11908.865234,11890.696289,11874.714844,11838.596680,11830.775391,11824.428711,11804.505859,11780.849609,11768.970703,11760.384766,11743.908203,11730.035156,11709.178711,11705.076172,11702.398438,11654.700195,11648.472656,11627.684570,11625.875000,11611.757812,11599.681641,11588.081055,11567.036133,11549.760742,11547.962891,11540.875000,11535.412109,11531.861328,11523.948242,11517.842773,11508.104492,11503.993164,11500.334961,11486.416016,11478.486328,11460.171875,11454.047852,11450.973633,11442.166016,11433.106445,11426.317383,11410.791992,11397.000000,11391.546875,11388.504883,11385.509766,11377.248047,11375.015625,11374.061523,11369.210938,11363.470703,11358.594727,11355.570312,11353.003906,11342.237305,11335.289062,11328.664062,11325.205078,11312.726562,11311.082031,11310.302734,11306.065430,11305.281250,11303.632812,11302.766602,11294.193359,11291.948242,11287.778320,11285.352539,11284.391602,11281.598633,11280.690430,11279.563477,11278.690430,11275.090820,11274.112305,11272.000000,11270.910156,11267.878906,11263.622070,11260.375000,11259.006836,11256.287109,11254.817383,11250.886719,11247.665039,11242.172852,11238.992188,11234.511719,11233.340820,11231.804688,11230.964844,11227.875000,11226.873047,11222.934570,11221.000000,11220.510742,11217.000000,11214.000000,11209.831055,11204.127930,11197.845703,11194.521484,11192.737305,11183.858398,11178.993164,11173.246094,11166.625977,11146.604492,11133.856445,11126.273438,11118.872070,11114.412109,11112.430664,11108.000000,11096.656250,11092.518555,11087.455078,11084.273438,11073.947266,11071.218750,11065.592773,11053.034180,11044.997070,11033.657227,11028.274414,11020.765625,11013.098633,11005.042969,11000.602539,10996.987305,10980.639648,10979.274414,10978.466797,10964.899414,10958.871094,10954.315430,10946.963867,10924.025391,10916.121094,10897.287109,10887.875977,10882.530273,10874.932617,10842.913086,10817.299805,10806.417969,10794.943359,10779.967773,10768.582031,10765.963867,10754.787109,10753.168945,10743.279297,10719.940430,10713.453125,10699.026367,10697.375000,10696.507812,10683.818359,10661.249023,10658.230469,10645.059570,10642.345703,10625.413086,10601.810547,10588.633789,10571.157227,10544.347656,10538.995117,10525.622070,10513.725586,10493.376953,10482.555664,10477.384766,10475.589844,10453.481445,10440.037109,10435.701172,10424.910156,10408.091797,10405.348633,10397.902344,10384.409180,10359.603516,10345.274414,10314.116211,10305.882812,10292.372070,10278.280273,10260.318359,10232.369141,10216.478516,10190.966797,10172.956055,10165.799805,10152.853516,10148.532227,10137.009766,10127.645508,10113.583008,10106.158203,10103.666016,10073.915039,10060.397461,10057.616211,10045.547852,10043.561523,10016.068359,10002.518555,9990.485352,9923.370117,9897.000977,9888.790039,9880.218750,9849.223633,9841.792969,9822.212891,9808.012695,9805.391602,9780.198242,9745.900391,9737.446289,9730.420898,9680.526367,9650.469727,9645.563477,9636.642578,9629.460938,9613.598633,9600.401367,9596.108398,9590.767578,9580.328125,9579.610352,9575.446289,9572.868164,9568.327148,9564.557617,9542.705078,9540.204102,9537.318359,9536.889648,9530.744141,9517.023438,9511.333008,9505.624023,9499.914062,9494.363281,9473.949219,9463.667969,9460.629883,9441.250977,9432.292969,9415.865234,9407.060547,9391.863281,9380.600586,9376.432617,9373.964844,9351.307617,9346.936523,9337.001953,9336.984375,9329.380859,9325.036133,9322.562500,9321.391602,9315.638672,9315.638672]
}