{
"iteraciones": [22,44,66,88,110,132,154,176,220,242,264,286,308,330,352,374,396,418,440,462,484,506,528,550,572,616,638,660,682,704,726,770,792,814,836,858,880,902,924,968,990,1012,1034,1056,1078,1100,1122,1144,1166,1188,1210,1232,1254,1276,1298,1320,1342,1364,1386,1408,1430,1452,1474,1496,1518,1540,1562,1584,1606,1628,1650,1694,1716,1738,1782,1804,1826,1892,1914,1936,1980,2002,2024,2046,2068,2112,2134,2178,2200,2222,2244,2266,2288,2310,2332,2354,2398,2420,2464,2486,2508,2552,2574,2596,2618,2640,2684,2706,2750,2772,2794,2816,2838,2860,2904,2926,2948,2970,3014,3058,3080,3102,3212,3234,3256,3278,3300,3322,3344,3366,3388,3410,3454,3542,3564,3586,3608,3630,3652,3674,3696,3740,3784,3806,3828,3850,3872,3894,3916,3938,3960,3982,4004,4026,4048,4070,4092,4114,4136,4158,4180,4202,4246,4268,4290,4334,4356,4422,4444,4488,4510,4532,4554,4598,4620,4642,4664,4708,4730,4752,4774,4796,4818,4840,4862,4884,4906,4928,4972,5016,5060,5214,5236,5280,5324,5346,5368,5412,5434,5456,5478,5522,5610,5632,5654,5698,5720,5764,5808,5852,5874,5918,5940,5962,5984,6050,6094,6226,6270,6292,6314,6380,6534,6666,7282,7304,7326,7678,7722,7766,7832,7854,9372,9394,9614,12694],
"fitness": [15212.219727,14991.110352,14715.250977,14654.620117,14369.335938,14278.395508,14144.771484,13991.125977,13911.846680,13879.835938,13833.228516,13749.309570,13729.816406,13671.179688,13608.580078,13575.562500,13545.212891,13528.773438,13466.770508,13465.207031,13422.918945,13387.775391,13341.470703,13297.690430,13253.665039,13235.291016,13166.870117,13139.232422,13124.794922,13082.744141,13002.385742,12991.808594,12978.902344,12913.041016,12903.615234,12871.923828,12862.964844,12838.289062,12795.168945,12782.645508,12753.524414,12733.490234,12724.642578,12704.892578,12684.120117,12645.117188,12616.841797,12615.502930,12579.914062,12542.956055,12508.567383,12504.214844,12481.388672,12465.413086,12464.346680,12448.024414,12420.676758,12406.884766,12369.662109,12360.096680,12346.034180,12345.843750,12317.992188,12298.641602,12286.326172,12281.603516,12259.501953,12239.971680,12222.930664,12209.000000,12144.029297,12142.158203,12109.683594,12088.471680,12083.775391,12072.000000,12006.127930,12000.527344,11963.425781,11943.560547,11905.633789,11872.749023,11845.136719,11834.545898,11769.689453,11756.784180,11705.028320,11665.245117,11658.759766,11642.695312,11622.328125,11611.558594,11596.167969,11578.867188,11547.812500,11521.274414,11469.018555,11429.002930,11398.637695,11380.763672,11373.712891,11361.100586,11351.863281,11346.602539,11335.743164,11323.019531,11303.892578,11291.463867,11253.745117,11238.011719,11186.500000,11155.617188,11127.616211,11107.748047,11068.480469,11059.074219,11024.061523,10981.287109,10953.297852,10912.355469,10878.798828,10844.916016,10840.272461,10834.566406,10823.770508,10808.178711,10804.619141,10771.740234,10763.753906,10747.390625,10734.218750,10702.068359,10662.463867,10651.154297,10618.000000,10591.291992,10570.156250,10540.261719,10539.108398,10471.227539,10407.496094,10382.492188,10370.041992,10346.845703,10331.437500,10309.129883,10297.957031,10277.500000,10262.490234,10237.961914,10233.809570,10197.361328,10147.426758,10142.573242,10117.068359,10078.370117,10071.192383,10053.314453,10024.410156,10022.599609,9971.875000,9962.368164,9935.107422,9906.932617,9895.407227,9876.382812,9838.817383,9779.757812,9756.745117,9731.062500,9690.791016,9674.979492,9643.810547,9623.499023,9600.550781,9581.091797,9569.580078,9549.666016,9541.226562,9518.438477,9509.904297,9508.780273,9485.424805,9481.963867,9448.862305,9436.043945,9429.455078,9393.057617,9369.555664,9361.135742,9326.991211,9315.870117,9260.588867,9240.624023,9184.739258,9164.651367,9137.933594,9116.821289,9111.343750,9089.458984,9042.064453,9012.864258,9008.906250,9003.000000,8963.604492,8962.105469,8931.087891,8913.851562,8888.166016,8882.258789,8877.235352,8874.079102,8863.981445,8861.558594,8855.709961,8847.339844,8833.595703,8803.955078,8784.235352,8779.994141,8760.773438,8754.567383,8752.689453,8734.087891,8710.041016,8708.530273,8698.273438,8691.686523,8686.821289,8671.495117,8668.896484,8633.030273,8624.148438,8623.272461,8621.885742,8621.885742]
}