{
"iteraciones": [22,44,66,88,110,132,154,198,242,286,308,330,374,396,418,440,462,484,506,550,572,594,616,638,660,682,704,726,748,770,792,814,836,858,880,902,924,968,990,1012,1034,1056,1078,1100,1122,1166,1188,1210,1232,1254,1276,1298,1320,1342,1386,1408,1430,1452,1474,1518,1540,1562,1584,1606,1628,1650,1672,1694,1716,1738,1782,1804,1826,1848,1870,1892,1914,1936,1958,2002,2024,2046,2068,2090,2134,2156,2200,2244,2266,2288,2310,2332,2376,2398,2420,2442,2464,2486,2508,2530,2552,2574,2618,2640,2662,2684,2706,2728,2750,2772,2794,2816,2860,2926,2948,2970,2992,3014,3036,3058,3080,3124,3146,3168,3190,3234,3300,3344,3366,3432,3454,3476,3542,3586,3608,3630,3652,3674,3696,3718,3762,3784,3806,3850,3916,4004,4048,4070,4092,4114,4158,4180,4202,4246,4268,4290,4312,4356,4378,4400,4422,4444,4488,4510,4554,4576,4620,4642,4686,4708,4730,4774,4796,4818,4862,4906,4928,4950,4972,5016,5060,5082,5104,5126,5148,5192,5236,5280,5324,5346,5390,5412,5434,5456,5500,5522,5588,5610,5632,5654,5676,5698,5720,5742,5786,5830,5852,5940,5962,5984,6028,6182,6204,6248,6270,6358,6534,6556,6578,6600,6622,6688,6798,6952,6996,7018,7040,7062,7106,7128,7194,7216,7238,7370,7568,8052,8074,8404,8514,8756,8800,8822,9130,10890,10912,13992],
"fitness": [15191.291992,14989.576172,14951.250977,14763.631836,14591.980469,14524.340820,14305.175781,14045.748047,13957.799805,13917.731445,13813.015625,13722.341797,13631.880859,13610.136719,13541.145508,13514.969727,13485.003906,13423.757812,13369.841797,13318.275391,13287.825195,13278.385742,13226.909180,13207.304688,13185.091797,13171.166992,13127.910156,13105.214844,13082.333984,13055.834961,13050.447266,12969.131836,12945.477539,12864.833984,12813.243164,12795.471680,12741.804688,12721.331055,12708.210938,12696.880859,12678.533203,12645.070312,12624.693359,12608.938477,12547.019531,12518.784180,12508.386719,12460.645508,12448.400391,12421.244141,12411.240234,12372.955078,12327.401367,12275.141602,12242.875977,12230.900391,12224.095703,12214.924805,12175.051758,12151.618164,12134.252930,12114.620117,12066.621094,12056.363281,12008.382812,11989.813477,11970.642578,11967.641602,11954.398438,11924.573242,11905.173828,11858.725586,11841.493164,11809.049805,11778.329102,11766.526367,11726.709961,11697.375977,11666.783203,11642.335938,11628.945312,11615.519531,11601.789062,11573.843750,11567.049805,11565.748047,11551.917969,11524.596680,11510.984375,11494.171875,11482.709961,11448.598633,11445.878906,11419.156250,11386.875977,11379.380859,11354.000000,11335.274414,11307.281250,11302.525391,11284.794922,11262.732422,11251.344727,11229.448242,11203.219727,11188.274414,11154.046875,11143.047852,11106.983398,11098.675781,11092.333008,11078.308594,11053.067383,11036.760742,11027.592773,11000.116211,10980.573242,10955.611328,10951.292969,10938.000000,10916.334961,10902.412109,10891.248047,10879.780273,10869.062500,10836.481445,10803.619141,10784.588867,10708.375000,10700.123047,10659.478516,10602.898438,10595.436523,10571.864258,10556.438477,10541.022461,10510.197266,10489.880859,10484.095703,10447.349609,10438.116211,10398.014648,10374.495117,10347.005859,10319.656250,10288.967773,10269.293945,10243.158203,10229.337891,10187.435547,10157.197266,10139.951172,10116.715820,10086.211914,10075.541016,10073.641602,10029.023438,10016.789062,9989.513672,9977.209961,9974.386719,9948.285156,9947.248047,9911.947266,9844.703125,9828.979492,9808.671875,9765.550781,9712.120117,9700.122070,9659.450195,9657.401367,9641.302734,9632.099609,9599.541992,9583.627930,9582.914062,9579.975586,9559.044922,9546.395508,9524.666992,9506.751953,9504.669922,9486.800781,9478.901367,9471.741211,9441.297852,9384.181641,9367.540039,9331.313477,9308.237305,9289.121094,9260.828125,9259.266602,9253.492188,9252.035156,9230.746094,9223.489258,9212.318359,9209.880859,9196.381836,9179.982422,9174.870117,9167.953125,9154.432617,9148.027344,9108.031250,9097.327148,9048.704102,9024.425781,9002.429688,8997.121094,8948.732422,8947.573242,8939.738281,8927.533203,8920.125977,8911.696289,8903.302734,8886.400391,8857.881836,8827.575195,8813.429688,8798.299805,8791.124023,8776.554688,8765.022461,8759.631836,8751.111328,8724.884766,8719.369141,8713.999023,8709.424805,8703.802734,8669.787109,8665.476562,8662.711914,8659.011719,8656.889648,8655.313477,8654.006836,8651.431641,8631.861328,8623.272461,8621.885742,8621.885742]
}