{
"iteraciones": [22,44,66,88,110,132,154,176,198,242,286,308,330,352,374,396,418,462,506,528,550,572,594,616,638,660,682,704,726,748,770,792,814,836,858,880,902,924,946,968,990,1012,1034,1056,1078,1100,1122,1144,1166,1188,1210,1232,1254,1276,1320,1342,1364,1386,1408,1430,1452,1474,1496,1540,1562,1584,1606,1628,1650,1694,1716,1760,1782,1804,1826,1848,1870,1892,1914,1936,2002,2024,2046,2068,2090,2112,2134,2222,2266,2288,2310,2332,2354,2376,2398,2420,2442,2464,2486,2508,2574,2596,2618,2706,2728,2750,2772,2794,2816,2838,2882,2904,2926,2948,2970,2992,3014,3036,3058,3080,3102,3146,3168,3190,3256,3300,3322,3344,3366,3388,3410,3432,3454,3476,3498,3520,3564,3586,3608,3630,3652,3674,3718,3740,3762,3784,3806,3828,3850,3872,3894,3938,3960,3982,4004,4026,4048,4070,4092,4114,4136,4158,4246,4312,4356,4378,4422,4444,4488,4510,4532,4554,4576,4598,4620,4664,4686,4708,4752,4774,4796,4840,4862,4884,4906,4928,4950,4972,5016,5038,5126,5148,5170,5192,5214,5236,5258,5346,5390,5412,5434,5456,5478,5566,5610,5632,5808,5830,5962,6050,6072,6094,6116,6644,6908,7150,7348,7436,7458,7480,7502,7920,8008,8338,8360,8382,8426,8448,9592,9922,13002],
"fitness": [15190.536133,15078.765625,14847.034180,14642.773438,14606.773438,14491.135742,14382.893555,14291.512695,14161.706055,14048.302734,13993.293945,13990.766602,13916.480469,13856.273438,13819.269531,13797.597656,13707.332031,13660.765625,13629.113281,13625.600586,13518.366211,13424.648438,13420.357422,13383.237305,13329.738281,13281.036133,13264.631836,13244.683594,13205.054688,13167.064453,13134.349609,13133.767578,13113.682617,13095.557617,13058.532227,13049.324219,13020.676758,13000.618164,12977.441406,12950.542969,12926.998047,12905.770508,12894.022461,12876.085938,12849.928711,12834.397461,12816.695312,12791.189453,12759.785156,12738.457031,12716.858398,12696.676758,12681.292969,12598.397461,12586.387695,12551.033203,12456.039062,12450.108398,12360.475586,12349.955078,12331.491211,12329.032227,12258.013672,12241.438477,12210.974609,12167.545898,12145.480469,12122.675781,12049.526367,12035.496094,11997.717773,11957.350586,11956.708984,11930.647461,11920.655273,11864.302734,11858.826172,11838.643555,11789.476562,11744.476562,11717.439453,11708.597656,11686.608398,11670.891602,11659.354492,11621.208008,11597.914062,11560.061523,11536.434570,11475.325195,11451.313477,11423.727539,11378.562500,11348.608398,11330.933594,11298.279297,11279.017578,11259.793945,11244.754883,11230.876953,11207.761719,11178.545898,11159.628906,11146.413086,11141.560547,11131.751953,11099.637695,11092.354492,11074.139648,11044.993164,11020.557617,11002.475586,10979.692383,10969.314453,10934.959961,10911.141602,10879.684570,10877.370117,10846.662109,10808.100586,10769.358398,10755.946289,10744.719727,10686.099609,10638.397461,10592.733398,10574.816406,10559.165039,10527.943359,10519.071289,10476.969727,10423.834961,10393.820312,10358.236328,10318.093750,10301.356445,10290.814453,10250.948242,10240.378906,10232.197266,10199.286133,10136.463867,10113.493164,10109.104492,10094.418945,10074.642578,10046.568359,10045.683594,9989.368164,9974.978516,9944.411133,9911.257812,9897.346680,9883.367188,9866.507812,9862.950195,9838.785156,9823.306641,9797.300781,9777.844727,9758.056641,9729.086914,9688.252930,9657.187500,9631.351562,9613.620117,9590.656250,9569.419922,9563.637695,9544.136719,9542.992188,9534.845703,9496.383789,9491.401367,9440.250000,9439.298828,9437.726562,9404.391602,9402.133789,9375.481445,9344.251953,9323.201172,9318.306641,9308.552734,9303.055664,9288.696289,9271.921875,9251.982422,9237.578125,9196.522461,9192.909180,9160.388672,9139.528320,9133.980469,9119.743164,9109.678711,9084.439453,9059.191406,9041.241211,9016.362305,9011.083984,9008.344727,8988.489258,8960.859375,8948.020508,8893.312500,8857.682617,8856.924805,8823.205078,8811.135742,8797.041016,8780.068359,8743.795898,8716.330078,8709.236328,8704.451172,8695.712891,8692.261719,8677.372070,8674.544922,8669.886719,8668.266602,8653.606445,8648.636719,8647.363281,8646.000000,8645.499023,8644.362305,8623.272461,8621.885742,8621.885742]
}