{
"iteraciones": [22,44,66,88,110,132,154,176,198,220,242,264,308,330,374,396,418,440,462,484,506,550,572,594,616,660,682,726,748,770,792,836,858,880,946,968,990,1012,1056,1078,1100,1122,1144,1166,1188,1210,1232,1254,1276,1298,1320,1342,1364,1386,1408,1430,1452,1474,1496,1518,1540,1562,1584,1606,1628,1650,1672,1694,1716,1738,1760,1782,1804,1826,1870,1892,1914,1936,1958,2002,2024,2046,2068,2090,2112,2134,2156,2178,2200,2222,2244,2266,2288,2332,2398,2420,2442,2464,2486,2508,2530,2574,2596,2618,2640,2662,2684,2706,2728,2750,2772,2816,2838,2860,2904,2948,2970,2992,3014,3036,3058,3080,3146,3168,3190,3212,3234,3278,3300,3322,3344,3366,3410,3454,3476,3498,3520,3586,3608,3674,3696,3718,3762,3784,3806,3872,3894,3916,3938,3960,3982,4004,4026,4048,4092,4114,4136,4158,4224,4246,4268,4290,4334,4356,4378,4422,4444,4466,4488,4532,4554,4598,4620,4642,4664,4686,4730,4752,4774,4796,4818,4840,4862,4884,4928,4972,4994,5016,5038,5170,5192,5214,5236,5324,5346,5368,5456,5478,5500,5522,5610,5632,5654,5676,5698,5764,5830,5896,5940,5962,5984,6006,6028,6138,6160,6204,6226,6248,6358,7106,7480,8228,8250,8646,8756,9922,10362,10406,10450,13530],
"fitness": [15292.139648,15194.523438,14856.608398,14658.878906,14406.505859,14238.541992,14127.739258,14046.833984,13924.595703,13888.357422,13694.615234,13576.492188,13494.056641,13393.295898,13372.271484,13293.746094,13247.492188,13240.202148,13183.171875,13149.846680,13045.030273,12986.678711,12933.533203,12917.018555,12880.638672,12846.417969,12792.782227,12751.441406,12728.435547,12657.276367,12635.473633,12611.241211,12572.004883,12512.822266,12481.017578,12462.268555,12452.702148,12399.267578,12376.525391,12330.306641,12317.863281,12286.438477,12265.634766,12208.483398,12192.398438,12188.032227,12174.954102,12131.892578,12127.530273,12080.670898,12050.383789,12031.108398,12006.622070,11997.022461,11996.540039,11960.303711,11950.879883,11930.244141,11920.258789,11905.875977,11888.147461,11861.826172,11853.821289,11821.797852,11806.085938,11780.113281,11752.930664,11746.240234,11731.997070,11713.271484,11709.433594,11666.936523,11650.761719,11621.835938,11614.915039,11610.761719,11576.569336,11526.615234,11525.593750,11470.008789,11466.537109,11441.466797,11426.049805,11411.052734,11404.668945,11381.777344,11379.539062,11365.915039,11351.408203,11330.350586,11323.201172,11316.571289,11291.345703,11257.525391,11224.456055,11211.072266,11200.610352,11191.527344,11164.694336,11125.817383,11089.886719,11074.437500,11065.000000,11016.443359,11006.903320,10989.999023,10970.733398,10950.020508,10929.180664,10913.985352,10900.086914,10887.071289,10871.344727,10864.398438,10854.875000,10845.586914,10822.333008,10803.382812,10776.709961,10757.130859,10749.766602,10723.027344,10710.531250,10676.505859,10652.018555,10619.687500,10594.642578,10579.603516,10565.960938,10544.237305,10534.277344,10504.776367,10481.039062,10451.932617,10438.972656,10377.082031,10347.989258,10313.439453,10291.063477,10276.084961,10253.529297,10196.429688,10194.472656,10140.802734,10091.079102,10075.949219,10066.242188,10047.348633,10027.475586,10025.987305,9988.236328,9982.071289,9959.505859,9941.568359,9917.844727,9896.886719,9889.675781,9833.259766,9795.984375,9780.389648,9754.364258,9736.553711,9724.000000,9712.216797,9659.460938,9652.452148,9621.436523,9585.657227,9559.916992,9558.962891,9510.200195,9496.625977,9480.474609,9456.487305,9444.843750,9375.474609,9338.238281,9317.105469,9316.189453,9296.803711,9279.500000,9233.780273,9215.505859,9208.448242,9191.819336,9160.234375,9150.143555,9099.226562,9063.906250,9055.199219,9026.924805,9022.933594,8980.644531,8967.581055,8961.289062,8935.638672,8920.746094,8912.250000,8904.292969,8902.411133,8888.119141,8876.906250,8867.895508,8864.290039,8846.349609,8834.111328,8817.042969,8807.829102,8787.145508,8777.022461,8774.000000,8766.114258,8714.413086,8711.869141,8691.901367,8677.606445,8674.940430,8671.897461,8669.538086,8665.594727,8645.989258,8638.888672,8630.979492,8629.888672,8627.625977,8625.790039,8624.373047,8623.272461,8621.885742,8621.885742]
}