{
"iteraciones": [22,44,66,88,132,154,176,198,220,242,264,286,308,330,352,374,396,418,440,462,484,506,528,550,572,594,638,660,682,704,726,748,770,792,814,836,858,880,902,924,946,968,990,1012,1034,1056,1078,1100,1122,1166,1188,1210,1232,1254,1276,1298,1320,1342,1364,1386,1408,1430,1452,1518,1540,1562,1584,1606,1628,1650,1672,1694,1716,1738,1760,1782,1804,1826,1848,1870,1892,1914,1936,1958,1980,2002,2024,2046,2068,2090,2112,2134,2156,2178,2200,2222,2244,2266,2288,2310,2354,2376,2420,2442,2464,2508,2530,2552,2574,2596,2618,2640,2662,2684,2706,2728,2750,2772,2794,2816,2838,2882,2904,2926,2948,2970,3014,3036,3058,3080,3102,3124,3168,3190,3212,3278,3300,3322,3344,3388,3410,3454,3498,3520,3542,3586,3608,3630,3652,3674,3696,3718,3784,3806,3850,3872,3894,3916,3938,3960,3982,4026,4048,4092,4114,4158,4224,4246,4268,4290,4312,4422,4466,4510,4620,4730,4752,4796,4928,5148,5170,5346,5390,5434,5522,5544,5632,5698,5742,5984,6072,6226,6820,7392,8118,8734,10098,11088,14168],
"fitness": [15463.052734,15312.665039,15085.709961,14763.049805,14635.866211,14580.908203,14456.096680,14373.694336,14293.000000,14208.430664,14148.295898,14074.196289,14043.900391,14015.781250,13933.176758,13924.915039,13852.754883,13831.174805,13778.401367,13742.087891,13703.856445,13692.828125,13645.234375,13637.002930,13589.962891,13535.615234,13502.601562,13413.247070,13395.487305,13315.769531,13280.556641,13264.868164,13220.965820,13187.361328,13166.216797,13147.641602,13101.645508,13019.000000,12965.125000,12952.099609,12886.687500,12867.444336,12835.486328,12826.715820,12744.578125,12736.027344,12690.056641,12632.863281,12600.648438,12582.209961,12542.942383,12498.660156,12492.318359,12465.257812,12436.633789,12432.780273,12395.861328,12359.004883,12341.448242,12334.535156,12266.718750,12228.698242,12098.337891,12060.035156,12037.327148,11988.191406,11948.725586,11921.808594,11897.316406,11882.296875,11836.174805,11800.481445,11795.410156,11763.850586,11714.731445,11618.546875,11613.160156,11548.663086,11487.087891,11482.007812,11383.960938,11342.755859,11294.636719,11255.029297,11208.847656,11136.571289,11130.817383,11096.754883,11076.493164,11064.697266,11061.499023,11002.106445,10994.155273,10952.913086,10947.622070,10896.387695,10874.656250,10859.828125,10854.586914,10775.987305,10762.989258,10694.685547,10680.180664,10656.499023,10612.178711,10576.000000,10546.000000,10540.552734,10517.107422,10511.291992,10467.894531,10464.527344,10443.979492,10389.499023,10357.447266,10302.750977,10253.911133,10237.458008,10206.360352,10198.136719,10168.579102,10148.307617,10120.950195,10101.805664,10090.707031,10039.045898,10015.839844,9982.126953,9968.033203,9934.296875,9917.411133,9861.497070,9828.514648,9797.550781,9777.750000,9744.375000,9730.273438,9729.506836,9680.546875,9664.594727,9617.356445,9601.153320,9556.540039,9548.143555,9541.441406,9522.583984,9520.450195,9516.182617,9484.342773,9468.082031,9448.930664,9406.898438,9383.860352,9357.113281,9345.988281,9329.358398,9306.604492,9304.830078,9277.260742,9264.742188,9235.049805,9206.120117,9174.141602,9165.891602,9131.875977,9118.822266,9106.309570,9090.927734,9075.265625,9057.466797,9013.242188,8985.625000,8943.274414,8915.251953,8914.371094,8911.829102,8899.648438,8874.502930,8845.025391,8844.676758,8780.072266,8777.083984,8772.529297,8764.741211,8734.319336,8729.647461,8705.225586,8693.401367,8688.467773,8683.185547,8680.615234,8676.709961,8671.585938,8636.511719,8635.334961,8633.496094,8628.175781,8621.885742,8621.885742]
}