{
"iteraciones": [44,66,88,110,132,154,176,198,220,242,264,286,308,330,352,374,396,418,440,462,484,506,528,550,572,594,616,638,660,682,704,726,748,770,792,836,858,880,902,924,946,968,990,1012,1034,1056,1078,1100,1122,1144,1166,1188,1210,1232,1254,1276,1298,1342,1364,1386,1408,1430,1474,1518,1540,1562,1584,1606,1628,1650,1672,1694,1738,1760,1782,1804,1826,1848,1870,1892,1914,1958,1980,2002,2024,2046,2090,2112,2134,2156,2178,2222,2266,2288,2310,2332,2354,2398,2420,2442,2464,2486,2530,2552,2574,2596,2640,2662,2706,2728,2750,2772,2794,2816,2838,2860,2882,2904,2926,2970,3014,3036,3058,3080,3102,3124,3146,3168,3190,3212,3234,3256,3278,3300,3322,3344,3366,3388,3410,3432,3498,3520,3542,3564,3586,3608,3652,3674,3696,3718,3740,3762,3784,3806,3828,3850,3894,3938,3960,3982,4004,4026,4048,4092,4136,4180,4202,4224,4246,4268,4290,4312,4356,4400,4422,4444,4466,4488,4510,4576,4598,4620,4642,4686,4708,4752,4796,4818,4862,4906,4928,4972,4994,5038,5060,5082,5148,5170,5214,5236,5258,5280,5302,5346,5368,5390,5434,5456,5544,5566,5610,5632,5654,5676,5698,5720,5742,5786,5808,5852,5874,5896,6006,6072,6226,6380,6402,6424,6534,6600,6732,6754,6820,7172,7304,7348,7414,7546,7590,7788,7854,7898,7942,7986,8206,8888,8910,8932,8954,9152,9592,9658,9680,10120,10802,10934,14014],
"fitness": [15256.444336,14996.356445,14745.169922,14623.123047,14476.183594,14313.354492,14286.241211,14222.492188,14171.168945,14114.291992,14019.549805,13998.310547,13926.291016,13885.253906,13876.061523,13820.931641,13714.976562,13695.944336,13685.796875,13650.598633,13620.134766,13589.984375,13568.115234,13539.099609,13489.284180,13466.380859,13441.375000,13407.243164,13405.207031,13390.000000,13346.163086,13331.478516,13330.899414,13285.582031,13236.491211,13212.691406,13188.500977,13149.067383,13138.302734,13103.587891,13022.111328,13020.344727,13006.266602,13003.322266,12975.778320,12937.895508,12920.410156,12891.909180,12869.194336,12846.731445,12811.852539,12793.586914,12764.884766,12745.888672,12739.860352,12697.121094,12671.624023,12643.613281,12609.783203,12555.923828,12547.812500,12469.310547,12403.846680,12393.478516,12379.247070,12292.402344,12285.812500,12255.969727,12240.892578,12208.172852,12174.247070,12126.585938,12104.516602,12089.927734,12060.086914,12047.530273,12015.351562,11950.337891,11945.419922,11932.759766,11898.345703,11877.604492,11863.887695,11828.710938,11806.502930,11767.217773,11754.286133,11738.643555,11717.176758,11715.931641,11678.113281,11654.367188,11627.180664,11625.587891,11602.640625,11591.079102,11539.092773,11538.328125,11508.122070,11503.018555,11461.729492,11457.671875,11450.504883,11437.052734,11401.607422,11394.880859,11360.075195,11340.179688,11323.774414,11309.494141,11307.643555,11253.538086,11214.164062,11201.371094,11197.130859,11172.640625,11159.230469,11137.622070,11095.606445,11072.946289,11070.379883,11051.412109,11046.717773,11034.915039,11005.212891,10980.285156,10960.970703,10954.342773,10929.691406,10919.843750,10908.675781,10890.651367,10885.946289,10851.470703,10835.593750,10831.227539,10804.266602,10788.822266,10777.943359,10725.517578,10722.085938,10701.056641,10690.732422,10649.378906,10646.927734,10619.885742,10608.562500,10596.424805,10586.776367,10576.045898,10561.743164,10560.728516,10547.009766,10546.994141,10513.400391,10474.506836,10454.301758,10412.898438,10390.346680,10357.577148,10347.838867,10313.611328,10302.347656,10284.932617,10253.537109,10245.083984,10219.934570,10210.437500,10191.134766,10186.176758,10176.622070,10156.924805,10115.645508,10106.204102,10066.399414,10046.878906,9995.904297,9993.862305,9980.513672,9929.974609,9915.157227,9896.666016,9852.383789,9828.165039,9806.845703,9786.216797,9752.978516,9718.601562,9652.221680,9608.408203,9577.941406,9566.651367,9526.502930,9496.192383,9481.393555,9442.486328,9423.482422,9419.194336,9410.971680,9396.266602,9371.397461,9363.232422,9334.124023,9330.274414,9284.625977,9268.334961,9238.982422,9205.642578,9198.628906,9195.790039,9154.291992,9147.299805,9114.876953,9108.212891,9078.900391,9073.947266,9047.661133,9035.267578,9014.934570,9006.345703,8985.972656,8970.344727,8949.890625,8938.637695,8908.042969,8884.153320,8876.009766,8869.363281,8860.844727,8845.285156,8844.293945,8828.788086,8821.040039,8809.912109,8792.042969,8789.286133,8786.987305,8783.881836,8765.003906,8748.456055,8720.652344,8705.498047,8684.344727,8683.136719,8671.621094,8669.692383,8659.637695,8653.673828,8652.796875,8650.175781,8643.438477,8641.365234,8636.642578,8635.790039,8629.354492,8621.885742,8621.885742]
}