{
"iteraciones": [22,66,88,110,132,154,176,198,220,242,264,286,308,330,352,374,396,418,440,462,484,506,528,550,572,594,616,638,660,682,704,726,748,770,792,814,836,858,880,902,924,946,968,990,1012,1034,1056,1100,1122,1144,1166,1188,1210,1232,1254,1298,1320,1342,1364,1386,1430,1452,1474,1496,1518,1540,1562,1584,1606,1628,1650,1672,1694,1716,1738,1826,1848,1870,1892,1914,1936,1980,2002,2024,2046,2068,2090,2112,2134,2156,2178,2200,2222,2244,2266,2288,2332,2354,2376,2398,2420,2442,2464,2486,2508,2530,2552,2574,2596,2618,2640,2684,2706,2772,2794,2860,2882,2926,2948,2970,2992,3036,3058,3080,3124,3168,3190,3212,3234,3344,3366,3388,3410,3432,3454,3476,3498,3520,3564,3586,3608,3630,3652,3674,3696,3718,3762,3806,3850,3872,3894,3960,4004,4026,4070,4092,4114,4136,4202,4268,4290,4312,4334,4356,4378,4400,4488,4532,4554,4576,4598,4620,4642,4664,4686,4708,4752,4818,4840,4862,4884,4906,4928,4950,4972,4994,5016,5038,5060,5104,5126,5148,5192,5214,5236,5258,5280,5302,5324,5346,5368,5390,5412,5434,5456,5478,5522,5544,5566,5588,5610,5632,5654,5676,5720,5742,5808,5830,5852,5896,5984,6006,6050,6072,6094,6116,6138,6182,6270,6314,6424,6446,6490,6578,6666,6732,6776,6820,6842,6864,6996,7040,7062,7128,7194,7370,7414,7480,7546,7568,7590,7656,7766,7810,7832,7854,7876,7898,7942,7986,8008,8206,10054,10494,12826,13442,16522],
"fitness": [15209.141602,14873.769531,14795.974609,14585.070312,14482.998047,14240.100586,14228.256836,14178.113281,14052.101562,13970.459961,13968.035156,13922.684570,13839.084961,13774.027344,13751.954102,13692.802734,13637.632812,13580.330078,13531.528320,13518.696289,13465.534180,13450.000000,13380.174805,13340.160156,13336.051758,13266.171875,13227.534180,13212.875000,13166.808594,13081.613281,13069.793945,13045.066406,13007.734375,12986.250000,12922.360352,12900.718750,12890.098633,12873.764648,12862.139648,12834.486328,12815.000000,12774.858398,12767.114258,12720.992188,12710.551758,12671.068359,12637.733398,12617.154297,12586.071289,12582.195312,12510.159180,12499.924805,12498.155273,12469.407227,12439.506836,12391.578125,12384.465820,12352.856445,12347.000000,12308.234375,12289.671875,12267.607422,12242.000000,12213.497070,12194.890625,12179.310547,12178.301758,12168.359375,12167.529297,12146.090820,12141.554688,12121.323242,12108.000000,12099.000000,12029.121094,12004.868164,11984.898438,11981.681641,11935.069336,11928.000000,11886.639648,11860.541992,11851.410156,11817.310547,11815.192383,11806.173828,11789.000000,11756.995117,11739.664062,11734.937500,11722.409180,11710.075195,11687.572266,11668.137695,11666.114258,11622.513672,11577.331055,11559.107422,11539.073242,11506.913086,11484.587891,11462.500977,11408.146484,11403.736328,11396.003906,11363.291992,11345.400391,11336.660156,11297.734375,11289.492188,11283.951172,11259.684570,11248.668945,11238.088867,11198.967773,11186.139648,11155.481445,11148.120117,11133.083008,11115.000977,11107.756836,11096.098633,11083.424805,11068.829102,11041.319336,11030.578125,11024.980469,11018.798828,10972.658203,10958.088867,10955.425781,10923.592773,10895.120117,10885.782227,10876.853516,10859.622070,10849.178711,10831.558594,10822.955078,10814.000000,10792.936523,10786.648438,10777.174805,10754.948242,10744.677734,10739.166016,10713.686523,10656.097656,10653.640625,10639.642578,10611.699219,10596.659180,10584.831055,10576.060547,10558.450195,10554.155273,10547.413086,10507.516602,10483.605469,10456.251953,10414.451172,10371.266602,10370.962891,10367.762695,10348.100586,10332.750000,10301.842773,10281.911133,10260.019531,10253.798828,10214.957031,10192.068359,10174.724609,10151.454102,10135.964844,10091.314453,10068.395508,10034.162109,10008.036133,9976.443359,9966.365234,9959.707031,9914.368164,9889.741211,9883.459961,9879.778320,9866.633789,9843.379883,9807.715820,9764.516602,9754.770508,9718.270508,9714.840820,9697.120117,9683.968750,9636.333008,9616.843750,9612.351562,9605.550781,9600.217773,9557.074219,9525.111328,9510.355469,9490.418945,9486.382812,9448.520508,9437.548828,9419.632812,9398.532227,9393.574219,9381.899414,9377.319336,9362.033203,9357.262695,9334.342773,9319.804688,9294.828125,9293.626953,9253.915039,9219.605469,9189.522461,9177.848633,9170.354492,9148.997070,9138.616211,9116.612305,9076.275391,9063.267578,9056.169922,9000.159180,8996.346680,8950.342773,8935.426758,8922.733398,8906.704102,8904.091797,8897.087891,8895.057617,8891.841797,8888.025391,8845.956055,8843.054688,8842.154297,8839.166016,8783.460938,8780.547852,8767.119141,8766.175781,8765.174805,8763.071289,8762.104492,8757.932617,8726.771484,8705.886719,8702.173828,8661.945312,8647.697266,8638.407227,8637.260742,8633.540039,8629.603516,8628.404297,8626.211914,8625.285156,8624.148438,8621.885742,8621.885742]
}