{
"iteraciones": [22,44,66,88,110,132,154,176,198,220,264,286,308,330,352,374,396,418,440,462,506,528,550,572,594,616,638,660,682,704,726,748,770,792,814,858,880,902,924,946,968,990,1034,1056,1078,1100,1144,1166,1188,1210,1232,1254,1276,1298,1320,1342,1364,1386,1408,1430,1452,1496,1518,1540,1562,1584,1606,1628,1650,1672,1694,1716,1738,1760,1782,1804,1826,1848,1870,1892,1914,1936,1958,1980,2002,2046,2068,2090,2112,2156,2200,2222,2266,2310,2332,2354,2376,2420,2442,2464,2486,2530,2552,2574,2618,2662,2684,2706,2728,2750,2794,2816,2838,2882,2904,2926,2948,2970,2992,3014,3036,3058,3080,3168,3190,3212,3234,3256,3278,3300,3322,3366,3388,3432,3498,3520,3542,3564,3586,3608,3630,3652,3674,3696,3718,3740,3784,3806,3828,3850,3872,3894,3916,3938,3960,3982,4004,4026,4048,4092,4114,4136,4180,4224,4268,4290,4312,4334,4356,4378,4400,4422,4444,4466,4488,4510,4532,4598,4620,4642,4686,4708,4730,4774,4796,4818,4840,4862,4928,4950,4972,4994,5016,5038,5060,5082,5126,5148,5170,5192,5214,5236,5258,5302,5324,5346,5368,5390,5412,5434,5456,5478,5500,5544,5566,5588,5610,5632,5654,5676,5720,5808,5830,5874,5896,5918,5962,6006,6028,6050,6072,6094,6138,6160,6204,6226,6248,6270,6292,6314,6336,6358,6402,6424,6446,6468,6534,6578,6710,6732,6754,6820,6842,6864,6886,6974,6996,7018,7040,7062,7260,7282,7304,7326,7392,7436,7458,7480,7502,7612,7634,7656,7678,7788,7854,7942,8096,8316,8360,8382,8404,8470,8910,8932,9218,9306,9504,9680,11066,12056,14740,17820],
"fitness": [15270.226562,15097.045898,14992.727539,14756.626953,14724.224609,14551.637695,14282.432617,14235.506836,14114.668945,13927.360352,13829.931641,13791.621094,13618.281250,13570.646484,13564.253906,13527.186523,13474.457031,13395.882812,13382.682617,13286.903320,13241.654297,13193.124023,13162.490234,13130.604492,13105.045898,13085.037109,13063.771484,13021.578125,13002.369141,12983.903320,12963.629883,12952.277344,12921.920898,12904.019531,12836.068359,12802.372070,12781.118164,12772.798828,12737.272461,12733.047852,12694.585938,12653.230469,12633.920898,12621.968750,12601.420898,12586.830078,12566.000000,12546.172852,12518.704102,12504.663086,12482.476562,12465.797852,12434.899414,12424.966797,12392.410156,12334.691406,12318.208008,12282.206055,12277.626953,12263.670898,12244.916992,12213.544922,12199.669922,12183.175781,12165.270508,12130.928711,12122.581055,12088.897461,12077.554688,12063.248047,12057.458984,12037.141602,12019.721680,12011.470703,11998.264648,11968.751953,11959.505859,11941.539062,11919.000977,11902.620117,11894.915039,11864.709961,11850.470703,11846.837891,11812.159180,11794.275391,11760.895508,11759.346680,11689.814453,11675.492188,11666.741211,11661.633789,11638.847656,11631.985352,11620.681641,11616.450195,11596.668945,11578.539062,11561.625977,11556.214844,11536.940430,11527.428711,11524.054688,11511.313477,11505.937500,11486.031250,11482.166016,11479.415039,11472.758789,11466.511719,11456.211914,11453.564453,11443.350586,11412.356445,11408.901367,11398.393555,11379.615234,11375.535156,11371.772461,11367.903320,11364.699219,11349.293945,11333.416992,11315.750977,11308.512695,11288.269531,11279.459961,11257.307617,11254.916016,11249.884766,11232.183594,11220.725586,11197.288086,11187.002930,11170.319336,11167.125977,11159.492188,11145.641602,11137.595703,11109.938477,11105.534180,11078.698242,11067.840820,11062.767578,11046.958984,11031.565430,11021.482422,11004.119141,10991.487305,10970.904297,10954.616211,10936.063477,10921.415039,10913.068359,10904.758789,10895.198242,10885.278320,10865.546875,10857.297852,10845.852539,10842.000000,10821.981445,10805.013672,10794.767578,10789.833008,10774.625000,10757.481445,10748.719727,10742.291016,10724.400391,10723.000000,10711.304688,10705.000000,10692.396484,10680.395508,10662.052734,10637.716797,10615.228516,10609.342773,10595.185547,10578.575195,10570.666016,10568.655273,10565.081055,10560.955078,10525.203125,10510.103516,10484.301758,10477.829102,10468.994141,10441.402344,10427.184570,10408.236328,10400.577148,10377.038086,10374.587891,10365.765625,10341.611328,10312.885742,10288.247070,10280.250977,10258.665039,10183.464844,10176.699219,10167.005859,10160.062500,10148.643555,10140.409180,10102.822266,10076.029297,10051.225586,10015.107422,9962.241211,9953.062500,9943.576172,9929.047852,9891.517578,9881.933594,9863.447266,9844.179688,9806.806641,9801.424805,9779.272461,9731.134766,9715.362305,9712.023438,9661.967773,9656.416016,9654.255859,9638.309570,9634.910156,9613.665039,9594.262695,9586.849609,9584.355469,9576.166992,9564.281250,9555.105469,9548.020508,9530.111328,9500.750977,9479.792969,9450.968750,9444.375000,9443.533203,9388.668945,9381.215820,9340.905273,9312.606445,9269.526367,9257.518555,9248.109375,9199.556641,9192.172852,9121.211914,9120.613281,9081.923828,9074.199219,9071.678711,9040.637695,9016.274414,9012.805664,9008.895508,8975.859375,8944.380859,8939.416016,8935.563477,8906.980469,8858.158203,8855.855469,8828.337891,8800.140625,8745.726562,8740.377930,8732.033203,8703.578125,8682.443359,8679.203125,8675.820312,8653.652344,8652.376953,8647.265625,8646.870117,8641.738281,8637.115234,8634.693359,8631.742188,8630.659180,8628.142578,8623.272461,8621.885742,8621.885742]
}