{
"iteraciones": [22,44,88,110,132,154,176,198,220,242,264,286,308,330,352,374,396,418,440,462,484,506,528,550,572,594,616,660,682,704,726,748,770,792,814,836,858,880,902,924,968,1012,1034,1056,1078,1100,1122,1144,1166,1188,1210,1232,1254,1276,1298,1320,1342,1364,1386,1408,1452,1474,1496,1518,1540,1562,1584,1606,1628,1650,1672,1694,1716,1738,1760,1782,1804,1826,1848,1870,1892,1914,1936,1958,2002,2024,2046,2068,2090,2112,2134,2156,2178,2200,2222,2244,2266,2288,2310,2332,2376,2398,2420,2442,2464,2486,2508,2530,2552,2574,2640,2662,2684,2706,2750,2772,2794,2838,2904,2926,2948,2970,2992,3014,3036,3058,3080,3146,3168,3190,3212,3234,3256,3278,3300,3344,3366,3388,3476,3498,3520,3542,3608,3630,3652,3674,3696,3718,3740,3762,3828,3850,3872,3894,4004,4026,4048,4070,4136,4158,4180,4202,4246,4290,4312,4334,4356,4378,4400,4422,4444,4466,4488,4510,4532,4598,4642,4664,4686,4708,4730,4752,4796,4840,4862,4972,4994,5016,5082,5104,5148,5258,5390,5434,5456,5478,5500,5522,5610,5676,5698,5720,5764,5786,5852,6006,6094,6138,6160,6204,6424,6468,6490,6600,6754,6886,6974,7238,7414,7502,7810,10318,13398],
"fitness": [15242.381836,14786.118164,14674.488281,14572.635742,14321.791992,14230.416992,14112.400391,13985.889648,13978.470703,13753.322266,13666.497070,13572.020508,13570.475586,13502.338867,13448.977539,13393.145508,13332.064453,13331.123047,13295.927734,13228.916992,13221.069336,13201.771484,13174.804688,13123.305664,13108.498047,13073.943359,13020.707031,12995.307617,12972.785156,12950.888672,12927.623047,12890.086914,12853.970703,12839.321289,12818.545898,12808.157227,12769.591797,12758.920898,12707.720703,12658.721680,12632.920898,12612.585938,12561.859375,12508.053711,12501.650391,12485.359375,12472.952148,12445.134766,12417.709961,12391.519531,12386.195312,12334.362305,12329.648438,12308.571289,12289.936523,12271.014648,12229.529297,12209.740234,12199.023438,12141.939453,12115.632812,12091.984375,12078.507812,12059.591797,12035.675781,12019.930664,11988.705078,11970.333984,11922.959961,11888.529297,11887.427734,11854.828125,11825.965820,11823.825195,11803.400391,11779.702148,11759.128906,11745.184570,11708.942383,11698.404297,11697.795898,11675.198242,11669.947266,11637.829102,11596.577148,11593.456055,11584.466797,11558.334961,11526.267578,11518.319336,11477.313477,11461.692383,11442.688477,11413.027344,11385.901367,11364.887695,11344.964844,11324.200195,11302.563477,11275.328125,11242.032227,11239.990234,11223.044922,11218.746094,11205.372070,11186.297852,11175.933594,11154.756836,11145.709961,11132.530273,11122.871094,11099.503906,11082.644531,11076.343750,11061.125977,11057.000000,11016.877930,11013.360352,10997.864258,10974.641602,10968.101562,10929.953125,10928.212891,10910.621094,10884.904297,10880.109375,10863.484375,10861.076172,10849.452148,10840.375000,10825.305664,10823.433594,10811.211914,10806.672852,10763.795898,10734.742188,10714.743164,10696.779297,10654.113281,10642.457031,10611.066406,10577.824219,10563.170898,10550.605469,10523.785156,10512.773438,10504.298828,10484.106445,10470.179688,10462.996094,10446.145508,10442.436523,10423.466797,10351.289062,10320.616211,10296.537109,10269.190430,10248.309570,10243.738281,10241.786133,10232.911133,10206.369141,10183.348633,10165.945312,10154.733398,10131.488281,10126.093750,10096.021484,10088.566406,10063.485352,10061.339844,10054.279297,10030.544922,10025.655273,10014.250977,10012.764648,10001.986328,9996.456055,9989.898438,9978.370117,9969.561523,9962.231445,9940.634766,9933.025391,9881.345703,9859.539062,9850.409180,9814.006836,9804.751953,9794.158203,9761.842773,9740.313477,9721.325195,9703.904297,9671.617188,9663.789062,9654.281250,9653.100586,9648.102539,9645.833008,9628.287109,9618.438477,9596.246094,9583.652344,9566.528320,9520.308594,9515.872070,9514.459961,9483.832031,9461.311523,9444.816406,9440.861328,9414.785156,9413.545898,9367.758789,9364.740234,9345.909180,9341.240234,9340.609375,9339.045898,9317.697266,9315.638672,9315.000000]
}