{
"iteraciones": [22,44,88,110,154,176,198,220,242,264,286,308,330,352,374,396,440,462,484,506,528,550,572,594,616,638,660,682,704,726,748,770,792,814,836,858,880,902,924,946,968,990,1012,1034,1056,1078,1100,1122,1166,1188,1232,1254,1276,1298,1342,1364,1386,1408,1430,1474,1496,1518,1540,1562,1606,1628,1650,1672,1716,1738,1782,1804,1826,1848,1870,1892,1958,1980,2002,2046,2068,2090,2112,2156,2178,2222,2266,2288,2310,2354,2376,2398,2420,2442,2464,2486,2508,2530,2552,2574,2596,2618,2684,2706,2728,2750,2772,2794,2816,2838,2860,2882,2926,2948,2970,2992,3014,3036,3058,3102,3124,3146,3168,3212,3234,3256,3278,3322,3344,3366,3388,3410,3454,3476,3498,3542,3564,3586,3608,3630,3674,3696,3740,3784,3806,3828,3872,3894,3960,4004,4026,4070,4114,4136,4158,4224,4246,4268,4312,4334,4356,4378,4466,4510,4532,4554,4576,4598,4620,4642,4664,4686,4708,4730,4752,4774,4796,4862,4884,4928,4950,4972,4994,5016,5038,5060,5126,5148,5170,5214,5236,5302,5324,5346,5368,5412,5434,5456,5478,5500,5522,5544,5566,5588,5610,5632,5654,5698,5720,5742,5764,5786,5808,5830,5852,5896,5940,5962,5984,6006,6028,6072,6226,6248,6270,6292,6314,6336,6380,6424,6446,6490,6556,6578,6600,6622,6644,6666,6688,6732,6776,6798,6820,6842,6930,6952,7062,7084,7106,7128,7172,7194,7238,7260,7282,7304,7326,7370,7392,7414,7436,7458,7502,7590,7612,7634,7678,7722,7744,7766,7920,8184,8206,8404,8426,8448,8558,8668,8756,8866,8888,8910,8932,8976,8998,9020,9042,9086,9372,9482,10780,10802,10890,10934,14014],
"fitness": [15497.753906,15156.500000,14956.224609,14638.284180,14455.122070,14441.725586,14174.635742,14140.776367,14059.732422,13872.843750,13866.673828,13855.700195,13762.914062,13714.619141,13630.222656,13576.916992,13544.285156,13536.270508,13499.293945,13470.843750,13465.642578,13438.000000,13403.827148,13388.782227,13357.732422,13352.016602,13311.478516,13306.329102,13287.074219,13215.056641,13201.372070,13175.000000,13126.687500,13117.873047,13080.657227,13065.895508,13020.653320,13000.542969,12983.990234,12953.065430,12925.591797,12893.495117,12849.820312,12842.170898,12798.004883,12781.956055,12741.784180,12663.261719,12631.993164,12607.184570,12587.892578,12580.162109,12563.661133,12524.620117,12478.819336,12459.940430,12448.750000,12432.382812,12387.105469,12384.147461,12339.649414,12322.104492,12314.528320,12246.001953,12234.565430,12181.174805,12170.927734,12137.667969,12128.883789,12091.343750,12045.432617,12035.869141,12018.236328,12002.499023,11979.421875,11954.698242,11942.239258,11938.694336,11896.937500,11887.773438,11852.371094,11837.872070,11830.126953,11811.027344,11807.583984,11789.708008,11770.370117,11757.523438,11743.623047,11738.592773,11711.425781,11682.732422,11672.694336,11663.020508,11641.515625,11633.083008,11632.409180,11622.927734,11608.530273,11597.000000,11582.930664,11566.515625,11561.553711,11556.483398,11543.992188,11533.519531,11514.348633,11510.318359,11490.625977,11487.576172,11480.592773,11448.343750,11434.845703,11430.000000,11420.923828,11412.713867,11406.765625,11392.314453,11381.366211,11378.705078,11373.670898,11357.251953,11339.821289,11330.074219,11329.914062,11326.958984,11324.910156,11319.500000,11311.071289,11301.371094,11300.910156,11283.319336,11277.946289,11265.483398,11260.180664,11254.826172,11249.875977,11246.012695,11235.699219,11221.218750,11216.922852,11201.523438,11198.482422,11178.875000,11173.290039,11154.041992,11147.154297,11137.741211,11136.571289,11129.689453,11106.173828,11086.823242,11076.733398,11063.018555,11044.094727,11018.374023,11007.573242,10998.134766,10989.612305,10972.309570,10963.582031,10950.133789,10933.849609,10917.563477,10909.933594,10887.544922,10865.910156,10859.164062,10853.844727,10819.711914,10798.868164,10792.305664,10787.546875,10782.069336,10775.434570,10769.858398,10764.013672,10755.544922,10744.468750,10731.815430,10729.030273,10716.080078,10709.865234,10707.405273,10683.118164,10651.656250,10627.770508,10621.372070,10591.170898,10560.641602,10556.152344,10548.060547,10541.197266,10527.075195,10511.917969,10510.775391,10509.809570,10508.780273,10459.765625,10450.048828,10433.183594,10422.492188,10412.321289,10383.215820,10381.980469,10333.184570,10321.128906,10273.518555,10258.567383,10246.974609,10240.000000,10185.420898,10178.495117,10167.226562,10155.777344,10133.361328,10131.489258,10119.984375,10115.620117,10086.365234,10056.195312,10028.139648,10015.779297,9988.226562,9976.724609,9960.723633,9945.957031,9926.041992,9918.481445,9903.660156,9884.177734,9879.861328,9876.000000,9875.197266,9862.646484,9843.228516,9838.883789,9834.556641,9826.751953,9813.531250,9811.844727,9806.360352,9787.817383,9775.259766,9771.039062,9761.009766,9760.989258,9750.905273,9744.746094,9741.604492,9735.277344,9729.547852,9708.256836,9707.005859,9692.363281,9683.285156,9679.972656,9670.351562,9665.449219,9663.782227,9651.818359,9650.131836,9635.331055,9626.782227,9620.547852,9612.433594,9605.919922,9595.461914,9565.016602,9553.346680,9527.903320,9511.078125,9495.291016,9465.655273,9463.590820,9428.763672,9411.925781,9405.208008,9402.753906,9387.444336,9386.034180,9372.081055,9361.998047,9357.106445,9348.635742,9344.418945,9336.114258,9328.220703,9327.653320,9324.923828,9323.729492,9321.897461,9318.303711,9315.638672,9315.638672]
}