{
"iteraciones": [22,44,66,110,132,154,176,198,220,242,264,286,308,330,352,374,396,418,440,462,484,506,528,550,594,616,638,660,682,704,748,792,814,836,858,880,902,924,946,968,1012,1034,1056,1078,1100,1122,1144,1166,1210,1232,1254,1298,1320,1342,1364,1386,1408,1430,1452,1474,1518,1540,1562,1584,1606,1628,1650,1694,1716,1738,1760,1782,1826,1848,1870,1892,1914,1936,1958,1980,2002,2024,2068,2090,2112,2134,2156,2200,2222,2266,2288,2332,2354,2376,2420,2442,2464,2486,2508,2552,2574,2596,2618,2640,2684,2706,2728,2750,2772,2794,2816,2838,2860,2882,2904,2926,2948,2992,3014,3036,3080,3102,3146,3168,3190,3212,3234,3256,3300,3322,3344,3388,3410,3432,3454,3476,3498,3542,3586,3630,3652,3696,3718,3740,3762,3784,3806,3872,3894,3916,3938,3960,4026,4048,4092,4114,4136,4158,4224,4268,4290,4312,4334,4356,4378,4400,4422,4444,4466,4488,4532,4598,4620,4642,4686,4708,4730,4752,4796,4818,4840,4862,4884,4906,4950,4972,4994,5104,5148,5214,5346,5390,5478,5500,5522,5544,5566,5588,5676,5874,6072,6094,6116,6160,6380,6402,6468,6490,6512,6534,6556,6666,6710,7150,7194,7282,7370,7612,8272,8294,8734,11814],
"fitness": [15179.259766,15154.791016,14831.749023,14531.672852,14506.306641,14294.466797,14245.180664,14151.705078,14036.621094,13945.444336,13913.181641,13803.250977,13733.083984,13676.164062,13651.365234,13619.108398,13576.992188,13491.373047,13483.107422,13425.174805,13383.273438,13345.620117,13309.924805,13274.784180,13216.967773,13199.562500,13149.198242,13138.971680,13070.767578,13041.055664,12961.010742,12927.781250,12926.228516,12896.195312,12851.361328,12831.271484,12798.808594,12789.826172,12737.084961,12690.912109,12663.034180,12620.794922,12607.216797,12562.750977,12547.366211,12511.122070,12482.912109,12442.467773,12391.398438,12331.801758,12304.606445,12265.904297,12245.796875,12226.403320,12195.853516,12159.483398,12135.933594,12103.629883,12067.751953,12061.416992,12010.588867,12006.791016,11994.957031,11967.519531,11915.244141,11880.070312,11868.042969,11862.250000,11834.115234,11820.061523,11792.954102,11724.712891,11721.269531,11693.053711,11679.272461,11640.486328,11625.865234,11599.477539,11585.064453,11571.021484,11554.910156,11540.182617,11496.296875,11481.042969,11442.700195,11408.987305,11396.254883,11374.292969,11332.724609,11313.958984,11284.964844,11250.771484,11235.415039,11220.513672,11205.152344,11190.474609,11158.203125,11127.792969,11097.541016,11086.607422,11066.768555,11046.629883,11045.717773,11018.375977,11016.388672,11004.825195,10975.944336,10955.576172,10936.000000,10912.175781,10898.834961,10874.680664,10861.405273,10847.162109,10834.386719,10812.256836,10800.919922,10786.520508,10765.905273,10739.806641,10715.958984,10697.921875,10669.118164,10647.084961,10634.386719,10614.149414,10603.625977,10573.146484,10558.041992,10546.891602,10522.728516,10514.879883,10497.586914,10472.627930,10425.718750,10412.377930,10381.322266,10338.355469,10313.789062,10306.212891,10264.361328,10261.000000,10232.386719,10207.139648,10177.019531,10164.264648,10119.072266,10070.285156,9999.941406,9986.444336,9968.430664,9930.708984,9896.623047,9879.563477,9839.195312,9837.907227,9796.048828,9732.965820,9697.655273,9676.268555,9657.004883,9616.986328,9602.092773,9578.310547,9567.208984,9564.472656,9561.798828,9527.183594,9521.653320,9469.440430,9392.420898,9389.969727,9356.916016,9291.534180,9290.575195,9258.431641,9223.704102,9206.338867,9194.372070,9186.600586,9175.903320,9164.332031,9142.657227,9123.169922,9102.281250,9080.881836,9054.731445,9011.139648,8993.727539,8990.777344,8975.372070,8967.795898,8946.986328,8940.466797,8936.674805,8922.896484,8905.375977,8882.783203,8874.785156,8865.817383,8864.330078,8849.953125,8816.925781,8782.287109,8754.351562,8753.375977,8729.308594,8725.225586,8724.165039,8699.636719,8696.931641,8694.569336,8671.649414,8650.281250,8646.973633,8644.778320,8638.728516,8635.392578,8629.000000,8626.612305,8624.148438,8624.148438]
}