{
"iteraciones": [22,44,88,110,132,176,198,220,242,264,286,308,330,352,374,396,418,440,462,484,506,528,572,594,616,638,660,682,704,726,748,770,792,814,836,880,902,924,946,968,990,1012,1034,1078,1100,1122,1144,1166,1188,1210,1232,1254,1276,1298,1320,1342,1364,1386,1408,1430,1452,1474,1496,1518,1540,1562,1584,1606,1628,1650,1672,1716,1738,1760,1782,1804,1826,1870,1892,1914,1936,2002,2046,2068,2090,2156,2200,2222,2244,2266,2288,2310,2332,2354,2398,2420,2442,2464,2486,2508,2530,2552,2574,2618,2640,2662,2684,2706,2750,2772,2794,2816,2860,2882,2904,2948,2970,2992,3014,3036,3058,3102,3124,3168,3234,3278,3300,3322,3344,3366,3388,3410,3432,3454,3476,3520,3542,3564,3586,3608,3630,3652,3674,3696,3718,3762,3784,3806,3828,3850,3872,3894,3916,3938,3982,4004,4026,4048,4092,4114,4136,4180,4202,4224,4268,4312,4334,4378,4400,4466,4510,4532,4554,4598,4620,4642,4664,4730,4752,4796,4818,4840,4906,4928,4972,4994,5016,5038,5060,5082,5104,5126,5170,5214,5258,5324,5346,5368,5412,5434,5456,5478,5500,5544,5566,5588,5610,5632,5654,5676,5698,5720,5742,5764,5786,5808,5874,5918,5940,5962,5984,6006,6028,6050,6072,6116,6138,6160,6182,6204,6226,6292,6314,6424,6446,6468,6490,6556,6600,6622,6666,6732,6798,6820,6864,6886,7018,7172,7194,7238,7260,7282,7326,7524,7546,7656,7744,7898,8184,8404,8426,8470,8558,9064,9108,9130,9152,9196,10780,11154,11198,12078,15158],
"fitness": [15241.023438,15147.891602,14966.879883,14859.056641,14527.034180,14381.926758,14314.002930,14242.019531,14135.565430,14083.691406,14016.000000,13935.797852,13903.444336,13778.691406,13772.090820,13681.727539,13662.306641,13612.402344,13583.156250,13538.545898,13514.800781,13489.113281,13460.111328,13380.172852,13371.514648,13362.649414,13292.363281,13280.617188,13211.687500,13166.664062,13155.300781,13060.921875,13057.771484,13029.724609,12966.097656,12958.810547,12937.847656,12902.787109,12859.997070,12850.629883,12811.319336,12782.542969,12734.089844,12708.513672,12657.362305,12638.260742,12635.757812,12596.161133,12557.412109,12520.534180,12479.758789,12468.490234,12439.457031,12412.793945,12391.373047,12368.355469,12343.508789,12290.658203,12277.917969,12264.498047,12257.136719,12232.491211,12223.292969,12204.716797,12186.047852,12138.336914,12121.130859,12120.263672,12104.269531,12097.109375,12083.478516,12066.107422,12032.998047,12024.450195,11989.886719,11966.232422,11930.219727,11884.141602,11880.201172,11822.117188,11779.178711,11752.256836,11730.000000,11690.467773,11682.148438,11644.282227,11639.183594,11621.139648,11604.356445,11597.851562,11592.607422,11574.741211,11541.474609,11522.804688,11512.288086,11461.030273,11439.813477,11432.223633,11397.182617,11396.130859,11393.026367,11362.181641,11352.050781,11323.286133,11317.189453,11308.000000,11295.081055,11273.058594,11264.333984,11245.878906,11216.859375,11189.789062,11156.501953,11140.060547,11122.339844,11101.244141,11088.311523,11082.227539,11071.387695,11068.852539,11045.254883,11038.796875,11018.871094,10999.925781,10996.226562,10987.982422,10974.106445,10972.000000,10962.250000,10959.915039,10953.300781,10929.753906,10911.301758,10900.180664,10873.262695,10865.183594,10853.434570,10849.620117,10829.496094,10816.171875,10792.583984,10771.977539,10770.843750,10760.520508,10724.017578,10719.062500,10689.843750,10668.704102,10646.898438,10631.454102,10596.783203,10587.847656,10582.921875,10564.286133,10552.332031,10542.016602,10515.765625,10499.563477,10490.776367,10489.920898,10463.759766,10442.885742,10422.643555,10410.453125,10388.539062,10387.961914,10380.314453,10371.146484,10347.873047,10299.635742,10281.323242,10267.973633,10204.319336,10177.113281,10162.917969,10130.816406,10102.802734,10075.835938,10066.771484,10060.791992,10042.799805,10019.245117,10008.192383,9988.745117,9975.955078,9970.307617,9933.168945,9917.428711,9899.275391,9889.165039,9828.317383,9805.138672,9780.317383,9767.713867,9733.358398,9715.687500,9699.653320,9691.006836,9667.564453,9658.120117,9644.641602,9629.101562,9586.179688,9575.039062,9551.284180,9539.180664,9522.280273,9512.057617,9485.224609,9479.061523,9469.781250,9429.833984,9409.458008,9397.206055,9388.301758,9362.999023,9350.858398,9330.864258,9325.995117,9296.523438,9293.436523,9269.631836,9248.000000,9215.160156,9214.360352,9195.093750,9181.000000,9151.061523,9135.889648,9129.139648,9089.414062,9071.825195,9039.424805,9003.051758,8985.581055,8969.526367,8965.571289,8943.118164,8936.628906,8919.119141,8901.226562,8898.194336,8891.205078,8846.938477,8843.445312,8825.855469,8817.422852,8813.695312,8794.586914,8787.298828,8781.239258,8779.992188,8776.779297,8775.000000,8772.593750,8766.483398,8742.388672,8722.717773,8719.968750,8693.219727,8691.511719,8686.429688,8674.136719,8659.247070,8657.670898,8649.786133,8648.064453,8642.684570,8628.098633,8625.349609,8624.148438,8621.885742,8621.885742]
}