{
"iteraciones": [22,44,66,88,110,132,154,176,198,242,264,286,308,330,352,374,396,418,440,462,484,506,528,550,572,616,638,660,704,726,748,770,792,814,836,858,880,902,924,946,968,990,1012,1034,1056,1078,1100,1122,1144,1166,1188,1210,1232,1276,1298,1320,1364,1386,1408,1430,1452,1474,1518,1540,1562,1584,1606,1628,1650,1716,1738,1760,1782,1804,1826,1870,1914,1980,2002,2024,2046,2068,2090,2112,2134,2178,2200,2222,2266,2288,2310,2332,2354,2398,2420,2464,2486,2508,2530,2552,2574,2596,2640,2662,2684,2750,2772,2794,2816,2860,2882,2904,2926,2948,2970,2992,3014,3036,3058,3080,3124,3146,3168,3234,3256,3278,3322,3366,3388,3410,3432,3454,3476,3498,3520,3542,3564,3586,3696,3718,3740,3762,3806,3850,3872,3894,3916,3938,3960,4004,4026,4070,4092,4114,4136,4158,4180,4202,4224,4246,4268,4290,4312,4356,4532,4554,4664,4730,4796,4818,4840,4884,4906,4928,4950,5060,5082,5104,5148,5214,5280,5346,5500,5522,5610,5632,5654,5676,5764,5830,5874,5918,5940,5962,5984,6006,6050,6072,6094,6138,6160,6182,6204,6270,6358,6402,6424,6446,6468,6490,6512,6534,6556,6600,6622,6644,6666,6710,6732,6886,6908,6930,6952,6974,7128,7150,7260,7282,7392,7436,7502,7524,7546,7568,7590,7612,7744,7788,8074,8096,8118,8140,8162,8382,8580,8602,9020,11946,15026],
"fitness": [15100.343750,14972.465820,14884.851562,14705.678711,14454.307617,14317.316406,14168.388672,14114.459961,13930.539062,13829.582031,13761.282227,13683.916016,13620.863281,13518.951172,13493.915039,13469.140625,13466.736328,13412.568359,13379.120117,13373.021484,13341.000000,13303.410156,13300.875000,13282.497070,13245.750977,13219.034180,13202.999023,13131.842773,13114.535156,13081.000000,13058.576172,13042.955078,13006.601562,12997.164062,12967.111328,12937.924805,12915.861328,12881.650391,12873.052734,12840.958008,12832.874023,12784.222656,12752.900391,12744.800781,12720.176758,12663.329102,12644.680664,12610.877930,12581.582031,12546.032227,12532.734375,12479.635742,12416.197266,12402.000000,12377.673828,12353.617188,12342.729492,12311.709961,12288.219727,12279.425781,12246.404297,12191.625000,12172.107422,12157.125977,12147.393555,12097.374023,12076.834961,12051.660156,12006.464844,11976.464844,11949.271484,11931.609375,11883.134766,11855.680664,11818.699219,11737.853516,11716.743164,11701.063477,11697.107422,11687.592773,11665.976562,11659.102539,11645.548828,11618.999023,11599.607422,11578.272461,11560.921875,11539.657227,11535.818359,11512.448242,11491.990234,11482.932617,11465.500000,11454.047852,11438.716797,11427.976562,11419.093750,11415.955078,11392.575195,11378.477539,11336.025391,11316.745117,11299.275391,11283.323242,11262.506836,11256.509766,11240.975586,11218.070312,11188.629883,11186.740234,11173.825195,11167.229492,11160.072266,11145.015625,11120.448242,11114.568359,11112.567383,11097.110352,11083.250977,11075.973633,11063.669922,11061.428711,11031.083984,11023.200195,11018.113281,11012.009766,10984.545898,10978.977539,10951.905273,10923.754883,10918.968750,10914.593750,10901.777344,10889.817383,10886.674805,10878.906250,10872.092773,10812.496094,10793.351562,10754.534180,10738.305664,10730.239258,10720.323242,10712.054688,10692.156250,10685.466797,10676.525391,10671.613281,10644.621094,10640.828125,10631.826172,10591.976562,10583.705078,10571.767578,10565.750977,10549.210938,10537.832031,10524.310547,10514.504883,10510.979492,10500.622070,10484.012695,10455.183594,10389.780273,10385.927734,10335.700195,10318.453125,10295.810547,10289.729492,10285.194336,10262.336914,10255.823242,10232.474609,10216.519531,10199.673828,10171.742188,10158.726562,10148.343750,10098.030273,10081.136719,10071.208984,10058.141602,10047.412109,10037.875977,9998.509766,9993.069336,9985.615234,9980.040039,9977.160156,9958.487305,9950.921875,9945.619141,9941.298828,9930.884766,9918.562500,9909.238281,9896.722656,9885.595703,9874.764648,9856.201172,9843.601562,9828.463867,9806.744141,9804.834961,9770.775391,9765.861328,9732.259766,9714.843750,9710.277344,9702.584961,9697.956055,9686.825195,9682.719727,9653.551758,9637.643555,9624.299805,9621.377930,9615.878906,9584.799805,9566.778320,9547.000000,9515.013672,9509.931641,9497.391602,9484.568359,9473.334961,9472.783203,9454.170898,9447.296875,9441.755859,9440.455078,9431.458984,9429.906250,9410.279297,9406.828125,9396.430664,9394.721680,9371.075195,9370.035156,9359.375977,9348.141602,9347.113281,9332.988281,9331.465820,9329.035156,9328.774414,9320.635742,9315.907227,9315.000000]
}