{
"iteraciones": [44,66,88,110,132,154,176,198,220,242,286,308,330,352,374,396,418,440,462,484,506,528,550,572,594,616,638,660,682,704,726,748,770,792,814,836,858,880,902,924,946,968,990,1012,1034,1056,1100,1122,1166,1188,1210,1232,1298,1320,1342,1364,1386,1408,1452,1474,1496,1518,1540,1562,1584,1606,1628,1650,1672,1694,1716,1738,1760,1782,1804,1826,1848,1870,1892,1914,1936,1958,1980,2002,2024,2046,2068,2090,2112,2134,2178,2200,2222,2244,2266,2288,2310,2332,2354,2376,2398,2464,2486,2508,2530,2574,2596,2618,2640,2662,2706,2728,2750,2772,2794,2816,2838,2860,2882,2904,2926,2948,2970,2992,3014,3036,3058,3080,3102,3124,3146,3168,3190,3212,3256,3278,3300,3366,3388,3410,3432,3454,3476,3498,3520,3542,3564,3608,3652,3674,3718,3740,3762,3784,3806,3828,3850,3872,3894,3916,3938,3960,3982,4004,4026,4048,4092,4158,4180,4202,4224,4246,4268,4312,4334,4356,4378,4466,4510,4532,4554,4576,4598,4620,4664,4686,4708,4730,4752,4774,4862,4994,5016,5192,5214,5236,5258,5390,5434,5500,5632,5654,5698,5720,5742,5830,5962,5984,6006,6028,6182,6204,6226,6248,6270,6578,6666,6886,6908,7546,7810,7920,9724,12188,15268],
"fitness": [15263.590820,15061.730469,14969.978516,14853.345703,14654.257812,14503.762695,14483.221680,14423.191406,14303.049805,14174.078125,14092.467773,13892.766602,13828.541016,13723.642578,13595.269531,13559.935547,13521.621094,13462.574219,13441.746094,13389.025391,13362.172852,13335.303711,13309.704102,13271.098633,13254.964844,13233.070312,13200.054688,13181.904297,13142.746094,13073.374023,13021.291016,13001.440430,12971.035156,12921.818359,12904.333984,12872.196289,12820.000977,12784.232422,12739.820312,12725.685547,12658.616211,12650.029297,12630.802734,12536.965820,12520.834961,12473.537109,12457.679688,12422.692383,12383.321289,12361.242188,12342.466797,12301.782227,12285.295898,12251.299805,12233.427734,12202.927734,12165.385742,12150.367188,12143.673828,12067.748047,12062.543945,12015.250977,11994.263672,11967.435547,11959.147461,11958.665039,11918.530273,11892.100586,11868.532227,11862.690430,11834.260742,11826.850586,11812.063477,11797.111328,11780.783203,11759.111328,11729.503906,11701.957031,11668.502930,11642.629883,11620.691406,11616.199219,11568.666016,11547.290039,11526.567383,11480.845703,11472.875977,11433.038086,11404.000000,11365.513672,11355.147461,11340.402344,11323.979492,11308.304688,11287.183594,11246.777344,11217.230469,11211.833008,11154.417969,11126.738281,11057.341797,11044.562500,10999.629883,10985.559570,10962.905273,10941.337891,10920.801758,10886.651367,10873.381836,10819.728516,10759.420898,10727.646484,10713.797852,10694.068359,10644.120117,10616.076172,10591.873047,10580.683594,10541.366211,10517.874023,10459.460938,10445.205078,10417.000000,10400.803711,10348.448242,10343.769531,10318.830078,10295.152344,10285.135742,10267.953125,10230.408203,10229.373047,10214.291992,10205.378906,10182.000000,10166.508789,10105.321289,10045.149414,10012.985352,9986.236328,9980.925781,9946.863281,9921.685547,9918.382812,9905.506836,9873.076172,9837.176758,9792.748047,9780.535156,9739.514648,9729.910156,9676.210938,9664.691406,9626.002930,9617.350586,9595.410156,9579.861328,9544.842773,9523.142578,9517.894531,9482.752930,9478.554688,9444.591797,9435.534180,9426.441406,9377.759766,9360.747070,9343.205078,9330.307617,9328.043945,9326.232422,9320.274414,9298.917969,9280.147461,9257.374023,9252.041016,9229.139648,9203.722656,9189.942383,9184.893555,9156.190430,9155.576172,9123.000000,9076.194336,9071.160156,9049.975586,9046.185547,9020.490234,9001.420898,8977.209961,8970.395508,8959.789062,8947.257812,8934.339844,8907.680664,8892.618164,8867.008789,8865.125977,8864.281250,8853.453125,8851.774414,8848.502930,8831.183594,8824.395508,8820.376953,8802.529297,8770.506836,8769.750977,8766.607422,8752.199219,8734.591797,8732.953125,8714.000000,8711.646484,8708.842773,8693.197266,8659.219727,8656.904297,8653.682617,8651.969727,8649.438477,8647.004883,8625.349609,8621.885742,8621.885742]
}