{
"iteraciones": [22,44,66,88,110,132,154,176,198,220,242,264,308,330,352,374,396,418,440,462,484,528,572,594,616,638,660,682,704,726,748,770,792,814,836,858,880,902,946,968,990,1012,1034,1056,1078,1100,1122,1144,1166,1188,1276,1298,1320,1342,1364,1386,1408,1430,1452,1474,1496,1518,1540,1562,1584,1606,1628,1650,1672,1694,1716,1738,1760,1782,1804,1826,1848,1870,1892,1914,1936,1980,2002,2046,2068,2090,2112,2134,2156,2178,2200,2222,2244,2266,2310,2332,2354,2376,2398,2420,2442,2464,2486,2508,2552,2596,2618,2640,2684,2706,2728,2750,2772,2794,2816,2838,2860,2882,2904,2926,2948,2970,2992,3014,3036,3058,3080,3102,3124,3146,3168,3190,3212,3234,3278,3300,3322,3344,3366,3388,3410,3454,3476,3498,3520,3542,3586,3630,3652,3674,3696,3718,3740,3762,3784,3806,3828,3872,3894,3916,3938,3960,3982,4004,4026,4048,4070,4136,4180,4202,4246,4290,4312,4444,4466,4488,4510,4532,4554,4576,4598,4620,4642,4686,4730,4884,4906,4928,5016,5038,5060,5104,5148,5236,5258,5346,5412,5478,5610,5764,5896,5962,6182,6402,6446,6490,6776,6930,6952,6974,7040,7392,7612,7634,7656,7678,7832,7964,8008,8668,8690,9042,11924,15004],
"fitness": [15140.238281,14892.668945,14754.823242,14671.314453,14467.226562,14446.161133,14362.999023,14302.617188,14183.571289,14181.122070,14132.975586,14043.712891,14022.866211,14009.482422,13967.397461,13920.961914,13913.777344,13862.811523,13829.261719,13784.026367,13713.579102,13623.562500,13616.715820,13552.500977,13510.220703,13483.626953,13446.884766,13406.524414,13384.028320,13348.813477,13310.323242,13272.906250,13255.982422,13230.365234,13198.000000,13180.381836,13156.135742,13080.589844,13062.270508,13038.140625,12973.850586,12970.055664,12935.805664,12918.134766,12887.444336,12851.400391,12847.337891,12830.643555,12781.546875,12699.192383,12681.521484,12653.972656,12582.768555,12545.316406,12500.586914,12487.295898,12457.011719,12454.374023,12428.757812,12409.224609,12379.448242,12360.862305,12348.930664,12318.410156,12287.181641,12251.111328,12250.473633,12197.337891,12169.568359,12142.745117,12099.538086,12064.813477,12004.878906,11979.259766,11937.307617,11928.389648,11875.937500,11864.966797,11812.626953,11781.069336,11752.269531,11741.166016,11682.833984,11665.494141,11625.876953,11615.547852,11598.345703,11537.049805,11487.902344,11463.546875,11420.731445,11398.806641,11393.951172,11373.507812,11360.930664,11319.676758,11299.350586,11284.948242,11279.601562,11262.776367,11253.000000,11198.363281,11156.981445,11132.270508,11081.069336,11078.830078,11047.941406,11007.916992,10971.477539,10919.802734,10887.158203,10861.188477,10831.731445,10804.668945,10788.357422,10747.047852,10704.282227,10690.436523,10654.688477,10637.809570,10604.245117,10576.498047,10519.757812,10495.776367,10473.870117,10470.351562,10408.143555,10346.827148,10308.807617,10307.866211,10283.361328,10274.604492,10240.925781,10236.191406,10230.330078,10194.429688,10155.272461,10113.317383,10102.745117,10064.566406,10019.886719,9983.007812,9959.335938,9931.865234,9928.490234,9900.605469,9869.844727,9847.922852,9803.223633,9783.752930,9772.627930,9711.261719,9689.757812,9646.810547,9626.897461,9625.898438,9612.386719,9583.219727,9580.129883,9560.766602,9529.728516,9526.435547,9505.296875,9499.080078,9477.165039,9472.847656,9455.490234,9421.564453,9408.236328,9353.843750,9339.271484,9309.054688,9253.088867,9238.848633,9232.830078,9202.125977,9186.770508,9184.535156,9174.907227,9149.602539,9145.887695,9123.657227,9117.088867,9098.910156,9082.248047,9081.620117,9044.457031,9022.216797,9021.783203,9020.991211,9014.073242,9003.728516,8995.812500,8992.354492,8962.015625,8957.671875,8952.309570,8950.036133,8915.880859,8899.238281,8857.200195,8837.464844,8818.151367,8785.375000,8757.989258,8729.311523,8727.794922,8725.026367,8712.032227,8708.170898,8706.185547,8701.131836,8686.775391,8661.461914,8658.584961,8644.697266,8641.419922,8636.078125,8632.699219,8631.508789,8629.110352,8626.720703,8621.885742,8621.885742]
}