{
"iteraciones": [22,44,66,110,154,176,198,264,286,308,330,352,374,396,418,440,462,484,528,550,572,594,616,638,660,682,704,726,748,770,792,814,836,858,880,902,924,946,968,990,1012,1034,1056,1078,1100,1122,1144,1166,1188,1232,1276,1298,1320,1342,1364,1386,1408,1430,1452,1474,1496,1540,1562,1606,1628,1650,1672,1694,1716,1738,1760,1782,1804,1826,1848,1870,1892,1914,1936,1958,1980,2002,2024,2046,2112,2134,2200,2222,2244,2266,2288,2310,2354,2376,2398,2420,2442,2464,2486,2508,2530,2552,2574,2596,2618,2640,2662,2684,2706,2728,2750,2772,2816,2838,2860,2882,2904,2926,2948,2970,2992,3014,3036,3058,3080,3124,3146,3190,3212,3234,3256,3278,3300,3322,3366,3388,3410,3432,3454,3476,3498,3520,3542,3564,3630,3652,3696,3718,3740,3762,3806,3828,3872,3916,3938,3960,3982,4004,4026,4070,4092,4136,4158,4202,4246,4268,4312,4356,4378,4400,4422,4444,4466,4488,4510,4532,4554,4620,4642,4686,4730,4818,4840,4906,4928,4950,4972,4994,5038,5104,5126,5148,5170,5192,5236,5258,5324,5390,5522,5544,5566,5698,5720,5742,5764,5830,5984,6006,6028,6072,6116,6292,6336,6710,7502,7524,7546,8228,9284,9350,10340,12606,15686],
"fitness": [15199.659180,15076.129883,14755.907227,14432.861328,14284.930664,14178.512695,13963.599609,13855.528320,13839.109375,13771.846680,13757.095703,13739.699219,13705.085938,13657.250977,13618.593750,13609.535156,13567.213867,13497.509766,13464.752930,13442.773438,13403.438477,13354.677734,13343.155273,13304.589844,13289.936523,13272.500977,13235.901367,13222.644531,13168.886719,13165.803711,13114.260742,13085.695312,13054.387695,13022.750000,12984.585938,12929.751953,12903.537109,12858.129883,12833.398438,12820.134766,12795.030273,12777.004883,12741.482422,12729.186523,12686.811523,12655.806641,12606.809570,12575.468750,12485.846680,12424.462891,12418.279297,12340.730469,12308.724609,12279.333984,12185.145508,12179.284180,12171.358398,12145.607422,12124.047852,12120.850586,12074.779297,12047.857422,12019.507812,11992.049805,11963.686523,11953.528320,11925.375977,11881.500000,11839.058594,11812.128906,11777.603516,11736.212891,11727.846680,11716.468750,11689.532227,11679.132812,11642.802734,11620.278320,11600.476562,11559.019531,11543.974609,11471.465820,11451.339844,11390.133789,11353.382812,11223.888672,11186.396484,11162.228516,11143.614258,11129.177734,11083.505859,11063.464844,11058.276367,11037.058594,11006.314453,10999.275391,10977.682617,10935.841797,10900.442383,10884.209961,10832.486328,10806.688477,10790.208008,10772.605469,10749.555664,10740.069336,10730.841797,10725.622070,10700.109375,10692.533203,10668.995117,10661.591797,10606.046875,10578.868164,10550.975586,10542.400391,10524.500000,10506.675781,10481.995117,10476.732422,10456.548828,10404.696289,10397.837891,10355.492188,10338.762695,10314.184570,10296.103516,10253.572266,10242.625000,10229.112305,10222.216797,10214.366211,10211.987305,10184.753906,10170.911133,10140.350586,10125.020508,10085.789062,10081.192383,10060.402344,9998.792969,9982.353516,9953.420898,9919.845703,9898.883789,9869.808594,9839.871094,9832.715820,9808.112305,9779.824219,9767.714844,9720.251953,9708.289062,9703.209961,9691.224609,9682.832031,9665.380859,9664.877930,9638.663086,9624.771484,9589.118164,9564.799805,9526.083984,9495.164062,9486.416016,9464.751953,9407.339844,9392.555664,9368.252930,9361.304688,9333.088867,9332.782227,9325.516602,9301.098633,9299.740234,9272.419922,9238.084961,9237.020508,9139.121094,9126.151367,9098.496094,9093.792969,9086.916992,9062.458984,9040.200195,9037.532227,8985.010742,8980.253906,8964.857422,8936.621094,8934.111328,8920.191406,8914.985352,8910.490234,8906.885742,8890.547852,8835.166992,8820.782227,8819.175781,8807.866211,8801.011719,8798.555664,8783.596680,8772.501953,8769.284180,8758.241211,8757.612305,8707.837891,8706.391602,8699.565430,8695.902344,8679.967773,8674.121094,8654.003906,8640.415039,8637.990234,8636.410156,8630.741211,8628.453125,8625.290039,8624.296875,8621.885742,8621.885742]
}