{
"iteraciones": [22,44,66,88,110,154,176,198,220,242,264,286,308,330,352,374,396,418,440,462,484,528,550,572,594,616,660,682,704,726,748,770,792,814,836,858,880,924,946,968,990,1034,1056,1078,1100,1122,1144,1166,1188,1210,1232,1276,1298,1320,1342,1364,1386,1408,1430,1452,1518,1540,1562,1584,1606,1628,1650,1672,1694,1716,1738,1760,1782,1804,1826,1848,1870,1914,1936,1958,1980,2002,2024,2046,2068,2090,2112,2156,2178,2200,2244,2266,2310,2332,2354,2376,2398,2420,2442,2464,2486,2508,2530,2552,2574,2596,2618,2640,2684,2706,2728,2750,2772,2794,2816,2838,2860,2882,2904,2926,2948,2970,2992,3036,3058,3102,3124,3146,3168,3190,3212,3234,3278,3322,3344,3388,3410,3432,3454,3476,3498,3520,3542,3564,3608,3674,3696,3740,3762,3784,3806,3828,3872,3916,3938,3960,3982,4004,4048,4114,4136,4202,4224,4246,4268,4290,4312,4334,4356,4378,4400,4422,4444,4466,4488,4510,4532,4554,4576,4620,4642,4664,4686,4752,4774,4796,4818,4840,4884,4906,4928,4950,4972,5016,5038,5104,5126,5148,5170,5214,5236,5258,5302,5346,5368,5390,5412,5434,5456,5478,5500,5522,5544,5566,5588,5610,5698,5720,5742,5764,5786,5808,5830,5852,5896,5918,5940,5962,5984,6028,6050,6072,6138,6160,6182,6204,6226,6270,6292,6314,6380,6424,6446,6490,6534,6600,6644,6688,6754,6776,6798,6820,6842,6974,6996,7018,7106,7216,7282,7304,7326,7392,7656,7788,7876,8008,8030,8052,8272,8316,8734,8844,8888,8910,8932,8954,9042,9086,9130,9152,9174,9328,10164,10252,10912,10934,10956,11990,12012,15092],
"fitness": [15320.420898,15162.496094,14736.775391,14605.848633,14237.995117,14158.189453,14031.870117,14005.255859,13873.115234,13780.441406,13689.458984,13641.330078,13621.054688,13570.601562,13526.311523,13485.839844,13422.770508,13368.973633,13352.165039,13325.772461,13277.066406,13191.273438,13186.048828,13142.272461,13102.457031,13063.441406,13022.110352,13015.983398,12989.035156,12945.515625,12928.740234,12887.417969,12870.299805,12843.130859,12805.507812,12775.368164,12748.665039,12726.642578,12713.703125,12678.556641,12642.712891,12617.553711,12592.907227,12584.010742,12572.389648,12544.098633,12523.752930,12516.753906,12505.553711,12496.071289,12464.188477,12456.623047,12410.137695,12407.120117,12386.994141,12348.102539,12338.234375,12318.591797,12316.438477,12247.470703,12222.327148,12192.367188,12131.076172,12130.698242,12112.212891,12100.599609,12084.890625,12067.627930,12057.371094,12039.658203,12038.034180,12021.958984,12001.636719,11992.333984,11983.502930,11981.376953,11937.107422,11920.276367,11898.568359,11855.628906,11819.919922,11781.861328,11758.117188,11752.766602,11730.702148,11713.564453,11674.103516,11645.000000,11635.013672,11612.946289,11597.513672,11578.745117,11562.362305,11553.065430,11534.370117,11514.926758,11513.950195,11508.651367,11499.850586,11495.560547,11488.555664,11478.683594,11476.401367,11464.336914,11458.075195,11456.302734,11434.423828,11412.567383,11395.760742,11382.010742,11367.982422,11352.969727,11333.932617,11315.139648,11299.712891,11289.881836,11272.999023,11245.454102,11233.464844,11227.708008,11207.904297,11198.157227,11196.792969,11190.590820,11172.735352,11169.324219,11163.552734,11152.045898,11143.465820,11119.188477,11096.222656,11079.345703,11061.565430,11055.840820,11040.445312,11028.000000,11011.864258,10995.353516,10980.070312,10966.903320,10945.238281,10929.958984,10904.029297,10893.913086,10879.859375,10873.172852,10846.877930,10829.057617,10813.194336,10792.022461,10780.170898,10745.399414,10723.889648,10719.648438,10700.825195,10693.634766,10686.534180,10656.177734,10643.263672,10606.119141,10585.713867,10579.536133,10560.560547,10551.794922,10546.430664,10536.541016,10515.379883,10496.913086,10494.616211,10487.796875,10460.130859,10439.040039,10435.966797,10408.722656,10399.455078,10373.895508,10344.662109,10339.837891,10308.973633,10271.611328,10263.870117,10246.085938,10243.438477,10231.403320,10227.823242,10201.853516,10173.920898,10168.768555,10156.621094,10107.976562,10099.229492,10076.646484,10043.352539,10028.211914,10001.627930,9997.169922,9960.115234,9954.946289,9936.966797,9909.640625,9896.416016,9882.235352,9865.789062,9852.903320,9831.502930,9821.748047,9795.272461,9790.858398,9762.913086,9758.396484,9754.531250,9715.515625,9706.276367,9686.759766,9664.059570,9647.070312,9614.728516,9598.937500,9583.919922,9579.917969,9566.791992,9559.644531,9536.999023,9523.272461,9517.610352,9500.966797,9487.433594,9481.682617,9425.967773,9422.791992,9400.112305,9379.107422,9372.460938,9361.965820,9359.375000,9318.713867,9270.803711,9249.700195,9232.824219,9227.676758,9188.427734,9184.547852,9135.857422,9123.892578,9088.176758,9077.674805,9034.290039,9014.004883,9013.958008,8997.894531,8984.544922,8980.531250,8962.642578,8955.021484,8949.514648,8936.145508,8923.996094,8887.493164,8861.141602,8857.528320,8817.353516,8816.444336,8799.521484,8780.357422,8756.649414,8754.522461,8728.215820,8724.973633,8712.434570,8706.361328,8705.600586,8703.221680,8701.676758,8700.241211,8696.602539,8691.885742,8689.236328,8676.183594,8673.507812,8672.021484,8660.398438,8655.543945,8642.477539,8638.177734,8634.899414,8633.467773,8632.654297,8624.148438,8621.885742,8621.885742]
}