{
"iteraciones": [22,44,66,88,110,132,154,176,198,220,242,264,286,308,330,374,396,418,440,462,484,506,528,550,572,594,616,638,660,682,704,726,748,770,792,814,836,858,880,902,924,946,968,990,1012,1034,1056,1078,1100,1122,1144,1166,1210,1232,1254,1276,1298,1320,1364,1386,1408,1430,1474,1496,1518,1540,1562,1584,1606,1628,1650,1716,1738,1804,1826,1848,1870,1892,1914,1936,1958,2002,2024,2046,2068,2090,2112,2134,2156,2178,2200,2222,2244,2266,2310,2332,2354,2398,2420,2442,2464,2486,2508,2530,2552,2574,2596,2618,2662,2684,2728,2750,2794,2816,2838,2860,2882,2904,2926,2948,2970,2992,3058,3080,3102,3124,3168,3190,3212,3234,3278,3300,3344,3388,3432,3454,3476,3520,3564,3586,3608,3630,3652,3674,3696,3718,3740,3762,3784,3806,3850,3872,3894,3960,3982,4004,4070,4114,4158,4180,4202,4224,4246,4268,4312,4422,4466,4510,4532,4576,4664,4686,4708,4752,4884,4928,4950,4994,5236,5258,5280,5302,5324,5500,5544,5610,5896,5940,5984,6006,6732,6798,6820,6974,7964,7986,8008,8030,11110],
"fitness": [15047.087891,14931.546875,14895.775391,14631.081055,14521.177734,14404.875977,14288.612305,14249.280273,14193.639648,14147.711914,14102.755859,14009.358398,13983.798828,13925.544922,13825.038086,13792.309570,13766.488281,13675.587891,13652.579102,13620.914062,13607.232422,13541.128906,13519.398438,13484.333008,13466.503906,13439.562500,13398.030273,13318.900391,13291.267578,13251.324219,13227.809570,13197.375977,13162.787109,13130.389648,13121.435547,13065.211914,13046.812500,13018.376953,12982.056641,12940.672852,12899.842773,12894.634766,12874.944336,12862.288086,12817.000000,12797.070312,12757.800781,12697.051758,12693.466797,12621.316406,12578.211914,12540.938477,12531.053711,12494.134766,12452.202148,12419.348633,12368.602539,12271.543945,12244.602539,12199.166992,12187.020508,12125.020508,12117.037109,12045.014648,12010.552734,11991.419922,11940.315430,11891.219727,11858.041992,11824.541992,11723.556641,11689.863281,11621.841797,11600.292969,11560.287109,11522.626953,11516.425781,11452.491211,11435.841797,11413.494141,11335.191406,11278.894531,11277.012695,11252.510742,11191.810547,11161.380859,11141.295898,11132.978516,11070.518555,11011.638672,10987.950195,10929.987305,10919.332031,10890.691406,10861.808594,10822.790039,10755.847656,10754.456055,10702.751953,10653.950195,10643.409180,10576.242188,10569.793945,10517.920898,10469.707031,10461.145508,10421.722656,10350.829102,10342.139648,10301.423828,10242.600586,10180.179688,10173.688477,10125.391602,10119.156250,10105.422852,10066.461914,10060.218750,10023.345703,10016.561523,9983.807617,9933.782227,9907.719727,9873.086914,9822.678711,9786.983398,9771.872070,9746.896484,9709.784180,9676.738281,9635.624023,9575.660156,9572.865234,9519.608398,9511.067383,9467.250000,9459.775391,9427.562500,9406.990234,9396.385742,9395.598633,9379.622070,9354.306641,9348.252930,9323.619141,9319.060547,9310.642578,9304.513672,9283.455078,9254.617188,9250.016602,9218.518555,9190.555664,9186.995117,9171.308594,9147.666016,9121.665039,9119.100586,9105.575195,9091.111328,9079.535156,9068.160156,9050.430664,9025.034180,8985.842773,8967.023438,8943.657227,8935.634766,8918.007812,8912.449219,8904.904297,8848.339844,8842.803711,8826.446289,8823.449219,8772.536133,8768.514648,8763.266602,8758.706055,8756.738281,8751.805664,8746.641602,8739.519531,8713.620117,8709.600586,8692.361328,8682.177734,8679.591797,8651.041992,8645.605469,8644.497070,8637.410156,8636.370117,8632.373047,8630.699219,8626.937500,8625.918945,8621.885742,8621.885742]
}