{
"iteraciones": [22,44,66,88,110,132,154,176,198,220,242,264,286,352,374,396,418,440,484,506,528,572,594,616,638,660,682,748,770,792,814,836,858,880,902,924,946,968,990,1012,1034,1056,1078,1100,1122,1144,1166,1188,1210,1232,1254,1276,1298,1320,1342,1364,1386,1408,1430,1452,1474,1496,1518,1540,1562,1606,1628,1694,1716,1738,1760,1782,1804,1826,1848,1870,1892,1914,1936,1958,2002,2024,2046,2090,2112,2134,2156,2178,2200,2222,2244,2266,2288,2332,2354,2376,2398,2420,2442,2464,2508,2530,2574,2596,2618,2640,2662,2684,2706,2728,2750,2772,2816,2838,2860,2882,2904,2926,2948,2970,2992,3014,3036,3058,3080,3102,3146,3168,3190,3212,3234,3256,3278,3300,3322,3344,3366,3432,3454,3476,3520,3542,3564,3586,3608,3630,3652,3674,3696,3718,3740,3762,3784,3806,3828,3872,3916,3938,3960,3982,4004,4026,4048,4070,4114,4202,4224,4268,4290,4312,4334,4356,4400,4422,4444,4466,4488,4510,4598,4642,4686,4708,4730,4774,4796,4818,4840,4862,4928,4950,4972,4994,5060,5104,5126,5148,5170,5192,5214,5236,5258,5280,5346,5412,5456,5478,5544,5566,5588,5610,5676,5698,5720,5830,5874,5918,6006,6050,6336,6380,6424,6468,6490,6512,6534,6578,6644,6886,6974,7018,7040,7084,7106,7414,7502,7524,7546,8096,8250,8272,8294,8316,8470,8624,11704],
"fitness": [15286.729492,14855.180664,14802.291016,14674.751953,14452.833008,14372.511719,14175.686523,14155.487305,14093.523438,13971.752930,13946.672852,13844.836914,13734.272461,13704.219727,13631.242188,13619.018555,13569.782227,13541.720703,13505.557617,13495.262695,13419.789062,13378.177734,13358.747070,13330.808594,13307.621094,13264.370117,13190.429688,13162.782227,13122.346680,13056.484375,13038.982422,13030.384766,13013.929688,12980.759766,12919.504883,12886.934570,12870.596680,12864.000000,12838.288086,12798.458984,12772.796875,12763.006836,12740.010742,12709.786133,12708.315430,12685.528320,12652.536133,12605.375977,12591.019531,12575.323242,12557.230469,12548.395508,12537.286133,12522.924805,12487.538086,12457.201172,12442.709961,12428.708984,12409.316406,12379.780273,12358.066406,12300.521484,12253.328125,12218.757812,12197.441406,12174.150391,12103.206055,12063.960938,12043.529297,12029.079102,12001.864258,11949.825195,11919.197266,11898.332031,11875.627930,11842.308594,11827.431641,11810.321289,11780.444336,11724.348633,11673.764648,11665.193359,11638.014648,11588.841797,11579.411133,11543.689453,11525.411133,11524.066406,11497.657227,11470.251953,11453.013672,11436.634766,11412.186523,11388.247070,11383.440430,11348.858398,11244.793945,11234.885742,11227.932617,11203.175781,11182.121094,11166.125977,11144.629883,11127.987305,11116.086914,11113.749023,11110.187500,11090.545898,11079.103516,11040.652344,11032.452148,10993.340820,10962.772461,10933.000000,10903.753906,10871.990234,10861.573242,10823.628906,10775.910156,10753.840820,10740.055664,10707.424805,10676.826172,10671.939453,10626.064453,10605.301758,10584.338867,10561.594727,10558.515625,10542.491211,10518.287109,10483.623047,10478.144531,10453.890625,10433.939453,10423.159180,10408.875977,10347.465820,10345.550781,10320.320312,10298.919922,10269.731445,10265.304688,10232.601562,10215.483398,10213.433594,10174.244141,10129.080078,10108.528320,10089.554688,10074.000000,10047.107422,10043.271484,10019.055664,10008.606445,9975.625000,9968.668945,9948.228516,9929.681641,9911.280273,9875.838867,9871.672852,9819.670898,9767.649414,9703.203125,9696.455078,9675.395508,9649.636719,9631.051758,9627.471680,9599.553711,9589.121094,9560.027344,9555.513672,9532.561523,9522.801758,9515.484375,9427.396484,9386.641602,9379.011719,9374.003906,9366.939453,9340.911133,9316.847656,9306.851562,9286.750977,9274.670898,9264.751953,9240.201172,9220.931641,9217.321289,9215.323242,9208.761719,9187.378906,9178.686523,9136.197266,9124.923828,9120.079102,9097.503906,9083.927734,9066.815430,9045.373047,9033.550781,9004.483398,8997.142578,8986.809570,8970.886719,8955.285156,8938.955078,8928.056641,8920.833008,8911.644531,8906.845703,8901.077148,8900.937500,8894.534180,8889.000000,8873.365234,8859.581055,8834.845703,8811.238281,8805.449219,8802.393555,8799.895508,8797.579102,8794.699219,8740.650391,8724.048828,8714.190430,8709.288086,8699.927734,8687.902344,8685.694336,8680.000000,8678.293945,8663.323242,8657.693359,8656.597656,8653.465820,8640.059570,8636.834961,8632.829102,8625.215820,8621.885742,8621.885742]
}