{
"iteraciones": [22,44,66,88,110,132,176,198,220,242,264,286,308,330,352,374,396,418,440,462,484,506,528,594,616,638,660,682,704,726,748,770,792,814,836,858,880,902,924,946,968,990,1034,1056,1078,1100,1122,1144,1166,1188,1210,1232,1254,1276,1298,1320,1342,1364,1386,1408,1430,1452,1474,1496,1518,1540,1562,1606,1628,1650,1694,1716,1738,1760,1804,1826,1848,1870,1892,1914,1936,1958,1980,2002,2046,2068,2090,2112,2134,2156,2200,2222,2244,2288,2310,2332,2376,2398,2420,2442,2464,2486,2508,2530,2552,2574,2618,2640,2662,2684,2706,2772,2816,2860,2882,2904,2970,2992,3014,3036,3058,3080,3102,3124,3146,3168,3190,3234,3256,3278,3300,3322,3344,3388,3410,3432,3454,3476,3498,3520,3542,3608,3630,3652,3696,3718,3740,3784,3806,3828,3850,3872,3894,3916,3938,3960,3982,4004,4070,4114,4136,4158,4180,4224,4246,4268,4290,4312,4334,4378,4400,4422,4444,4488,4510,4532,4554,4598,4642,4664,4686,4708,4730,4774,4796,4818,4862,4884,4950,4972,5038,5082,5148,5192,5214,5236,5258,5280,5302,5324,5434,5478,5500,5830,5874,6006,6028,6050,6072,6116,6160,6182,6622,6644,6666,6732,6754,6798,6886,6908,6930,7128,7480,7502,7590,8030,8074,8096,8316,11396],
"fitness": [15151.279297,14953.078125,14830.775391,14634.625000,14550.130859,14420.845703,14264.970703,14212.201172,14166.930664,13960.490234,13893.972656,13873.715820,13761.345703,13660.203125,13622.859375,13505.887695,13480.583008,13419.361328,13377.708008,13357.367188,13307.600586,13274.442383,13227.507812,13173.640625,13169.803711,13145.156250,13123.553711,13088.485352,13065.067383,13051.394531,13017.919922,12976.656250,12931.151367,12866.718750,12830.444336,12784.458008,12764.913086,12718.215820,12680.491211,12621.051758,12591.910156,12553.786133,12533.370117,12520.276367,12501.070312,12485.581055,12451.770508,12422.774414,12389.247070,12345.214844,12311.182617,12305.429688,12239.000000,12178.004883,12130.452148,12050.970703,12040.302734,12026.163086,11983.269531,11978.576172,11965.136719,11936.243164,11924.724609,11906.863281,11900.324219,11884.793945,11844.472656,11813.798828,11791.049805,11767.183594,11714.335938,11698.545898,11689.776367,11667.703125,11647.000000,11631.714844,11612.369141,11601.819336,11585.041992,11575.712891,11568.686523,11561.565430,11560.709961,11514.593750,11496.786133,11449.449219,11441.949219,11411.231445,11347.496094,11313.821289,11302.755859,11279.017578,11256.819336,11240.749023,11235.056641,11217.582031,11181.210938,11175.889648,11159.784180,11131.947266,11111.117188,11068.831055,11048.416016,10986.317383,10972.539062,10934.486328,10912.975586,10892.259766,10887.021484,10843.887695,10791.466797,10743.763672,10693.643555,10679.910156,10655.464844,10630.955078,10612.683594,10598.057617,10589.823242,10579.442383,10562.111328,10537.721680,10529.235352,10517.907227,10485.331055,10453.405273,10426.043945,10419.485352,10414.520508,10405.647461,10364.806641,10346.107422,10301.135742,10296.496094,10282.129883,10277.000000,10249.555664,10246.109375,10217.917969,10197.839844,10122.269531,10114.787109,10096.063477,10068.831055,10057.057617,10041.530273,9995.244141,9986.995117,9973.748047,9948.454102,9933.779297,9910.227539,9908.327148,9890.019531,9863.869141,9845.694336,9817.616211,9804.832031,9792.222656,9748.701172,9738.712891,9724.939453,9681.595703,9660.456055,9631.666992,9629.370117,9612.684570,9607.057617,9569.299805,9565.791992,9542.497070,9517.925781,9503.708008,9480.629883,9471.120117,9465.245117,9441.989258,9434.733398,9404.446289,9388.782227,9380.032227,9358.500977,9325.809570,9309.375977,9271.701172,9248.778320,9226.339844,9188.238281,9162.656250,9152.838867,9092.202148,9087.276367,9062.763672,9055.741211,9037.424805,9036.796875,9009.031250,8984.917969,8981.625000,8973.912109,8925.792969,8915.240234,8892.982422,8878.414062,8832.257812,8824.789062,8822.192383,8769.741211,8743.041992,8730.708984,8722.366211,8703.078125,8696.249023,8682.184570,8679.528320,8665.359375,8663.295898,8660.429688,8645.542969,8644.497070,8643.836914,8640.507812,8638.848633,8636.680664,8635.218750,8633.142578,8630.731445,8628.098633,8624.148438,8624.148438]
}