{
"iteraciones": [44,66,88,110,132,154,198,220,242,264,286,308,330,352,374,396,418,440,462,484,506,550,572,594,638,660,682,704,726,748,814,858,880,902,924,946,990,1012,1034,1056,1078,1100,1122,1144,1166,1188,1210,1232,1254,1276,1298,1320,1342,1386,1408,1430,1452,1474,1518,1540,1584,1628,1672,1694,1716,1782,1804,1826,1848,1870,1914,1958,1980,2002,2024,2046,2068,2090,2112,2134,2156,2178,2200,2222,2266,2288,2354,2398,2442,2464,2486,2508,2530,2552,2574,2596,2640,2684,2706,2728,2750,2772,2794,2816,2838,2860,2904,2926,2948,2992,3014,3036,3058,3080,3124,3146,3168,3190,3212,3234,3256,3278,3322,3344,3366,3388,3498,3520,3542,3564,3586,3608,3630,3652,3674,3696,3718,3740,3784,3806,3828,3850,3872,3894,3916,3938,3960,3982,4004,4070,4114,4136,4158,4180,4202,4224,4246,4290,4312,4356,4378,4400,4422,4488,4510,4532,4554,4598,4642,4664,4686,4708,4730,4752,4774,4796,4818,4840,4862,4884,4906,4928,4950,4972,4994,5016,5038,5082,5104,5126,5148,5170,5192,5280,5324,5346,5390,5412,5456,5500,5522,5544,5566,5588,5610,5654,5676,5764,5786,5852,5896,5918,5984,6028,6050,6160,6182,6204,6226,6248,6270,6424,6468,6666,6732,6908,6952,7436,7458,7480,7546,7876,8008,8030,8052,8074,8448,8470,8536,10054,13134],
"fitness": [14998.075195,14877.036133,14766.395508,14493.207031,14454.628906,14178.917969,14158.282227,14017.910156,13920.944336,13843.282227,13762.508789,13725.142578,13698.523438,13655.942383,13642.822266,13584.517578,13545.022461,13520.911133,13493.188477,13451.617188,13420.290039,13385.716797,13377.069336,13293.462891,13266.216797,13231.451172,13222.743164,13183.444336,13154.928711,13049.362305,12972.860352,12925.224609,12878.893555,12799.133789,12792.913086,12710.770508,12702.759766,12657.996094,12627.693359,12573.461914,12528.699219,12519.277344,12486.579102,12483.010742,12439.594727,12436.135742,12409.218750,12389.125000,12370.861328,12333.590820,12307.194336,12277.838867,12255.910156,12234.025391,12205.041992,12175.049805,12152.788086,12095.645508,12094.146484,12067.677734,12015.462891,11958.409180,11944.732422,11923.000000,11879.306641,11869.526367,11845.500000,11827.573242,11822.039062,11798.998047,11777.707031,11773.220703,11752.788086,11737.669922,11717.450195,11673.843750,11657.784180,11616.850586,11604.064453,11594.225586,11579.964844,11572.306641,11553.239258,11533.063477,11512.234375,11481.297852,11459.955078,11445.314453,11406.023438,11382.542969,11359.363281,11327.393555,11318.525391,11288.641602,11268.135742,11232.657227,11200.104492,11160.224609,11148.750977,11125.489258,11118.536133,11096.069336,11082.264648,11069.909180,11068.468750,11026.371094,11004.573242,11001.158203,10971.048828,10958.808594,10945.426758,10919.911133,10902.307617,10862.543945,10854.275391,10843.000000,10803.583008,10786.008789,10748.434570,10725.573242,10712.896484,10690.223633,10678.520508,10669.578125,10662.416992,10633.374023,10619.916992,10610.023438,10599.989258,10592.340820,10570.379883,10561.554688,10532.989258,10510.058594,10507.792969,10504.374023,10472.333008,10428.218750,10389.881836,10385.493164,10380.000000,10341.400391,10328.271484,10296.759766,10281.913086,10269.749023,10261.059570,10233.879883,10202.037109,10170.616211,10149.937500,10141.163086,10131.000000,10128.912109,10110.777344,10080.963867,10078.945312,10075.784180,10030.175781,10003.702148,9974.681641,9951.562500,9924.554688,9920.787109,9908.142578,9876.613281,9861.221680,9838.720703,9798.538086,9771.944336,9768.694336,9756.471680,9727.172852,9712.265625,9706.974609,9695.300781,9670.976562,9659.027344,9631.163086,9610.072266,9605.375000,9571.598633,9531.904297,9511.166016,9474.889648,9473.657227,9441.081055,9405.290039,9379.925781,9365.201172,9318.239258,9316.730469,9295.898438,9260.719727,9252.225586,9233.874023,9216.000000,9188.223633,9152.413086,9148.253906,9138.000000,9102.715820,9086.899414,9071.516602,9066.663086,9061.162109,9026.878906,8999.212891,8987.237305,8969.552734,8961.875977,8951.396484,8933.455078,8929.531250,8888.984375,8874.759766,8864.710938,8845.909180,8840.369141,8838.210938,8829.457031,8818.117188,8807.550781,8780.878906,8779.360352,8765.808594,8722.674805,8689.146484,8679.877930,8672.436523,8667.074219,8656.153320,8655.291992,8648.099609,8630.554688,8629.243164,8626.612305,8624.148438,8623.272461,8621.885742,8621.885742]
}