{
"iteraciones": [22,44,66,88,110,132,154,176,198,242,286,308,330,374,396,418,440,462,484,506,528,550,572,594,616,638,660,704,726,748,770,792,836,858,880,902,924,946,968,990,1034,1100,1122,1144,1166,1188,1210,1232,1254,1276,1298,1320,1342,1364,1386,1408,1430,1452,1474,1496,1518,1540,1584,1650,1672,1694,1716,1738,1760,1782,1804,1826,1870,1892,1914,1936,1980,2002,2024,2046,2068,2112,2134,2156,2178,2200,2244,2266,2288,2310,2332,2354,2376,2442,2464,2486,2508,2530,2552,2574,2596,2618,2640,2662,2684,2706,2728,2750,2772,2794,2816,2838,2860,2904,2926,2948,2970,2992,3014,3058,3080,3102,3124,3190,3234,3278,3300,3322,3344,3366,3410,3432,3476,3498,3520,3542,3564,3586,3652,3674,3696,3718,3762,3784,3828,3850,3872,3894,3916,3938,3960,4004,4114,4136,4180,4202,4312,4378,4400,4444,4510,4554,4576,4598,4620,4642,4664,4708,4730,4796,4884,4906,4928,5082,5126,5148,5170,5346,5368,5390,5522,5544,5566,5588,5610,5632,5654,5676,5720,5852,6028,6050,6072,6116,6160,6182,6226,6248,6292,6336,6842,8052,11132],
"fitness": [15393.529297,15223.721680,14916.939453,14711.185547,14665.946289,14533.359375,14339.295898,14286.811523,14076.884766,13971.726562,13934.861328,13886.538086,13762.672852,13746.143555,13712.680664,13663.880859,13643.383789,13592.588867,13588.328125,13569.428711,13555.587891,13539.255859,13518.688477,13481.575195,13464.237305,13454.111328,13404.357422,13390.084961,13375.603516,13331.891602,13293.689453,13280.733398,13264.396484,13241.600586,13225.719727,13196.995117,13168.328125,13124.421875,13104.500977,13024.552734,12961.051758,12927.666016,12894.084961,12858.097656,12837.770508,12787.603516,12741.008789,12724.620117,12685.857422,12667.543945,12625.321289,12596.126953,12559.438477,12507.757812,12409.929688,12397.046875,12370.245117,12327.690430,12269.425781,12250.541992,12179.000000,12108.122070,12054.278320,12008.486328,11959.341797,11958.170898,11940.000000,11889.015625,11879.377930,11855.728516,11829.346680,11764.687500,11728.707031,11692.386719,11651.100586,11608.367188,11584.379883,11566.875000,11508.616211,11484.517578,11412.532227,11400.316406,11356.540039,11351.160156,11298.178711,11271.893555,11254.533203,11249.875977,11222.982422,11185.437500,11144.125977,11133.822266,11081.686523,11062.731445,11033.318359,11016.077148,10968.125000,10936.833984,10908.994141,10861.815430,10856.844727,10853.073242,10835.570312,10824.454102,10795.594727,10746.347656,10725.122070,10724.986328,10691.186523,10666.750977,10635.636719,10614.898438,10570.218750,10537.981445,10513.153320,10507.471680,10467.779297,10460.171875,10423.271484,10414.344727,10383.852539,10348.004883,10297.425781,10261.654297,10220.710938,10160.326172,10127.613281,10089.329102,10040.524414,10008.160156,9941.537109,9900.304688,9896.628906,9862.372070,9840.564453,9817.079102,9805.452148,9769.465820,9763.055664,9745.295898,9711.093750,9680.158203,9669.907227,9616.785156,9596.460938,9583.070312,9560.901367,9545.332031,9536.235352,9491.466797,9474.227539,9410.195312,9400.832031,9373.154297,9330.962891,9319.382812,9295.060547,9281.705078,9261.927734,9228.875977,9219.517578,9200.902344,9168.315430,9132.377930,9131.500977,9114.459961,9106.029297,9095.274414,9085.822266,9051.671875,9048.773438,8998.779297,8987.851562,8948.695312,8935.730469,8884.934570,8877.783203,8872.505859,8861.701172,8851.549805,8847.712891,8833.510742,8828.534180,8821.666992,8813.811523,8808.045898,8800.704102,8797.253906,8792.668945,8790.368164,8735.345703,8730.603516,8724.619141,8717.739258,8701.967773,8694.393555,8678.417969,8675.575195,8670.491211,8667.979492,8635.308594,8621.885742,8621.885742]
}