{
"iteraciones": [22,44,66,88,110,132,154,176,198,220,264,286,308,330,352,374,396,418,440,462,484,506,528,550,572,594,616,638,660,682,704,726,748,770,792,814,836,858,880,902,924,946,968,990,1012,1034,1056,1078,1100,1144,1166,1188,1210,1232,1254,1276,1298,1320,1342,1364,1386,1452,1474,1496,1518,1540,1562,1584,1606,1650,1672,1694,1716,1738,1760,1782,1804,1826,1848,1870,1892,1936,1958,1980,2002,2024,2046,2068,2090,2112,2134,2156,2178,2222,2244,2266,2288,2310,2332,2376,2398,2420,2442,2486,2508,2530,2574,2662,2684,2706,2728,2750,2794,2838,2860,2904,2926,2948,2970,3014,3036,3058,3080,3102,3124,3146,3168,3190,3212,3234,3256,3278,3322,3344,3366,3388,3410,3432,3454,3498,3520,3542,3564,3586,3608,3630,3674,3718,3740,3784,3828,3850,3872,3894,3938,3960,3982,4004,4026,4048,4092,4114,4136,4158,4202,4224,4246,4268,4290,4312,4334,4378,4400,4466,4488,4554,4576,4620,4642,4664,4708,4730,4752,4796,4840,4884,4928,4950,4994,5016,5038,5060,5082,5104,5192,5214,5236,5280,5302,5324,5346,5368,5390,5412,5434,5456,5478,5500,5522,5588,5632,5654,5676,5742,5764,5786,5808,5830,5874,5896,5918,5940,5962,6006,6050,6138,6182,6248,6270,6314,6512,6534,6556,6600,6622,6710,6732,6864,6908,7040,7062,7326,7348,7392,7414,7634,7744,7810,7854,7876,8426,8492,8646,9130,9174,9196,9482,9570,9592,9636,10186,10318,11770,12430,12452,15532],
"fitness": [15172.012695,15062.845703,14855.106445,14742.707031,14704.447266,14544.484375,14512.329102,14364.392578,14261.549805,14185.499023,14124.108398,14048.394531,14035.566406,13954.330078,13875.633789,13831.000977,13812.095703,13772.431641,13756.449219,13682.728516,13675.865234,13645.023438,13602.916992,13597.529297,13569.791016,13553.954102,13533.827148,13509.800781,13478.881836,13467.078125,13446.963867,13386.638672,13385.655273,13357.152344,13338.992188,13267.839844,13221.684570,13220.605469,13188.836914,13112.472656,13100.108398,13065.378906,13040.673828,13009.732422,13005.154297,12978.840820,12932.583984,12923.054688,12837.178711,12835.307617,12803.006836,12769.663086,12718.303711,12663.370117,12614.231445,12577.877930,12533.492188,12531.953125,12528.657227,12517.023438,12396.240234,12391.674805,12317.246094,12284.071289,12258.646484,12227.857422,12221.000000,12191.145508,12176.545898,12112.824219,12091.017578,12070.029297,12042.152344,12030.309570,12010.320312,11992.768555,11952.704102,11951.923828,11915.788086,11907.037109,11865.558594,11850.803711,11810.655273,11786.371094,11775.181641,11758.998047,11729.432617,11696.748047,11687.364258,11661.894531,11660.198242,11628.132812,11619.588867,11595.469727,11586.083008,11572.168945,11566.786133,11547.471680,11529.541992,11513.494141,11506.184570,11486.088867,11468.089844,11425.375000,11407.153320,11394.384766,11334.422852,11321.458984,11309.894531,11296.458008,11267.697266,11244.613281,11237.875000,11235.186523,11203.818359,11191.275391,11156.288086,11153.694336,11134.909180,11124.034180,11121.743164,11104.419922,11090.000977,11065.741211,11064.528320,11057.700195,11037.138672,11023.405273,11009.400391,10994.402344,10981.811523,10951.933594,10926.275391,10908.431641,10894.417969,10890.936523,10885.331055,10872.697266,10832.376953,10818.478516,10809.719727,10785.666992,10766.709961,10741.166016,10720.110352,10718.958984,10686.950195,10681.308594,10663.650391,10627.203125,10620.639648,10613.595703,10604.409180,10586.348633,10566.467773,10559.432617,10532.918945,10518.592773,10505.920898,10487.423828,10473.621094,10458.737305,10444.766602,10414.503906,10392.849609,10377.133789,10375.153320,10347.579102,10346.082031,10303.680664,10260.871094,10250.010742,10221.416992,10184.321289,10107.653320,10104.545898,10057.971680,10040.412109,10027.180664,9986.738281,9969.668945,9939.385742,9938.757812,9911.026367,9880.996094,9865.247070,9848.746094,9817.817383,9791.539062,9768.616211,9707.758789,9706.972656,9679.592773,9660.993164,9650.258789,9631.998047,9601.096680,9584.307617,9581.756836,9563.166992,9541.755859,9531.588867,9469.000000,9452.683594,9437.150391,9427.372070,9406.444336,9397.043945,9356.899414,9346.304688,9324.043945,9289.881836,9274.041992,9269.845703,9267.023438,9263.405273,9217.239258,9192.809570,9186.918945,9173.393555,9147.013672,9125.697266,9098.348633,9073.529297,9051.250000,9046.195312,9028.955078,9020.061523,9018.847656,8971.739258,8964.276367,8939.718750,8913.743164,8904.310547,8889.489258,8884.678711,8862.325195,8850.510742,8845.107422,8832.081055,8805.146484,8804.556641,8761.017578,8757.960938,8755.515625,8752.564453,8745.643555,8744.287109,8742.685547,8723.213867,8722.302734,8721.180664,8696.200195,8690.312500,8664.308594,8655.227539,8652.243164,8651.693359,8647.515625,8642.937500,8641.139648,8637.823242,8636.649414,8634.900391,8621.885742,8621.885742]
}