{
"iteraciones": [22,44,66,88,110,132,154,176,198,220,264,286,308,330,352,374,396,440,462,484,528,550,572,594,616,638,682,704,726,748,770,792,836,858,880,902,924,946,968,1012,1034,1056,1078,1100,1122,1144,1166,1210,1254,1276,1298,1320,1342,1364,1430,1452,1474,1518,1540,1562,1606,1628,1650,1672,1694,1716,1738,1760,1782,1826,1848,1870,1892,1914,1936,1958,1980,2002,2024,2046,2068,2090,2112,2156,2178,2222,2244,2266,2288,2310,2354,2376,2398,2420,2442,2464,2486,2508,2552,2574,2618,2640,2662,2706,2728,2750,2772,2794,2816,2860,2926,2970,2992,3014,3036,3058,3102,3124,3146,3190,3212,3234,3256,3300,3322,3344,3388,3476,3498,3520,3564,3586,3608,3630,3696,3762,3872,3894,3916,3938,3960,3982,4048,4092,4114,4136,4158,4180,4202,4268,4334,4466,4510,4554,4598,4620,4664,4686,4708,4730,4752,4774,4818,4840,4928,4994,5038,5060,5082,5104,5126,5280,5368,5456,5478,5522,5588,5830,5852,5896,5940,6028,6050,6622,6688,6710,7370,7392,7766,8360,8426,10648,13728],
"fitness": [15365.993164,15008.250000,14911.344727,14801.813477,14764.752930,14562.646484,14415.953125,14119.789062,14009.577148,13821.378906,13759.062500,13658.714844,13529.831055,13445.346680,13422.421875,13275.168945,13198.601562,13173.615234,13155.342773,13050.019531,13015.065430,12986.734375,12949.629883,12902.583008,12874.724609,12805.735352,12757.995117,12739.990234,12729.703125,12701.090820,12680.357422,12635.167969,12612.399414,12565.695312,12532.176758,12473.152344,12470.417969,12433.123047,12376.985352,12375.733398,12337.168945,12287.917969,12282.577148,12245.650391,12228.502930,12192.738281,12136.540039,12100.806641,12068.341797,12043.739258,12021.546875,11989.152344,11947.156250,11882.048828,11855.822266,11791.991211,11759.678711,11738.329102,11731.807617,11644.293945,11586.249023,11585.984375,11544.789062,11530.202148,11506.912109,11484.245117,11453.580078,11383.557617,11359.459961,11349.153320,11333.116211,11318.585938,11299.358398,11284.601562,11270.000000,11238.046875,11213.338867,11199.320312,11179.204102,11114.060547,11098.500000,11094.968750,11029.083984,10986.478516,10921.975586,10901.208984,10875.099609,10866.790039,10828.978516,10826.425781,10806.593750,10789.932617,10768.169922,10756.686523,10750.706055,10699.917969,10686.158203,10655.520508,10635.041992,10606.804688,10588.555664,10581.458008,10512.482422,10456.211914,10444.626953,10442.733398,10392.302734,10366.339844,10342.392578,10253.994141,10220.704102,10179.159180,10155.789062,10093.375000,10070.156250,10025.115234,9999.036133,9990.394531,9967.765625,9956.381836,9923.750000,9897.338867,9851.338867,9835.072266,9814.432617,9794.419922,9775.839844,9754.230469,9737.054688,9663.661133,9655.961914,9629.986328,9605.884766,9570.823242,9534.509766,9481.245117,9466.856445,9463.685547,9460.315430,9454.276367,9439.904297,9415.112305,9413.803711,9375.039062,9360.483398,9351.273438,9338.748047,9321.798828,9281.323242,9238.540039,9232.447266,9222.291016,9185.571289,9157.492188,9130.571289,9081.662109,9053.024414,9029.191406,9024.368164,9020.560547,9003.239258,8979.852539,8957.179688,8945.723633,8934.281250,8900.301758,8896.902344,8868.666016,8841.876953,8838.306641,8822.375000,8809.533203,8803.859375,8757.927734,8741.229492,8734.426758,8727.473633,8702.269531,8695.342773,8684.908203,8681.162109,8680.087891,8679.972656,8661.305664,8660.226562,8657.129883,8655.735352,8649.943359,8633.129883,8626.720703,8623.272461,8621.885742,8621.885742]
}