{
"iteraciones": [22,66,88,110,132,154,176,198,220,242,264,286,308,330,352,374,396,418,440,462,484,506,550,594,616,638,660,682,704,726,748,792,814,836,858,880,902,924,946,968,990,1012,1034,1078,1100,1122,1144,1166,1188,1210,1232,1276,1320,1342,1364,1386,1408,1430,1452,1474,1518,1540,1562,1584,1606,1628,1672,1694,1716,1760,1782,1804,1848,1870,1892,1914,1936,1958,1980,2002,2068,2090,2112,2156,2178,2200,2222,2244,2266,2288,2310,2332,2354,2376,2398,2464,2486,2508,2530,2574,2596,2618,2640,2662,2684,2706,2728,2750,2772,2794,2816,2838,2860,2882,2904,2926,2948,2970,2992,3058,3102,3124,3168,3190,3212,3234,3256,3278,3300,3322,3344,3366,3388,3454,3476,3498,3520,3542,3564,3586,3608,3630,3652,3674,3696,3718,3740,3806,3828,3850,3872,3894,3916,3938,3982,4004,4026,4070,4092,4114,4136,4180,4202,4246,4268,4312,4334,4356,4378,4400,4422,4466,4488,4510,4532,4664,4686,4708,4730,4796,4862,4884,4906,4928,5038,5170,5192,5236,5258,5280,5302,5346,5368,5478,5742,6248,6270,6402,6468,7062,7084,7106,7128,7634,7700,7942,7964,10252,13332],
"fitness": [14951.885742,14856.803711,14566.491211,14457.657227,14333.341797,14196.600586,14091.916992,14018.250977,13893.607422,13777.247070,13702.291992,13687.828125,13669.000000,13646.183594,13561.032227,13532.854492,13502.148438,13484.197266,13366.286133,13302.969727,13294.496094,13238.213867,13160.244141,13144.708984,13108.800781,13091.000000,13000.606445,12972.858398,12918.281250,12890.888672,12819.838867,12807.166016,12764.762695,12724.354492,12687.666016,12667.928711,12646.213867,12594.531250,12574.918945,12543.032227,12514.150391,12435.832031,12424.988281,12396.000000,12364.784180,12354.882812,12321.127930,12307.463867,12266.666016,12235.309570,12186.742188,12127.964844,12086.561523,12038.639648,12002.787109,11973.196289,11960.453125,11914.753906,11905.017578,11844.028320,11822.351562,11799.817383,11744.480469,11727.734375,11679.816406,11661.775391,11654.863281,11609.722656,11580.765625,11527.452148,11477.387695,11435.239258,11415.783203,11396.541016,11374.799805,11353.362305,11307.669922,11300.293945,11252.950195,11227.018555,11222.597656,11215.400391,11190.018555,11184.747070,11173.521484,11158.000000,11137.522461,11121.311523,11102.872070,11074.855469,11068.403320,11046.390625,11038.722656,11002.203125,10951.874023,10940.447266,10920.287109,10896.779297,10815.750977,10807.384766,10798.947266,10769.774414,10725.424805,10702.133789,10700.967773,10678.901367,10665.939453,10648.888672,10602.609375,10572.786133,10559.542969,10536.860352,10504.533203,10502.212891,10471.396484,10455.361328,10431.932617,10398.418945,10353.146484,10272.121094,10240.313477,10225.247070,10207.307617,10189.913086,10133.257812,10101.438477,10076.161133,10070.541992,10053.533203,10040.378906,10017.805664,9981.401367,9949.726562,9940.245117,9916.098633,9904.427734,9903.697266,9871.180664,9867.752930,9850.895508,9820.900391,9806.824219,9778.782227,9759.163086,9749.320312,9731.067383,9715.522461,9689.709961,9677.214844,9673.380859,9658.123047,9624.319336,9622.336914,9576.119141,9571.847656,9554.034180,9526.885742,9485.785156,9479.308594,9455.260742,9432.040039,9405.363281,9392.833984,9329.820312,9299.160156,9263.547852,9228.111328,9199.756836,9172.467773,9156.303711,9144.359375,9140.721680,9126.935547,9117.182617,9090.045898,9072.480469,9055.553711,9033.456055,9006.924805,8991.201172,8979.839844,8975.793945,8972.382812,8946.327148,8932.015625,8918.392578,8909.484375,8886.166016,8879.000000,8856.249023,8832.421875,8800.314453,8797.045898,8795.789062,8744.145508,8701.000000,8694.863281,8685.115234,8665.706055,8655.901367,8644.778320,8641.835938,8636.012695,8634.395508,8629.929688,8628.510742,8624.148438,8621.885742,8621.885742]
}