{
"iteraciones": [22,44,66,88,110,154,176,198,220,242,264,286,308,330,352,374,396,418,462,484,506,528,572,594,616,638,660,682,704,748,770,792,814,836,858,880,924,968,990,1012,1034,1056,1078,1100,1122,1144,1166,1188,1210,1254,1276,1298,1320,1342,1364,1386,1408,1430,1452,1474,1496,1518,1540,1562,1584,1606,1628,1650,1672,1694,1716,1738,1760,1782,1804,1848,1870,1892,1914,1936,1980,2002,2024,2046,2068,2112,2134,2156,2178,2200,2244,2266,2288,2310,2354,2376,2398,2420,2442,2464,2508,2530,2552,2574,2596,2618,2640,2662,2684,2706,2728,2750,2772,2816,2838,2860,2882,2904,2926,2948,2970,2992,3014,3036,3058,3080,3102,3124,3146,3168,3234,3256,3278,3322,3344,3366,3388,3410,3432,3476,3520,3542,3586,3608,3630,3652,3674,3718,3740,3784,3806,3828,3850,3872,3894,3916,3938,3960,3982,4004,4048,4092,4114,4136,4180,4224,4246,4268,4290,4356,4444,4466,4510,4576,4752,4796,4818,4950,4994,5016,5060,5126,5346,5390,5434,5478,5676,5698,5720,5808,5896,5918,6160,6226,6270,6292,6336,6358,6446,6996,7106,7128,7568,7766,7920,8030,8228,8250,8404,9240,9328,9570,9592,12672],
"fitness": [15409.571289,15242.006836,15173.917969,14972.810547,14721.175781,14518.816406,14306.027344,14231.151367,14108.892578,14050.146484,14001.492188,13921.479492,13843.914062,13798.229492,13732.337891,13693.287109,13676.152344,13606.194336,13594.111328,13525.247070,13516.160156,13442.943359,13409.623047,13346.486328,13326.329102,13313.848633,13289.889648,13252.793945,13165.430664,13163.905273,13087.482422,13060.023438,13035.102539,13019.354492,12996.720703,12938.254883,12898.675781,12851.856445,12824.285156,12799.961914,12749.224609,12739.100586,12672.876953,12635.000000,12588.014648,12577.503906,12563.473633,12493.639648,12444.188477,12439.719727,12360.791992,12356.858398,12327.930664,12304.867188,12280.095703,12225.053711,12193.383789,12114.239258,12078.311523,12062.531250,12007.928711,11942.313477,11879.289062,11874.097656,11843.626953,11825.666992,11795.973633,11762.771484,11734.335938,11693.299805,11663.394531,11637.772461,11625.792969,11596.139648,11545.156250,11521.649414,11488.015625,11485.301758,11423.213867,11404.789062,11380.417969,11350.546875,11326.794922,11316.042969,11253.972656,11244.137695,11196.528320,11158.916016,11134.461914,11116.237305,11083.057617,11042.027344,11030.870117,10986.716797,10964.488281,10928.599609,10905.425781,10888.168945,10873.394531,10842.110352,10814.651367,10808.020508,10748.033203,10735.224609,10732.357422,10676.608398,10668.238281,10626.316406,10614.967773,10563.038086,10562.317383,10530.722656,10488.156250,10475.826172,10451.990234,10432.918945,10423.924805,10377.700195,10340.642578,10330.571289,10314.200195,10294.287109,10283.755859,10247.930664,10224.595703,10210.369141,10170.786133,10159.775391,10143.114258,10089.277344,10069.190430,10028.822266,9985.856445,9958.397461,9938.920898,9917.477539,9898.497070,9885.966797,9836.541992,9821.413086,9805.083008,9783.048828,9775.302734,9749.181641,9739.812500,9710.460938,9700.230469,9676.821289,9662.452148,9629.210938,9594.526367,9570.885742,9569.685547,9522.449219,9480.829102,9467.105469,9465.713867,9433.948242,9428.553711,9411.137695,9385.953125,9354.589844,9332.016602,9297.411133,9270.119141,9238.751953,9224.540039,9210.014648,9176.429688,9158.599609,9157.637695,9121.921875,9117.631836,9073.508789,9043.665039,9016.159180,8997.395508,8993.511719,8981.449219,8970.092773,8953.067383,8941.655273,8924.916992,8918.791016,8916.206055,8873.332031,8858.143555,8833.886719,8806.447266,8799.599609,8778.947266,8760.262695,8752.267578,8737.898438,8732.668945,8719.498047,8709.830078,8704.617188,8701.877930,8698.860352,8697.245117,8695.894531,8675.343750,8660.722656,8640.554688,8637.860352,8636.372070,8632.393555,8628.453125,8626.135742,8625.290039,8624.148438,8621.885742,8621.885742]
}