{
"iteraciones": [44,66,88,110,132,154,176,198,220,242,264,286,308,330,352,374,396,418,440,462,484,506,528,550,572,594,616,638,660,682,704,726,748,770,792,814,836,858,880,902,924,946,968,990,1034,1056,1078,1100,1122,1144,1166,1188,1210,1232,1254,1276,1298,1320,1364,1408,1430,1452,1474,1496,1518,1540,1562,1584,1606,1650,1672,1694,1716,1738,1760,1782,1804,1826,1848,1870,1892,1914,1936,1958,1980,2002,2024,2046,2068,2090,2112,2134,2156,2178,2200,2244,2266,2288,2310,2332,2354,2398,2442,2464,2486,2508,2530,2552,2574,2596,2618,2640,2662,2684,2706,2728,2750,2772,2794,2816,2838,2860,2882,2904,2926,2970,2992,3036,3058,3080,3102,3146,3168,3190,3256,3278,3300,3322,3344,3366,3388,3410,3432,3454,3476,3498,3520,3564,3630,3652,3674,3696,3718,3740,3762,3828,3850,3872,3894,3938,3960,3982,4004,4026,4048,4070,4136,4180,4202,4246,4268,4290,4312,4334,4400,4510,4532,4554,4576,4620,4642,4686,4752,4774,4884,4928,4994,5016,5038,5082,5170,5192,5258,5280,5390,5478,5500,5544,5654,5720,5764,5808,5852,5874,5940,5984,6138,6160,6226,6248,6270,6292,6314,6336,6358,6424,6446,6468,6688,6710,6996,7700,7876,7920,8030,8162,8206,8382,8426,10274,11198,14278],
"fitness": [15012.849609,14963.166992,14735.077148,14595.567383,14533.651367,14436.000000,14375.141602,14216.766602,14161.796875,13981.898438,13944.901367,13850.073242,13777.048828,13661.216797,13622.405273,13597.065430,13567.182617,13550.959961,13482.004883,13445.687500,13417.327148,13403.092773,13378.250977,13335.529297,13294.894531,13254.685547,13237.345703,13146.991211,13133.265625,13021.477539,12981.796875,12955.054688,12946.279297,12919.584961,12888.039062,12887.482422,12844.443359,12832.532227,12750.432617,12697.997070,12678.355469,12655.005859,12633.966797,12603.986328,12583.875977,12557.447266,12526.790039,12518.257812,12467.241211,12456.434570,12439.033203,12410.690430,12403.070312,12365.930664,12344.398438,12342.125977,12288.612305,12239.426758,12181.129883,12142.762695,12121.112305,12081.677734,12059.830078,12038.184570,12008.033203,11980.176758,11970.963867,11943.237305,11889.461914,11854.324219,11845.240234,11805.446289,11779.142578,11757.455078,11744.529297,11713.373047,11649.796875,11638.661133,11622.793945,11601.834961,11588.997070,11573.871094,11559.465820,11554.216797,11536.312500,11507.528320,11502.536133,11451.375000,11405.098633,11364.969727,11361.324219,11319.777344,11305.314453,11297.795898,11266.897461,11235.421875,11215.304688,11185.221680,11180.149414,11119.669922,11104.677734,11092.214844,11059.212891,11045.997070,10998.734375,10962.590820,10953.552734,10928.283203,10893.768555,10865.795898,10860.514648,10829.624023,10824.330078,10786.752930,10770.299805,10748.169922,10741.000000,10705.582031,10666.767578,10623.772461,10588.630859,10560.856445,10530.937500,10478.075195,10428.552734,10422.948242,10369.209961,10360.498047,10310.786133,10292.075195,10276.925781,10251.131836,10239.932617,10201.316406,10186.563477,10162.709961,10135.103516,10101.378906,10099.945312,10088.370117,10043.764648,10035.009766,10006.668945,9979.283203,9965.903320,9931.793945,9916.121094,9888.454102,9844.490234,9809.523438,9800.666016,9789.146484,9776.599609,9768.810547,9744.666016,9735.928711,9717.833984,9699.835938,9686.687500,9680.840820,9663.639648,9646.678711,9642.807617,9634.002930,9633.482422,9576.022461,9532.279297,9530.906250,9496.956055,9494.953125,9463.105469,9434.324219,9423.977539,9416.987305,9359.489258,9343.329102,9322.302734,9319.671875,9309.073242,9286.686523,9275.201172,9247.769531,9233.217773,9206.005859,9190.895508,9186.663086,9141.988281,9122.141602,9093.170898,9077.562500,9073.000000,9055.134766,9049.885742,9031.139648,9024.059570,9009.516602,8995.713867,8967.496094,8966.987305,8950.582031,8939.713867,8914.967773,8905.587891,8888.990234,8882.589844,8849.813477,8836.362305,8831.309570,8829.098633,8807.135742,8800.120117,8796.769531,8793.659180,8790.969727,8786.768555,8784.539062,8765.302734,8760.422852,8743.504883,8741.703125,8697.533203,8682.466797,8650.187500,8648.829102,8647.638672,8644.656250,8637.598633,8634.407227,8624.148438,8623.272461,8621.885742,8621.885742]
}