{
"iteraciones": [22,44,66,88,110,132,154,176,198,220,242,264,286,308,330,352,374,396,418,440,462,484,506,550,572,594,616,638,660,682,704,726,748,770,814,836,880,902,946,968,990,1012,1034,1056,1078,1100,1166,1210,1232,1254,1276,1298,1320,1342,1364,1386,1408,1430,1452,1474,1496,1518,1540,1562,1584,1606,1628,1650,1672,1694,1716,1738,1760,1782,1804,1826,1848,1870,1914,1936,1958,1980,2002,2024,2046,2112,2134,2156,2178,2222,2266,2354,2376,2398,2442,2464,2486,2508,2530,2552,2574,2596,2618,2662,2684,2706,2728,2750,2772,2816,2838,2882,2926,2970,2992,3014,3036,3058,3080,3102,3146,3168,3190,3212,3278,3322,3344,3366,3388,3410,3432,3454,3498,3542,3630,3652,3762,3784,3828,3872,3894,3916,3938,3960,3982,4026,4048,4070,4092,4180,4202,4246,4290,4312,4356,4400,4422,4444,4466,4488,4510,4532,4554,4576,4598,4620,4664,4686,4752,4774,4796,4818,4862,4884,4906,4928,4972,4994,5016,5038,5060,5104,5126,5148,5170,5214,5236,5280,5302,5324,5346,5390,5412,5434,5456,5478,5500,5522,5632,5676,5698,5742,5786,5808,5830,5874,5896,5918,5940,5962,6006,6028,6050,6072,6094,6116,6160,6182,6248,6270,6292,6314,6336,6380,6402,6468,6490,6512,6534,6578,6600,6622,6666,6710,6754,6776,6820,6842,6864,6886,6930,6952,6974,6996,7018,7040,7106,7128,7150,7172,7194,7216,7260,7282,7326,7370,7414,7436,7458,7480,7502,7524,7546,7568,7590,7612,7634,7678,7766,7788,7832,7920,7942,7964,7986,8008,8030,8074,8096,8118,8140,8162,8206,8228,8250,8294,8316,8338,8382,8404,8448,8470,8492,8646,8668,8734,8756,8800,8822,8844,8866,8998,9218,9834,9878,9922,9988,10120,10164,10186,10208,10274,10428,10538,10626,10670,10736,10780,10868,10934,11836,11858,11880,12386,12760,13046,13068,15312,16544,18216,21296],
"fitness": [15204.376953,14976.065430,14775.636719,14527.929688,14492.265625,14311.373047,14265.450195,14144.615234,14120.459961,14056.122070,13994.722656,13917.613281,13860.180664,13812.220703,13777.514648,13748.486328,13740.000000,13674.164062,13651.276367,13620.387695,13611.031250,13570.822266,13536.681641,13508.078125,13483.072266,13472.430664,13429.485352,13384.586914,13360.910156,13334.699219,13305.783203,13264.590820,13226.040039,13188.906250,13168.739258,13085.063477,13052.898438,12990.428711,12988.412109,12946.218750,12943.236328,12926.789062,12923.176758,12897.054688,12846.104492,12763.368164,12726.754883,12684.547852,12657.561523,12605.269531,12582.921875,12540.785156,12535.665039,12501.832031,12495.197266,12462.922852,12415.009766,12407.623047,12374.113281,12360.688477,12327.299805,12297.463867,12273.585938,12228.605469,12220.072266,12208.291992,12186.841797,12162.656250,12139.877930,12132.341797,12058.519531,12048.469727,12023.283203,12022.786133,11999.768555,11971.132812,11948.975586,11912.773438,11911.056641,11897.956055,11886.625000,11863.814453,11858.839844,11831.213867,11816.689453,11805.899414,11797.563477,11786.823242,11778.804688,11764.191406,11736.662109,11728.926758,11714.682617,11691.413086,11682.253906,11675.000000,11671.029297,11664.757812,11650.556641,11627.430664,11615.668945,11610.707031,11568.503906,11562.530273,11535.579102,11531.699219,11520.461914,11512.061523,11482.994141,11478.131836,11473.033203,11463.602539,11447.657227,11434.707031,11433.375977,11425.515625,11417.895508,11412.928711,11407.469727,11397.918945,11393.341797,11387.535156,11381.158203,11374.192383,11361.907227,11357.940430,11355.717773,11350.831055,11348.277344,11345.846680,11337.160156,11334.421875,11328.851562,11323.846680,11316.125000,11296.117188,11291.348633,11253.378906,11243.512695,11232.060547,11218.708008,11215.869141,11208.666992,11199.232422,11193.283203,11188.875000,11182.665039,11178.998047,11166.491211,11158.019531,11153.728516,11139.990234,11134.116211,11117.834961,11116.356445,11102.945312,11084.847656,11079.962891,11059.862305,11055.663086,11048.619141,11035.041016,11030.843750,11023.896484,11018.209961,11008.190430,11000.927734,10985.360352,10979.335938,10975.583008,10966.104492,10951.687500,10945.627930,10939.072266,10929.775391,10911.999023,10904.765625,10889.772461,10881.360352,10871.218750,10849.016602,10839.554688,10832.017578,10829.420898,10798.587891,10796.588867,10769.491211,10765.123047,10740.635742,10737.048828,10730.583984,10699.037109,10697.459961,10663.241211,10662.482422,10641.840820,10608.219727,10597.676758,10584.504883,10573.097656,10567.525391,10552.199219,10542.707031,10519.601562,10517.303711,10504.443359,10502.023438,10494.927734,10483.643555,10462.416016,10444.500977,10434.855469,10418.327148,10400.994141,10391.304688,10353.711914,10337.427734,10318.448242,10307.037109,10301.737305,10269.406250,10257.618164,10246.437500,10235.327148,10211.041016,10209.874023,10196.984375,10177.060547,10169.195312,10147.137695,10125.915039,10107.969727,10094.908203,10064.589844,10033.521484,10022.786133,9999.447266,9996.827148,9974.375977,9927.368164,9921.129883,9909.338867,9904.129883,9890.639648,9875.210938,9842.105469,9836.379883,9788.208008,9786.674805,9767.177734,9744.173828,9723.069336,9699.450195,9664.877930,9640.827148,9619.481445,9605.385742,9591.266602,9581.887695,9560.643555,9529.502930,9524.823242,9505.559570,9496.012695,9486.868164,9451.677734,9441.791992,9424.985352,9402.923828,9401.803711,9372.385742,9366.242188,9332.032227,9330.080078,9313.726562,9292.861328,9259.241211,9254.496094,9250.711914,9242.460938,9198.198242,9187.201172,9172.477539,9166.096680,9145.163086,9115.920898,9111.908203,9094.769531,9083.000000,9056.568359,9045.128906,9005.112305,8992.518555,8987.837891,8981.621094,8979.266602,8968.213867,8956.250000,8948.318359,8914.633789,8892.964844,8891.900391,8845.314453,8797.189453,8796.128906,8795.322266,8790.036133,8786.598633,8784.173828,8776.891602,8775.921875,8772.529297,8770.076172,8756.936523,8742.910156,8735.535156,8706.420898,8705.635742,8702.349609,8682.914062,8667.413086,8664.321289,8663.541992,8662.435547,8642.957031,8641.841797,8632.212891,8629.685547,8623.406250,8621.885742,8621.885742]
}