{
"iteraciones": [22,44,66,88,110,132,154,176,198,220,242,264,286,308,330,352,374,396,440,462,484,506,528,550,572,594,616,638,660,682,704,726,770,792,836,858,880,902,924,946,968,990,1012,1034,1056,1078,1100,1122,1144,1166,1188,1210,1232,1254,1320,1342,1364,1386,1408,1430,1452,1474,1496,1518,1540,1562,1584,1606,1628,1650,1672,1694,1716,1738,1760,1782,1804,1826,1848,1870,1892,1914,1936,2002,2024,2046,2068,2134,2178,2200,2222,2244,2266,2288,2310,2332,2354,2376,2398,2420,2442,2464,2486,2508,2530,2552,2574,2596,2618,2640,2662,2684,2706,2728,2750,2772,2794,2816,2860,2882,2926,2948,2970,2992,3014,3058,3080,3102,3124,3146,3168,3190,3234,3256,3278,3300,3322,3344,3366,3388,3410,3498,3520,3542,3564,3608,3630,3674,3696,3718,3762,3784,3806,3828,3850,3894,4004,4026,4048,4070,4092,4136,4246,4312,4334,4356,4400,4466,4598,4642,4774,4796,4884,4906,4928,4950,5082,5126,5170,5302,5346,5654,5676,5698,5786,5918,5962,6050,6072,6116,6204,6556,6710,6732,7392,7568,7612,7634,7722,7854,10934],
"fitness": [15213.910156,14956.263672,14778.824219,14764.356445,14564.082031,14369.567383,14333.657227,14255.413086,14150.986328,14073.290039,13984.723633,13962.072266,13900.927734,13840.229492,13735.762695,13696.368164,13688.219727,13594.488281,13532.994141,13504.723633,13464.054688,13442.461914,13380.410156,13345.918945,13296.807617,13289.416992,13264.612305,13236.216797,13172.787109,13157.846680,13115.042969,13011.704102,12996.695312,12921.564453,12876.426758,12846.904297,12834.467773,12801.304688,12761.133789,12716.199219,12692.070312,12656.671875,12587.139648,12556.492188,12541.872070,12479.164062,12427.367188,12381.204102,12364.888672,12343.993164,12326.468750,12286.583008,12243.971680,12106.850586,12098.242188,12050.911133,12013.945312,11986.722656,11920.490234,11857.177734,11847.099609,11768.476562,11763.670898,11744.184570,11727.925781,11700.168945,11674.135742,11612.888672,11572.944336,11560.886719,11486.286133,11462.539062,11422.778320,11415.387695,11349.822266,11337.922852,11306.097656,11248.596680,11230.033203,11178.564453,11158.244141,11124.777344,11024.319336,11020.877930,10960.539062,10957.787109,10892.749023,10847.969727,10782.583984,10697.498047,10696.143555,10682.055664,10650.495117,10562.670898,10561.178711,10516.294922,10514.636719,10478.963867,10467.682617,10454.195312,10404.174805,10393.186523,10360.185547,10343.035156,10302.766602,10292.473633,10259.446289,10217.889648,10198.441406,10191.163086,10179.297852,10141.389648,10123.223633,10121.449219,10076.966797,10025.542969,10022.040039,9976.161133,9975.341797,9930.263672,9879.850586,9861.926758,9850.645508,9838.728516,9812.022461,9756.435547,9745.138672,9737.184570,9706.085938,9703.937500,9697.910156,9689.966797,9649.321289,9618.942383,9586.191406,9554.912109,9550.738281,9546.980469,9533.860352,9518.253906,9474.342773,9466.604492,9441.222656,9420.516602,9391.147461,9373.412109,9345.310547,9329.529297,9302.288086,9275.113281,9255.866211,9254.041992,9245.293945,9240.793945,9235.433594,9182.089844,9179.621094,9141.984375,9097.710938,9082.380859,9059.630859,9053.235352,9027.992188,8990.090820,8987.172852,8948.068359,8947.666016,8908.509766,8900.581055,8896.770508,8888.660156,8887.566406,8880.842773,8864.204102,8856.419922,8848.572266,8841.992188,8813.325195,8805.354492,8792.433594,8784.370117,8780.472656,8760.413086,8749.419922,8748.083008,8746.551758,8722.465820,8713.813477,8711.999023,8709.828125,8706.534180,8699.327148,8695.997070,8688.750000,8676.427734,8664.571289,8663.000000,8639.155273,8634.105469,8631.165039,8631.165039]
}