{
"iteraciones": [22,44,66,110,132,154,176,198,220,264,286,330,352,396,418,462,484,506,528,550,572,594,616,638,660,682,704,726,748,770,792,814,836,858,880,902,924,990,1012,1034,1056,1122,1144,1166,1188,1232,1254,1276,1298,1320,1342,1364,1386,1408,1430,1452,1474,1518,1584,1606,1628,1650,1672,1694,1738,1760,1804,1826,1848,1870,1892,1914,1936,2002,2024,2046,2068,2090,2112,2134,2156,2178,2222,2244,2266,2288,2310,2332,2354,2376,2398,2420,2486,2508,2552,2596,2618,2662,2684,2706,2728,2750,2772,2794,2816,2838,2860,2882,2926,2948,2970,2992,3014,3036,3080,3102,3124,3146,3168,3190,3234,3278,3300,3322,3344,3366,3388,3410,3454,3476,3498,3520,3542,3564,3608,3630,3652,3674,3696,3740,3762,3784,3828,3850,3894,3916,3938,3960,3982,4004,4026,4048,4070,4092,4114,4180,4224,4246,4356,4378,4400,4422,4554,4598,4620,4642,4664,4686,4730,4752,4796,4818,4928,4950,5192,5214,5236,5346,5412,5500,5522,5544,5566,5610,5654,5698,5720,5742,5764,5786,5830,5940,5984,6050,6204,6578,6600,6622,6688,6710,6798,7634,7656,7678,7986,8030,8162,9328,9394,9416,9526,10978,14058],
"fitness": [15287.751953,15178.331055,14783.269531,14587.995117,14486.965820,14328.255859,14258.344727,14141.682617,13894.373047,13872.786133,13781.664062,13700.326172,13507.093750,13506.368164,13413.524414,13404.737305,13334.485352,13234.531250,13212.652344,13186.916992,13158.210938,13153.169922,13109.915039,13092.668945,13054.647461,13049.202148,12991.387695,12971.916016,12944.678711,12867.776367,12860.419922,12804.833008,12773.980469,12733.783203,12719.351562,12683.000000,12625.280273,12594.421875,12568.060547,12524.693359,12466.473633,12444.821289,12418.845703,12365.498047,12339.119141,12304.222656,12272.185547,12238.356445,12195.794922,12157.731445,12142.242188,12099.546875,12068.459961,12044.863281,12042.582031,12023.053711,12014.019531,11960.584961,11951.471680,11926.974609,11911.219727,11898.882812,11866.273438,11809.847656,11771.567383,11730.219727,11708.501953,11680.177734,11648.226562,11642.592773,11625.937500,11603.794922,11594.096680,11569.585938,11567.998047,11554.153320,11533.132812,11516.530273,11494.670898,11483.131836,11471.949219,11440.297852,11414.368164,11399.101562,11376.041992,11374.234375,11320.170898,11316.354492,11272.484375,11270.683594,11258.510742,11238.999023,11233.191406,11187.725586,11152.218750,11146.002930,11090.724609,11081.880859,11062.290039,11025.932617,11010.258789,11009.819336,10993.478516,10966.502930,10948.878906,10939.564453,10919.527344,10868.560547,10854.737305,10841.709961,10807.979492,10793.056641,10792.404297,10740.078125,10722.057617,10704.883789,10694.420898,10673.489258,10647.474609,10635.908203,10603.943359,10541.375000,10538.142578,10524.629883,10504.194336,10487.134766,10464.640625,10449.861328,10425.775391,10422.288086,10409.143555,10399.613281,10396.100586,10365.482422,10344.654297,10336.074219,10327.009766,10317.020508,10283.773438,10276.174805,10246.204102,10230.007812,10227.599609,10207.544922,10204.821289,10199.053711,10188.845703,10158.281250,10113.816406,10096.289062,10093.291992,10048.828125,10004.028320,10002.590820,9987.910156,9985.000000,9978.735352,9971.494141,9968.057617,9953.914062,9948.678711,9941.921875,9912.520508,9897.121094,9890.135742,9883.833984,9879.203125,9860.233398,9816.459961,9786.872070,9778.241211,9774.492188,9758.113281,9739.525391,9714.297852,9712.952148,9709.638672,9692.423828,9675.507812,9660.253906,9656.714844,9651.430664,9613.545898,9610.888672,9586.879883,9581.276367,9566.650391,9554.418945,9552.134766,9528.479492,9508.590820,9499.806641,9477.594727,9465.111328,9444.199219,9443.522461,9424.000000,9407.587891,9396.836914,9393.748047,9387.816406,9368.580078,9367.966797,9366.000000,9365.927734,9334.841797,9332.644531,9322.397461,9321.391602,9320.726562,9317.697266,9315.638672,9315.000000]
}