{
"iteraciones": [44,66,88,110,132,154,198,242,264,286,308,330,352,374,396,418,440,462,484,506,528,550,572,594,616,638,660,682,704,726,748,770,792,814,836,858,880,902,946,990,1012,1034,1056,1100,1122,1144,1166,1188,1210,1232,1254,1298,1320,1342,1364,1386,1408,1430,1452,1496,1518,1540,1562,1584,1606,1628,1650,1672,1716,1738,1760,1782,1826,1848,1892,1914,1958,1980,2002,2024,2046,2068,2090,2112,2178,2200,2222,2244,2266,2288,2310,2354,2398,2420,2442,2486,2508,2552,2574,2596,2618,2640,2662,2684,2706,2750,2794,2816,2838,2860,2882,2904,2926,2970,2992,3014,3036,3058,3080,3102,3146,3168,3190,3212,3234,3256,3278,3300,3322,3344,3366,3388,3432,3476,3498,3520,3542,3564,3586,3608,3652,3674,3718,3828,3850,3872,3894,3916,3938,3960,3982,4026,4092,4136,4180,4202,4268,4312,4334,4356,4422,4444,4466,4488,4532,4554,4576,4598,4620,4664,4686,4730,4752,4774,4796,4840,4862,4884,4950,4972,4994,5038,5060,5082,5126,5148,5170,5192,5236,5258,5280,5324,5368,5390,5412,5434,5456,5478,5676,5698,5720,5742,5764,5808,5830,5852,5896,5918,5940,5962,5984,6006,6028,6402,6424,6446,6468,6534,6622,6644,6666,6842,6886,7172,7194,7216,7238,7260,7348,8030,8074,8096,8668,9284,10450,10582,10604,10714,13794],
"fitness": [15079.229492,14886.137695,14775.117188,14665.804688,14574.789062,14359.505859,14195.504883,14137.827148,14046.659180,13983.756836,13969.621094,13918.312500,13903.155273,13837.178711,13828.739258,13815.213867,13757.170898,13727.230469,13696.484375,13663.594727,13634.302734,13613.237305,13583.993164,13535.380859,13496.309570,13452.425781,13445.102539,13424.181641,13384.796875,13369.500977,13356.027344,13329.325195,13294.713867,13236.546875,13211.742188,13174.179688,13132.720703,13091.545898,13075.535156,13023.896484,12994.699219,12976.435547,12937.608398,12899.086914,12870.973633,12808.333984,12788.008789,12743.549805,12724.886719,12662.709961,12627.167969,12595.760742,12580.525391,12570.000000,12558.017578,12532.765625,12518.041016,12496.628906,12446.265625,12436.389648,12403.854492,12397.038086,12377.738281,12357.541016,12322.155273,12306.689453,12286.643555,12210.172852,12178.505859,12088.492188,12080.930664,12029.605469,12025.473633,11985.534180,11953.264648,11899.863281,11856.916016,11820.049805,11807.350586,11773.055664,11743.866211,11728.458984,11726.080078,11686.332031,11676.331055,11668.861328,11635.770508,11600.819336,11574.666992,11555.591797,11512.454102,11448.915039,11437.490234,11422.204102,11361.717773,11352.420898,11315.355469,11307.546875,11290.981445,11259.867188,11225.802734,11208.911133,11182.137695,11176.975586,11144.333008,11110.564453,11094.792969,11078.416992,11059.570312,11056.684570,11010.562500,11001.537109,10959.741211,10947.124023,10923.557617,10921.913086,10893.731445,10877.893555,10858.729492,10774.345703,10746.188477,10738.118164,10730.826172,10711.012695,10703.979492,10681.036133,10658.591797,10625.937500,10592.294922,10563.706055,10545.583008,10525.660156,10488.293945,10467.407227,10466.263672,10455.231445,10450.435547,10427.788086,10415.009766,10373.400391,10368.821289,10322.284180,10243.808594,10212.547852,10207.000000,10180.000000,10164.828125,10158.334961,10152.708008,10118.192383,10066.278320,10011.396484,9984.567383,9952.305664,9932.529297,9905.553711,9889.262695,9869.297852,9852.766602,9825.858398,9808.813477,9794.102539,9777.787109,9757.437500,9741.875977,9729.676758,9728.972656,9716.232422,9661.665039,9629.678711,9624.375977,9606.128906,9605.154297,9577.563477,9544.490234,9517.617188,9483.786133,9457.944336,9428.054688,9411.403320,9369.387695,9349.567383,9337.085938,9319.139648,9317.978516,9309.230469,9303.681641,9268.575195,9245.192383,9236.677734,9219.808594,9198.533203,9182.245117,9172.623047,9159.880859,9144.831055,9135.006836,9132.388672,9110.711914,9098.938477,9075.093750,9069.439453,9040.637695,9038.059570,9023.896484,8992.481445,8983.344727,8978.754883,8944.835938,8943.369141,8924.304688,8923.974609,8905.160156,8893.408203,8884.033203,8868.842773,8859.391602,8835.997070,8831.226562,8809.042969,8785.845703,8780.457031,8750.065430,8747.267578,8719.952148,8716.383789,8712.475586,8711.367188,8700.429688,8694.366211,8691.753906,8690.318359,8649.604492,8634.666016,8625.116211,8624.296875,8623.272461,8621.885742,8621.885742]
}