{
"iteraciones": [22,44,66,88,110,132,154,198,220,242,264,286,308,330,352,374,396,418,440,462,484,528,550,572,594,616,638,660,682,704,726,748,770,792,814,836,858,880,902,924,946,968,990,1012,1034,1056,1100,1122,1144,1166,1188,1210,1232,1254,1276,1298,1320,1342,1364,1386,1408,1430,1496,1518,1540,1562,1628,1650,1672,1694,1716,1760,1782,1804,1848,1870,1892,1914,1958,1980,2002,2046,2068,2112,2156,2178,2200,2222,2244,2266,2288,2310,2376,2398,2464,2486,2508,2530,2552,2574,2596,2618,2640,2684,2706,2728,2750,2772,2794,2816,2838,2860,2882,2926,2948,2970,2992,3014,3102,3124,3146,3168,3190,3212,3234,3278,3322,3344,3366,3388,3410,3432,3454,3476,3498,3520,3542,3608,3630,3718,3740,3762,3806,3828,3872,3894,3916,3938,4004,4048,4070,4092,4114,4136,4158,4180,4202,4224,4246,4268,4290,4312,4334,4356,4400,4444,4466,4488,4510,4598,4620,4642,4664,4686,4708,4752,4774,4884,4906,4950,4972,4994,5038,5060,5082,5104,5126,5148,5170,5214,5236,5346,5368,5390,5456,5478,5544,5566,5588,5654,5676,5698,5720,5764,6072,6094,6116,6138,6182,6204,6226,6270,6402,6468,6754,6776,6798,7084,7150,7238,7260,7282,7326,7348,7722,8910,8932,8976,9152,9196,9284,11132,14212],
"fitness": [15161.715820,15019.661133,14808.862305,14535.220703,14474.529297,14382.205078,14158.484375,14017.666016,13986.729492,13804.251953,13776.212891,13671.510742,13551.487305,13460.891602,13404.918945,13366.721680,13352.007812,13316.895508,13247.254883,13228.000000,13192.549805,13153.954102,13147.425781,13113.700195,13032.828125,12986.575195,12930.402344,12903.492188,12869.241211,12839.112305,12798.509766,12790.767578,12728.707031,12711.451172,12686.578125,12655.601562,12628.407227,12583.841797,12530.058594,12507.351562,12493.691406,12474.310547,12454.750000,12448.499023,12424.821289,12400.740234,12380.561523,12365.748047,12319.469727,12298.256836,12291.577148,12274.903320,12254.500977,12240.491211,12223.717773,12208.458008,12198.138672,12180.428711,12153.389648,12133.345703,12103.303711,12050.354492,12046.000000,11998.150391,11977.886719,11932.238281,11922.964844,11899.937500,11872.635742,11850.585938,11794.672852,11767.672852,11737.708008,11717.024414,11697.437500,11677.444336,11662.021484,11619.750000,11596.208984,11585.942383,11562.485352,11538.149414,11508.321289,11476.286133,11445.731445,11427.409180,11412.986328,11395.833008,11379.790039,11357.000000,11333.185547,11318.973633,11313.864258,11281.096680,11249.000000,11232.724609,11215.390625,11191.415039,11152.010742,11114.241211,11065.858398,11056.850586,11029.515625,11024.207031,11020.990234,11001.953125,10997.644531,10976.621094,10967.446289,10941.947266,10919.267578,10899.935547,10875.507812,10855.322266,10854.618164,10844.690430,10819.973633,10772.680664,10746.063477,10733.507812,10696.197266,10681.461914,10651.634766,10636.636719,10628.965820,10582.715820,10565.493164,10555.014648,10518.765625,10498.117188,10462.164062,10422.470703,10398.000000,10362.233398,10329.381836,10316.842773,10291.478516,10272.514648,10235.412109,10222.173828,10205.962891,10194.675781,10163.125000,10149.881836,10105.083984,10096.455078,10058.679688,10025.904297,10001.180664,9968.778320,9957.010742,9923.282227,9915.026367,9879.033203,9860.130859,9838.439453,9820.663086,9802.510742,9792.664062,9778.647461,9770.569336,9756.848633,9732.374023,9718.476562,9679.969727,9667.905273,9664.919922,9655.601562,9611.887695,9587.264648,9528.644531,9489.967773,9478.320312,9476.944336,9425.059570,9421.837891,9401.489258,9396.051758,9370.334961,9332.154297,9303.683594,9298.966797,9282.126953,9263.802734,9255.359375,9243.460938,9222.382812,9211.025391,9180.109375,9156.470703,9129.177734,9115.106445,9049.017578,9026.532227,9023.634766,9001.281250,8994.454102,8984.941406,8959.460938,8947.985352,8930.171875,8899.642578,8883.861328,8860.677734,8842.207031,8811.630859,8810.212891,8768.090820,8765.420898,8740.000000,8734.715820,8732.053711,8729.977539,8720.331055,8716.977539,8714.578125,8712.451172,8706.325195,8697.369141,8688.803711,8680.327148,8666.236328,8665.195312,8663.770508,8653.992188,8645.384766,8643.787109,8640.038086,8633.467773,8632.654297,8623.272461,8621.885742,8621.885742]
}