{
"iteraciones": [22,44,66,88,110,132,154,176,198,220,242,264,286,308,330,352,374,396,418,440,462,484,528,550,572,594,616,638,660,682,704,726,748,770,792,814,836,858,880,902,924,946,968,1012,1034,1056,1078,1100,1122,1144,1188,1210,1232,1254,1276,1298,1320,1342,1386,1408,1430,1452,1474,1496,1518,1540,1562,1584,1606,1628,1650,1672,1694,1738,1760,1782,1804,1826,1848,1870,1892,1914,1936,1958,1980,2024,2046,2068,2090,2112,2156,2178,2200,2222,2244,2266,2288,2310,2332,2354,2376,2398,2420,2442,2464,2486,2508,2530,2552,2574,2618,2662,2684,2728,2750,2772,2794,2816,2838,2860,2882,2904,2926,2948,2970,2992,3014,3058,3080,3102,3124,3146,3168,3190,3234,3256,3278,3300,3322,3344,3366,3388,3410,3432,3454,3476,3520,3542,3564,3586,3608,3630,3652,3696,3718,3806,3828,3850,3872,3916,3938,3960,3982,4004,4026,4070,4092,4114,4136,4158,4202,4246,4290,4312,4334,4356,4378,4400,4422,4444,4466,4510,4532,4598,4620,4664,4686,4708,4730,4752,4818,4840,4906,4950,4972,4994,5016,5060,5082,5148,5170,5192,5214,5236,5280,5324,5346,5368,5390,5456,5522,5566,5610,5654,5676,5698,5720,5742,5764,5786,5808,5874,5918,5940,5962,5984,6006,6028,6050,6072,6094,6116,6138,6160,6226,6248,6270,6292,6336,6358,6380,6424,6490,6600,6622,6644,6666,6754,6930,6974,7018,7040,7062,7106,7128,7172,7194,7216,7238,7304,8338,8382,8800,8844,8910,9284,9350,9878,10010,13090],
"fitness": [15166.491211,15062.627930,14912.546875,14908.980469,14733.185547,14630.935547,14428.312500,14394.783203,14356.475586,14218.054688,14146.012695,14073.204102,14068.144531,14004.532227,13974.910156,13901.641602,13868.223633,13826.489258,13764.319336,13707.746094,13690.891602,13635.127930,13571.119141,13549.056641,13531.587891,13516.708008,13464.819336,13434.099609,13399.488281,13366.529297,13331.020508,13237.075195,13210.926758,13135.000000,13096.729492,13052.368164,13020.669922,12979.235352,12948.285156,12937.173828,12884.666016,12880.888672,12778.869141,12744.129883,12699.056641,12661.930664,12613.775391,12559.048828,12518.495117,12482.454102,12465.833008,12432.357422,12403.731445,12386.927734,12355.543945,12330.914062,12311.897461,12276.461914,12262.122070,12247.541992,12223.444336,12220.657227,12203.000000,12182.684570,12176.584961,12141.222656,12130.339844,12102.023438,12097.090820,12076.009766,12057.014648,12048.214844,12010.865234,11976.479492,11973.071289,11939.818359,11929.143555,11911.000000,11893.036133,11885.237305,11866.980469,11842.022461,11822.843750,11805.308594,11769.859375,11750.026367,11728.465820,11718.784180,11716.867188,11691.970703,11683.877930,11661.250000,11636.841797,11602.588867,11581.527344,11567.749023,11556.017578,11547.875000,11537.467773,11526.903320,11495.296875,11485.111328,11469.001953,11442.431641,11415.708984,11402.000000,11384.418945,11363.416016,11357.377930,11346.077148,11309.196289,11288.909180,11280.321289,11265.365234,11236.476562,11235.797852,11208.455078,11197.619141,11181.972656,11165.541016,11148.993164,11129.911133,11110.033203,11100.734375,11099.898438,11075.147461,11042.511719,11034.447266,11018.754883,11003.047852,10989.172852,10987.341797,10954.784180,10930.378906,10921.570312,10910.310547,10899.440430,10893.780273,10872.207031,10863.475586,10861.272461,10817.902344,10811.038086,10799.614258,10787.319336,10774.544922,10764.189453,10751.583008,10736.048828,10717.610352,10704.853516,10703.646484,10686.250977,10682.129883,10607.570312,10599.350586,10580.315430,10575.978516,10532.750000,10529.086914,10490.340820,10482.375000,10478.653320,10448.164062,10422.761719,10405.465820,10395.277344,10380.603516,10377.000000,10340.154297,10308.543945,10294.317383,10274.754883,10264.736328,10248.932617,10242.541992,10193.803711,10170.788086,10157.245117,10150.200195,10125.960938,10105.514648,10065.378906,10061.185547,10023.802734,10017.863281,10002.726562,9995.043945,9970.946289,9946.826172,9906.502930,9866.865234,9847.185547,9832.964844,9788.860352,9773.089844,9752.581055,9746.258789,9691.977539,9652.110352,9648.512695,9630.820312,9607.899414,9573.263672,9550.464844,9537.230469,9517.076172,9472.891602,9463.824219,9432.005859,9396.178711,9385.161133,9359.500000,9352.814453,9341.117188,9337.232422,9336.242188,9312.439453,9310.205078,9273.667969,9255.132812,9247.573242,9197.280273,9189.922852,9185.014648,9141.516602,9137.311523,9110.298828,9098.870117,9086.669922,9070.160156,9065.766602,9045.839844,9021.434570,9017.987305,9001.279297,8966.133789,8922.229492,8920.000000,8902.264648,8873.382812,8839.017578,8823.242188,8809.839844,8808.586914,8793.060547,8775.477539,8756.992188,8738.921875,8722.603516,8717.444336,8704.482422,8702.615234,8680.950195,8671.080078,8665.663086,8663.196289,8651.998047,8648.232422,8645.103516,8643.693359,8642.694336,8637.750000,8636.674805,8631.831055,8629.306641,8628.451172,8625.918945,8621.885742,8621.885742]
}