{
"iteraciones": [22,44,66,88,110,132,154,176,198,220,242,264,286,308,330,352,374,396,418,440,462,484,506,528,550,572,594,616,638,660,682,704,726,748,770,792,814,836,858,880,902,924,946,968,990,1034,1056,1078,1100,1122,1144,1166,1188,1210,1232,1254,1276,1298,1320,1342,1364,1386,1408,1430,1474,1518,1540,1562,1584,1606,1628,1650,1672,1694,1760,1782,1804,1848,1870,1892,1914,1936,1958,1980,2002,2024,2046,2068,2090,2112,2134,2156,2178,2200,2222,2244,2266,2288,2310,2332,2354,2376,2398,2420,2442,2464,2486,2508,2530,2552,2574,2596,2618,2640,2662,2684,2750,2772,2860,2882,2904,2926,2970,2992,3036,3058,3102,3146,3234,3256,3300,3322,3344,3366,3410,3476,3542,3564,3586,3608,3630,3652,3674,3718,3740,3762,3784,3806,3828,3894,3960,3982,4004,4026,4048,4070,4092,4114,4180,4202,4224,4268,4290,4312,4356,4378,4422,4444,4466,4510,4532,4554,4730,4752,4884,4950,4972,4994,5060,5390,5412,5434,5478,5522,5566,5588,5610,5654,5698,5764,6160,6204,6226,6336,6622,6974,8008,8382,11462],
"fitness": [15396.588867,15206.017578,15027.791992,15021.018555,14729.701172,14690.858398,14502.220703,14339.981445,14292.742188,14263.240234,14128.235352,13966.373047,13905.717773,13857.598633,13824.359375,13755.756836,13749.575195,13685.649414,13631.124023,13559.458984,13495.235352,13456.455078,13452.408203,13397.752930,13370.854492,13316.015625,13275.496094,13264.342773,13232.028320,13199.349609,13146.469727,13103.415039,13090.678711,13038.030273,12991.024414,12959.580078,12927.079102,12916.419922,12871.424805,12849.012695,12807.733398,12745.320312,12735.689453,12701.043945,12617.407227,12598.423828,12484.761719,12458.725586,12431.825195,12383.659180,12350.927734,12298.514648,12275.553711,12253.416016,12215.000000,12171.727539,12113.282227,12108.642578,12075.217773,12041.489258,12022.901367,11990.250000,11959.522461,11929.965820,11867.607422,11855.441406,11775.280273,11759.144531,11726.909180,11710.519531,11699.064453,11686.000000,11678.862305,11619.341797,11597.581055,11569.375977,11515.875977,11499.389648,11445.181641,11412.608398,11346.236328,11277.927734,11275.696289,11222.135742,11207.048828,11160.722656,11142.664062,11108.457031,11037.878906,10990.333008,10976.700195,10965.916992,10916.923828,10882.881836,10846.213867,10813.582031,10789.427734,10786.226562,10767.875977,10752.024414,10737.147461,10700.478516,10644.159180,10600.318359,10593.384766,10585.630859,10542.751953,10526.189453,10470.508789,10461.206055,10387.185547,10338.592773,10320.285156,10298.911133,10286.231445,10253.272461,10240.008789,10120.640625,10111.439453,10061.431641,10043.961914,9999.657227,9957.824219,9922.083008,9912.454102,9809.163086,9798.514648,9768.683594,9752.232422,9728.338867,9719.560547,9679.169922,9659.545898,9649.787109,9640.680664,9620.299805,9597.253906,9584.053711,9558.593750,9525.598633,9517.537109,9508.294922,9471.111328,9444.333984,9428.466797,9425.113281,9384.752930,9351.380859,9309.757812,9294.853516,9254.206055,9231.373047,9218.769531,9195.867188,9191.719727,9179.556641,9160.127930,9095.958984,9092.626953,9085.530273,9064.054688,9050.724609,9037.634766,8999.895508,8992.723633,8976.256836,8970.212891,8963.173828,8946.579102,8937.688477,8936.819336,8923.610352,8922.380859,8903.664062,8897.951172,8859.480469,8843.066406,8841.891602,8834.480469,8812.059570,8811.454102,8785.413086,8777.101562,8761.838867,8752.735352,8731.205078,8726.025391,8725.295898,8722.434570,8703.433594,8698.749023,8669.692383,8643.412109,8637.854492,8634.526367,8629.971680,8626.570312,8621.885742,8621.885742]
}