{
"iteraciones": [22,44,66,88,110,132,154,176,198,220,242,286,308,330,352,374,396,418,440,462,484,506,528,550,572,594,616,638,660,682,704,726,748,770,792,814,836,858,880,902,924,946,968,1012,1034,1056,1078,1100,1122,1144,1166,1188,1210,1232,1254,1276,1298,1342,1364,1386,1408,1430,1452,1474,1496,1518,1540,1562,1584,1606,1650,1672,1694,1716,1738,1760,1782,1804,1826,1848,1870,1892,1914,1936,1958,1980,2002,2024,2046,2090,2112,2134,2156,2178,2200,2288,2310,2354,2376,2398,2420,2442,2486,2508,2530,2552,2574,2596,2640,2662,2684,2706,2728,2750,2772,2794,2816,2838,2860,2904,2948,2970,2992,3014,3036,3058,3102,3146,3168,3190,3212,3234,3256,3278,3300,3322,3344,3366,3432,3454,3476,3498,3520,3542,3586,3630,3674,3696,3718,3784,3806,3850,3872,3894,3916,3938,3960,3982,4026,4048,4070,4136,4158,4180,4334,4356,4378,4444,4466,4532,4598,4664,4730,4752,4774,4818,5060,5082,5126,5214,5236,5258,5280,5302,5324,5346,5368,5434,5456,5478,5544,5676,5698,5720,5742,5786,6116,6160,6204,6336,6776,6820,6886,7612,8844,8866,11880,14960],
"fitness": [15267.411133,15038.304688,14953.046875,14757.406250,14651.919922,14499.879883,14371.926758,14216.352539,14169.460938,14066.996094,13836.064453,13736.503906,13600.100586,13548.353516,13492.263672,13409.136719,13337.990234,13250.862305,13176.592773,13123.753906,13119.949219,13106.166992,13004.789062,12967.861328,12927.437500,12925.020508,12877.505859,12845.781250,12798.890625,12753.795898,12719.359375,12655.104492,12651.770508,12629.197266,12586.675781,12544.082031,12521.437500,12510.376953,12473.732422,12447.280273,12415.786133,12372.434570,12315.473633,12277.076172,12245.529297,12226.487305,12187.902344,12180.932617,12158.067383,12155.237305,12129.519531,12083.752930,12048.648438,12019.558594,11964.904297,11948.095703,11907.691406,11869.954102,11824.343750,11810.910156,11778.678711,11761.622070,11727.459961,11706.507812,11644.401367,11622.366211,11597.358398,11575.942383,11531.990234,11465.907227,11444.836914,11429.888672,11366.773438,11329.687500,11318.543945,11275.438477,11272.368164,11250.959961,11222.952148,11183.444336,11149.949219,11132.912109,11084.836914,11082.420898,11055.613281,11048.837891,11008.299805,10963.528320,10942.808594,10887.987305,10867.076172,10834.128906,10806.138672,10785.229492,10751.558594,10740.871094,10719.726562,10716.286133,10706.855469,10684.157227,10667.574219,10621.367188,10600.773438,10545.498047,10527.987305,10521.621094,10481.032227,10447.639648,10393.135742,10369.248047,10365.656250,10301.683594,10299.117188,10276.756836,10239.509766,10234.687500,10209.337891,10179.112305,10160.581055,10124.134766,10084.524414,10071.105469,10048.269531,10031.293945,10027.391602,9986.117188,9963.132812,9958.401367,9894.193359,9856.962891,9837.318359,9807.987305,9784.403320,9752.794922,9749.178711,9721.271484,9710.659180,9682.315430,9667.313477,9645.429688,9615.114258,9592.990234,9580.708984,9533.048828,9524.934570,9469.662109,9437.550781,9411.626953,9367.208984,9359.000000,9337.671875,9320.659180,9284.005859,9279.597656,9275.503906,9244.511719,9243.686523,9231.721680,9186.862305,9173.218750,9160.183594,9127.230469,9102.403320,9083.624023,9082.655273,9057.966797,9031.932617,9029.344727,9008.024414,9006.899414,8994.477539,8981.340820,8964.853516,8951.801758,8938.429688,8920.061523,8912.440430,8891.268555,8872.397461,8854.677734,8842.489258,8813.467773,8807.063477,8795.679688,8783.105469,8778.136719,8763.785156,8750.604492,8745.795898,8739.676758,8719.713867,8718.814453,8703.584961,8697.416992,8690.753906,8688.583008,8682.649414,8651.098633,8643.494141,8642.112305,8639.149414,8636.156250,8633.709961,8629.076172,8628.971680,8626.570312,8621.885742,8621.885742]
}