{
"iteraciones": [22,44,66,88,110,132,154,176,198,220,242,286,308,330,352,374,396,418,440,462,484,506,528,550,572,594,616,638,660,682,704,726,748,770,792,814,836,880,902,924,968,990,1012,1034,1056,1078,1100,1122,1144,1166,1188,1210,1232,1254,1276,1298,1320,1342,1364,1386,1408,1430,1452,1474,1496,1518,1540,1584,1628,1650,1672,1694,1716,1738,1760,1782,1804,1826,1892,1914,1936,1958,1980,2002,2024,2046,2068,2090,2112,2134,2156,2178,2200,2222,2244,2266,2288,2310,2354,2376,2398,2420,2442,2486,2508,2530,2552,2574,2596,2618,2640,2662,2684,2728,2750,2772,2794,2816,2838,2860,2882,2904,2926,2948,2970,3036,3058,3102,3124,3168,3190,3212,3256,3278,3300,3322,3344,3388,3410,3432,3454,3476,3498,3542,3608,3630,3652,3674,3718,3740,3762,3806,3828,3850,3894,3938,3960,3982,4004,4026,4048,4070,4092,4136,4158,4180,4202,4224,4268,4290,4312,4356,4378,4488,4510,4532,4576,4598,4620,4642,4664,4752,4774,4840,4862,4884,5016,5038,5060,5478,5544,5588,5654,5940,6556,6578,9658],
"fitness": [15226.081055,15074.533203,14874.900391,14617.675781,14536.000000,14457.785156,14307.681641,14234.263672,14176.774414,14104.737305,13880.705078,13869.171875,13737.244141,13711.328125,13679.258789,13655.426758,13640.602539,13614.412109,13529.915039,13517.358398,13476.926758,13425.389648,13383.810547,13358.882812,13319.076172,13298.417969,13253.000000,13216.237305,13192.356445,13157.280273,13147.149414,13107.843750,13046.514648,13029.261719,12970.011719,12957.578125,12878.219727,12847.221680,12800.890625,12738.691406,12689.044922,12678.439453,12610.022461,12578.612305,12536.822266,12528.276367,12449.968750,12411.388672,12396.738281,12356.036133,12298.474609,12272.167969,12237.275391,12213.835938,12143.006836,12101.317383,12061.910156,12024.889648,12010.833008,11969.788086,11943.864258,11913.151367,11865.000000,11846.818359,11796.055664,11756.235352,11716.291992,11682.694336,11645.230469,11626.666016,11613.635742,11572.516602,11540.526367,11529.673828,11503.292969,11466.596680,11461.231445,11393.000977,11375.984375,11360.003906,11333.869141,11306.278320,11302.964844,11259.265625,11166.852539,11145.894531,11114.632812,11100.908203,11065.864258,11037.103516,11035.172852,11008.969727,10991.284180,10962.135742,10956.871094,10953.387695,10928.190430,10857.183594,10832.512695,10804.310547,10772.534180,10741.134766,10696.452148,10650.918945,10587.862305,10567.615234,10527.842773,10493.257812,10482.656250,10448.557617,10430.040039,10414.144531,10337.222656,10291.951172,10273.348633,10249.349609,10237.232422,10212.756836,10192.092773,10156.072266,10142.190430,10084.854492,10068.242188,10050.389648,9970.236328,9954.961914,9886.443359,9871.129883,9808.595703,9805.362305,9767.827148,9722.428711,9696.138672,9676.823242,9663.085938,9635.335938,9565.827148,9564.562500,9500.001953,9499.930664,9477.062500,9465.483398,9427.532227,9381.172852,9350.981445,9331.727539,9308.527344,9296.789062,9290.137695,9252.517578,9248.572266,9225.063477,9220.182617,9205.459961,9190.399414,9160.635742,9134.351562,9132.331055,9111.508789,9048.803711,9036.660156,9031.621094,9017.981445,9012.574219,9000.108398,8981.990234,8956.696289,8934.377930,8931.726562,8921.380859,8896.276367,8879.985352,8857.536133,8842.041016,8839.130859,8827.776367,8813.413086,8799.466797,8792.381836,8781.375000,8770.588867,8768.146484,8732.348633,8723.863281,8713.140625,8701.765625,8689.000000,8678.590820,8664.676758,8662.119141,8661.801758,8660.907227,8657.655273,8636.815430,8632.393555,8629.685547,8629.685547]
}