{
"iteraciones": [22,44,66,88,110,132,154,176,198,220,242,308,330,352,374,418,440,462,484,506,528,550,572,594,616,638,660,682,704,726,748,770,792,814,836,858,902,924,946,968,990,1034,1056,1100,1122,1144,1166,1188,1210,1232,1254,1276,1298,1320,1342,1364,1386,1408,1430,1452,1474,1496,1518,1540,1562,1584,1606,1628,1650,1694,1716,1738,1760,1782,1870,1892,1914,1936,1958,1980,2002,2024,2046,2068,2090,2112,2134,2178,2200,2222,2244,2266,2288,2310,2332,2354,2376,2398,2420,2464,2486,2508,2530,2552,2574,2640,2662,2684,2772,2794,2816,2838,2860,2904,2926,2948,2970,2992,3014,3036,3058,3102,3168,3190,3212,3234,3300,3322,3344,3366,3410,3454,3476,3520,3542,3564,3586,3608,3630,3652,3718,3740,3762,3784,3806,3828,3894,3916,3960,3982,4004,4026,4048,4070,4092,4114,4202,4224,4246,4290,4312,4334,4356,4378,4422,4510,4532,4554,4576,4598,4620,4642,4664,4686,4796,4818,4840,4950,5038,5104,5126,5148,5170,5302,5456,5478,5500,5522,5566,5632,5676,5742,5764,5808,5830,5896,5918,6028,6050,6116,6798,6820,7480,8778,8976,9570,9922,10516,10978,11484,14564],
"fitness": [15305.037109,15159.518555,14935.328125,14744.594727,14605.018555,14390.960938,14358.042969,14285.730469,14212.000000,14058.790039,13833.080078,13801.664062,13739.598633,13705.796875,13567.249023,13544.964844,13513.526367,13475.136719,13448.898438,13397.865234,13354.353516,13320.530273,13306.867188,13282.731445,13233.238281,13199.589844,13155.291992,13151.187500,13123.246094,13088.646484,13056.331055,13025.800781,12971.729492,12946.744141,12917.635742,12855.791016,12841.734375,12800.722656,12778.216797,12725.692383,12598.734375,12585.808594,12539.504883,12508.908203,12491.234375,12465.535156,12432.428711,12388.258789,12379.668945,12369.261719,12325.075195,12278.308594,12249.411133,12211.518555,12171.388672,12147.544922,12111.948242,12083.332031,12059.000000,12010.910156,11992.515625,11958.481445,11948.336914,11924.475586,11899.979492,11873.819336,11831.638672,11829.852539,11770.930664,11760.628906,11736.813477,11720.523438,11700.579102,11597.062500,11564.548828,11532.026367,11519.894531,11458.921875,11435.401367,11406.790039,11327.620117,11311.678711,11295.356445,11264.316406,11259.388672,11247.921875,11205.600586,11187.727539,11168.313477,11158.543945,11138.947266,11099.234375,11091.105469,11074.431641,11017.629883,11004.765625,10980.518555,10944.929688,10873.809570,10870.003906,10844.278320,10816.749023,10813.566406,10771.097656,10750.105469,10712.278320,10705.628906,10659.468750,10657.716797,10634.030273,10620.159180,10611.249023,10583.694336,10551.038086,10549.586914,10513.723633,10487.115234,10456.228516,10445.821289,10428.111328,10417.041992,10399.919922,10383.287109,10381.815430,10358.448242,10290.644531,10272.882812,10259.000000,10237.721680,10231.003906,10209.926758,10200.329102,10160.888672,10158.077148,10134.798828,10110.133789,10081.764648,10067.090820,10038.514648,9979.425781,9978.146484,9935.380859,9910.919922,9906.349609,9873.342773,9864.511719,9854.084961,9845.681641,9802.839844,9781.777344,9733.554688,9692.043945,9651.177734,9632.953125,9608.676758,9594.628906,9577.166992,9534.283203,9512.248047,9462.329102,9454.489258,9431.000000,9429.714844,9420.797852,9387.163086,9368.554688,9365.638672,9341.596680,9338.398438,9314.396484,9313.353516,9283.195312,9281.765625,9251.410156,9240.896484,9232.259766,9230.522461,9206.925781,9195.854492,9157.992188,9144.959961,9119.569336,9115.187500,9106.478516,9105.018555,9094.472656,9081.475586,9077.076172,9040.745117,9039.550781,8993.020508,8956.574219,8948.972656,8946.913086,8943.048828,8907.161133,8889.430664,8830.021484,8822.838867,8760.951172,8711.090820,8709.182617,8704.700195,8682.861328,8670.701172,8668.257812,8646.230469,8625.290039,8624.148438,8621.885742,8621.885742]
}