{
"iteraciones": [22,44,66,110,132,154,176,198,220,242,286,330,352,396,418,440,462,484,506,528,550,572,594,616,638,660,682,704,726,770,792,814,836,880,902,924,946,968,990,1012,1034,1078,1100,1122,1144,1166,1188,1210,1232,1254,1276,1320,1342,1364,1386,1408,1430,1452,1474,1496,1518,1540,1562,1584,1606,1650,1672,1694,1716,1738,1782,1804,1826,1848,1892,1914,1958,1980,2002,2024,2046,2068,2090,2112,2134,2200,2222,2244,2266,2288,2310,2332,2354,2376,2398,2420,2442,2464,2486,2508,2530,2574,2596,2618,2640,2662,2684,2706,2728,2772,2794,2904,2926,2948,2970,3234,3256,3278,3300,3344,3388,3432,3476,3498,3630,3652,3696,3828,3850,3872,3894,3916,3960,3982,4004,4026,4048,4070,4092,4114,4158,4180,4224,4246,4312,4334,4356,4400,4466,4488,4510,4598,4642,4752,4840,4862,4906,5038,5082,5170,5192,5214,5236,5346,5368,5412,5478,5544,5566,5610,5654,5764,5808,5830,5874,5896,5984,6028,6094,6116,6138,6226,6270,6292,6358,6380,6424,6446,6468,6512,6556,6578,6600,6622,6644,6666,6688,6710,6754,6776,6842,6864,6886,6908,6930,6952,6974,6996,7040,7084,7106,7150,7194,7216,7238,7260,7282,7304,7436,7458,7480,7502,7546,7590,7612,7634,7656,7678,7700,7722,7744,7766,7788,7810,7854,7876,7942,7964,7986,8008,8030,8052,8074,8096,8118,8162,8184,8206,8272,8316,8338,8360,8470,8536,8558,8580,8602,8668,8690,8712,8734,8756,8822,8910,8954,8976,9020,9042,9086,9108,9152,9196,9218,9240,9262,9284,9306,9328,9438,9460,9504,9526,9548,9592,9614,9636,9702,9878,9944,9988,10010,10120,10142,10362,10384,10406,10428,10472,10538,10560,10582,10604,10670,10692,10714,10758,10802,10956,11088,11110,11374,11396,11418,11440,11462,12210,12518,13596,16676],
"fitness": [15271.625977,15103.332031,14858.652344,14772.452148,14551.356445,14546.757812,14437.718750,14254.585938,14150.070312,13980.627930,13885.537109,13819.435547,13756.847656,13691.044922,13657.089844,13635.828125,13587.281250,13548.259766,13540.417969,13497.406250,13429.924805,13417.664062,13401.248047,13365.084961,13287.519531,13220.662109,13199.679688,13136.230469,13096.674805,13063.905273,13038.907227,12996.492188,12951.991211,12931.624023,12917.705078,12878.901367,12869.006836,12857.271484,12853.939453,12814.384766,12798.902344,12781.245117,12763.708984,12739.528320,12717.432617,12715.093750,12698.118164,12659.509766,12655.625000,12643.825195,12629.576172,12583.908203,12579.659180,12555.581055,12538.526367,12478.192383,12464.459961,12416.303711,12398.265625,12377.446289,12315.479492,12291.749023,12277.002930,12274.393555,12245.763672,12192.135742,12186.320312,12159.873047,12153.734375,12133.556641,12111.545898,12068.361328,12056.672852,12013.881836,11992.583008,11984.458984,11971.000000,11954.966797,11946.916992,11938.760742,11929.559570,11923.734375,11904.408203,11896.531250,11865.562500,11850.135742,11837.931641,11821.470703,11804.980469,11788.686523,11767.840820,11762.054688,11753.290039,11745.563477,11733.472656,11729.630859,11722.735352,11714.936523,11711.000000,11700.198242,11687.228516,11678.592773,11674.433594,11660.066406,11647.668945,11635.921875,11631.390625,11623.021484,11611.071289,11605.000000,11585.334961,11543.536133,11542.823242,11527.353516,11476.333008,11474.717773,11445.448242,11440.020508,11425.028320,11420.780273,11418.914062,11406.580078,11402.000000,11398.327148,11394.044922,11379.941406,11365.750977,11361.636719,11349.929688,11345.031250,11343.604492,11339.544922,11338.000000,11337.767578,11328.218750,11322.776367,11315.606445,11310.643555,11285.241211,11273.102539,11270.398438,11264.943359,11263.438477,11257.169922,11256.430664,11255.444336,11253.860352,11251.742188,11246.395508,11243.000000,11236.956055,11234.237305,11233.905273,11231.462891,11229.501953,11228.000000,11225.365234,11222.704102,11211.713867,11210.821289,11206.361328,11193.137695,11192.609375,11187.087891,11182.852539,11180.910156,11169.503906,11165.083984,11158.041016,11151.323242,11148.161133,11144.651367,11138.505859,11135.391602,11134.958984,11125.624023,11123.052734,11119.562500,11116.495117,11113.794922,11101.935547,11097.253906,11084.814453,11079.358398,11073.984375,11062.793945,11052.902344,11043.050781,11027.340820,11016.316406,11012.573242,11000.180664,10998.377930,10994.640625,10987.385742,10980.330078,10969.739258,10963.225586,10958.477539,10938.430664,10928.849609,10924.977539,10904.496094,10895.000000,10886.260742,10862.138672,10861.585938,10829.220703,10828.925781,10808.001953,10789.901367,10769.260742,10757.909180,10744.658203,10734.994141,10724.274414,10711.238281,10672.622070,10662.239258,10642.586914,10614.467773,10577.924805,10576.895508,10561.489258,10549.934570,10539.638672,10538.923828,10536.042969,10528.230469,10518.870117,10504.541016,10496.253906,10469.064453,10457.609375,10446.087891,10413.548828,10396.039062,10382.586914,10379.374023,10352.083984,10347.040039,10341.878906,10339.750000,10330.176758,10302.587891,10298.229492,10292.585938,10286.689453,10280.420898,10278.028320,10267.171875,10260.201172,10244.379883,10219.279297,10198.141602,10188.958008,10174.919922,10170.404297,10163.493164,10138.438477,10131.908203,10122.872070,10066.320312,10021.414062,10011.835938,9995.517578,9988.333008,9978.685547,9975.364258,9951.428711,9949.531250,9942.799805,9922.765625,9900.180664,9895.843750,9878.366211,9877.697266,9857.004883,9822.015625,9811.327148,9810.463867,9781.923828,9769.700195,9748.875000,9729.917969,9725.857422,9704.551758,9673.650391,9670.653320,9646.278320,9627.196289,9620.306641,9593.387695,9579.515625,9565.840820,9546.969727,9524.152344,9520.817383,9514.599609,9513.704102,9497.808594,9494.004883,9479.917969,9477.834961,9448.371094,9447.501953,9440.332031,9433.934570,9417.238281,9403.969727,9400.812500,9388.365234,9383.068359,9381.000000,9370.854492,9366.224609,9338.351562,9315.638672,9315.000000]
}