{
"iteraciones": [22,44,66,88,110,132,198,220,242,264,286,308,352,374,396,418,440,462,484,528,550,572,594,616,638,682,704,726,748,770,792,814,858,880,902,924,946,968,990,1012,1056,1078,1100,1122,1144,1166,1188,1210,1232,1254,1276,1298,1320,1342,1364,1386,1408,1430,1496,1518,1540,1562,1584,1606,1628,1650,1672,1694,1716,1738,1760,1782,1804,1826,1848,1870,1892,1914,1958,1980,2002,2024,2046,2068,2090,2112,2134,2156,2178,2222,2244,2266,2310,2332,2354,2376,2398,2420,2442,2464,2486,2530,2552,2574,2596,2662,2684,2728,2750,2772,2794,2816,2838,2860,2882,2904,2926,2948,3014,3036,3058,3080,3102,3124,3146,3168,3190,3212,3234,3256,3322,3344,3366,3410,3432,3454,3476,3542,3564,3586,3608,3630,3652,3674,3696,3718,3740,3762,3806,3828,3872,3894,3916,3938,3960,3982,4004,4026,4048,4070,4092,4114,4136,4180,4224,4246,4268,4290,4312,4334,4356,4378,4400,4444,4466,4488,4510,4532,4554,4576,4598,4642,4664,4686,4708,4730,4752,4774,4796,4818,4840,4862,4884,4906,4928,4950,4972,4994,5016,5038,5060,5104,5192,5236,5280,5302,5324,5368,5412,5456,5478,5500,5522,5544,5566,5588,5610,5632,5654,5698,5742,5764,5786,5808,5830,5896,5918,5962,5984,6006,6028,6050,6116,6138,6160,6182,6204,6226,6248,6270,6292,6314,6336,6358,6380,6402,6446,6468,6534,6556,6578,6600,6622,6644,6688,6710,6776,6820,6864,6886,6908,6952,6974,6996,7018,7040,7106,7128,7150,7194,7238,7304,7524,7546,7568,7590,7634,7656,7788,7876,7898,8096,8404,8514,8668,8756,8800,8822,8866,9020,9064,9086,9108,9196,9636,10098,10120,10450,13530],
"fitness": [15432.943359,15141.919922,14853.521484,14672.685547,14648.203125,14316.107422,14196.394531,14131.273438,14071.419922,14011.987305,13956.162109,13880.805664,13818.322266,13779.135742,13736.297852,13721.618164,13641.541016,13595.019531,13539.595703,13503.945312,13480.740234,13441.238281,13414.982422,13358.331055,13317.722656,13264.322266,13178.588867,13126.618164,13125.654297,13098.454102,13069.321289,13028.009766,13007.263672,12962.065430,12932.174805,12916.439453,12897.440430,12848.338867,12845.541992,12795.816406,12777.808594,12726.696289,12710.817383,12665.618164,12621.112305,12599.183594,12559.158203,12533.330078,12520.622070,12484.537109,12479.556641,12463.484375,12445.852539,12419.492188,12407.438477,12359.191406,12357.444336,12286.429688,12271.153320,12255.392578,12243.302734,12222.445312,12210.236328,12195.000000,12168.010742,12152.671875,12095.372070,12091.248047,12062.366211,12042.291992,12028.710938,12012.350586,12002.208984,11977.453125,11967.946289,11952.177734,11932.554688,11895.168945,11881.774414,11870.908203,11840.396484,11811.410156,11754.519531,11750.090820,11720.000977,11710.793945,11697.904297,11686.769531,11660.587891,11651.231445,11633.334961,11621.610352,11605.127930,11599.378906,11590.625977,11580.172852,11563.665039,11551.012695,11549.496094,11543.974609,11519.403320,11507.501953,11496.138672,11487.720703,11455.639648,11439.416992,11407.859375,11400.365234,11398.780273,11395.472656,11374.256836,11367.109375,11355.835938,11345.455078,11343.923828,11330.753906,11323.583984,11321.656250,11314.982422,11308.926758,11293.860352,11282.874023,11277.808594,11262.212891,11241.468750,11240.407227,11223.676758,11215.724609,11194.579102,11161.768555,11150.296875,11130.403320,11112.805664,11103.933594,11086.918945,11085.320312,11066.249023,11053.223633,11049.425781,11039.799805,11016.438477,11012.168945,10998.793945,10993.697266,10979.798828,10972.692383,10966.043945,10947.169922,10938.540039,10927.597656,10922.945312,10916.481445,10907.548828,10890.833008,10883.404297,10861.376953,10856.394531,10841.064453,10836.951172,10823.191406,10814.607422,10802.610352,10785.433594,10758.146484,10736.417969,10735.568359,10721.111328,10710.244141,10705.519531,10689.165039,10676.836914,10649.936523,10629.331055,10628.535156,10627.521484,10601.370117,10592.880859,10579.320312,10562.109375,10554.527344,10535.726562,10520.750000,10517.796875,10489.663086,10465.000000,10463.710938,10445.086914,10420.982422,10403.901367,10385.879883,10363.274414,10347.010742,10329.843750,10294.554688,10270.604492,10249.358398,10242.282227,10210.635742,10197.690430,10183.126953,10170.344727,10135.766602,10105.057617,10096.414062,10092.265625,10075.726562,10064.443359,10062.898438,10037.198242,10035.032227,10009.784180,9988.728516,9971.344727,9960.799805,9949.182617,9933.524414,9921.219727,9912.224609,9842.137695,9809.753906,9773.785156,9756.054688,9706.323242,9702.822266,9686.250977,9654.977539,9650.112305,9626.818359,9608.891602,9591.492188,9579.507812,9573.592773,9567.469727,9543.380859,9534.910156,9511.403320,9510.762695,9502.214844,9473.672852,9459.748047,9438.802734,9428.753906,9426.000000,9401.978516,9391.065430,9365.779297,9357.436523,9316.593750,9287.936523,9283.342773,9280.590820,9254.501953,9227.148438,9210.183594,9182.452148,9175.700195,9151.697266,9139.317383,9131.375977,9130.976562,9126.538086,9101.605469,9099.916016,9074.000000,9062.856445,9058.945312,9029.116211,9003.618164,8984.563477,8974.302734,8955.818359,8917.476562,8913.012695,8902.645508,8866.559570,8846.833984,8842.128906,8827.449219,8795.913086,8792.694336,8786.458984,8783.462891,8770.087891,8761.611328,8728.741211,8710.255859,8709.704102,8704.105469,8702.734375,8660.558594,8659.408203,8655.573242,8653.101562,8651.149414,8647.261719,8643.049805,8640.747070,8621.885742,8621.885742]
}