{
"iteraciones": [44,66,110,132,154,176,198,220,242,264,286,308,330,352,374,396,440,462,484,506,528,550,572,594,616,638,660,682,704,726,748,770,792,836,858,880,902,924,946,968,990,1012,1034,1056,1078,1100,1144,1166,1210,1232,1254,1276,1298,1320,1342,1364,1386,1408,1430,1452,1474,1496,1518,1540,1562,1584,1606,1628,1650,1672,1738,1760,1782,1804,1848,1870,1892,1914,1936,1958,1980,2002,2024,2068,2090,2112,2134,2156,2178,2200,2222,2244,2266,2288,2310,2332,2354,2398,2420,2442,2464,2486,2508,2552,2574,2596,2618,2640,2662,2684,2706,2728,2750,2772,2816,2838,2860,2882,2904,2926,2948,2970,2992,3014,3036,3080,3102,3124,3146,3168,3190,3212,3234,3256,3278,3300,3322,3344,3366,3388,3432,3454,3476,3520,3586,3718,3740,3784,3828,3872,3894,3916,3938,3960,4048,4070,4224,4246,4268,4290,4334,4356,4378,4400,4422,4532,4576,4598,4620,4642,4664,4686,4752,4796,4862,4884,4928,4950,4994,5016,5038,5060,5082,5104,5126,5148,5214,5258,5280,5324,5368,5390,5478,5544,5588,5610,6116,6380,6446,6468,6490,6842,7238,7260,7656,7898,8118,8162,8184,11264],
"fitness": [15117.872070,14704.180664,14697.201172,14423.449219,14340.670898,14241.490234,14091.728516,14005.791016,13865.219727,13803.299805,13780.203125,13709.158203,13693.791992,13673.663086,13644.250000,13564.757812,13527.090820,13504.571289,13414.372070,13402.657227,13371.563477,13335.258789,13307.090820,13241.877930,13229.776367,13194.723633,13154.198242,13099.215820,13082.682617,13060.843750,13013.000000,12971.976562,12900.811523,12897.928711,12862.916992,12846.420898,12801.365234,12733.747070,12726.671875,12688.065430,12619.718750,12603.474609,12541.046875,12476.135742,12449.473633,12372.287109,12338.530273,12326.791016,12292.291992,12278.386719,12257.917969,12246.139648,12225.903320,12188.993164,12151.044922,12143.458984,12113.885742,12078.235352,12049.267578,12018.920898,11997.560547,11958.367188,11945.712891,11906.815430,11904.055664,11867.609375,11834.404297,11805.617188,11794.008789,11704.489258,11700.142578,11657.300781,11632.583984,11600.964844,11557.848633,11523.521484,11496.044922,11480.538086,11451.587891,11414.810547,11351.322266,11320.983398,11280.205078,11241.943359,11186.244141,11128.956055,11105.457031,11084.541016,11026.200195,10952.381836,10910.073242,10893.353516,10848.713867,10808.179688,10783.322266,10754.391602,10712.163086,10695.587891,10682.932617,10666.110352,10637.634766,10624.750000,10590.505859,10548.793945,10510.233398,10488.589844,10450.849609,10430.991211,10347.041016,10344.470703,10325.495117,10306.039062,10305.281250,10245.548828,10197.024414,10173.457031,10147.498047,10122.979492,10089.459961,10075.583984,10066.122070,10041.231445,10000.378906,9978.447266,9953.445312,9948.664062,9927.672852,9910.297852,9891.570312,9879.321289,9855.008789,9837.079102,9792.899414,9777.855469,9735.932617,9731.268555,9654.296875,9624.592773,9616.177734,9592.422852,9553.811523,9547.215820,9507.800781,9504.577148,9472.893555,9440.057617,9413.061523,9388.259766,9357.740234,9344.632812,9336.981445,9310.841797,9280.770508,9277.837891,9276.270508,9251.019531,9248.158203,9220.153320,9217.942383,9190.856445,9185.607422,9166.469727,9153.240234,9133.349609,9129.279297,9119.321289,9111.291016,9090.177734,9080.778320,9045.112305,9033.929688,9029.314453,9016.662109,8999.100586,8962.178711,8956.692383,8951.850586,8942.176758,8929.568359,8897.542969,8890.919922,8881.269531,8870.257812,8844.804688,8832.067383,8786.481445,8780.749023,8779.644531,8764.538086,8730.722656,8702.464844,8687.456055,8684.382812,8674.729492,8671.937500,8649.871094,8647.780273,8644.090820,8643.240234,8642.375000,8638.215820,8636.923828,8632.714844,8631.518555,8630.484375,8629.929688,8627.625977,8626.728516,8621.885742,8621.885742]
}