{
"iteraciones": [22,44,66,88,110,132,154,176,198,220,242,264,308,330,352,374,396,418,462,484,506,528,550,572,594,616,638,660,682,704,726,748,770,792,814,836,858,880,902,924,946,968,990,1012,1034,1056,1078,1100,1122,1166,1188,1210,1232,1254,1276,1298,1320,1342,1364,1386,1408,1430,1452,1474,1496,1518,1540,1562,1584,1650,1672,1694,1716,1738,1760,1804,1826,1848,1870,1892,1914,1936,1958,1980,2002,2046,2068,2112,2134,2156,2200,2222,2244,2266,2288,2332,2376,2420,2442,2464,2486,2508,2530,2552,2596,2618,2640,2662,2706,2728,2750,2772,2838,2860,2882,2926,2948,2970,2992,3014,3058,3102,3146,3168,3190,3212,3234,3300,3344,3366,3498,3520,3542,3586,3608,3652,3674,3696,3740,3762,3784,3806,3828,3894,3916,3938,3960,3982,4048,4070,4158,4224,4268,4466,4488,4510,4532,4554,4642,4708,4730,4752,4774,4818,4840,4862,4884,5082,5104,5148,5192,5236,5258,5280,5324,5346,5390,5434,5478,5500,5522,5676,5720,5742,5940,5962,6116,6138,6424,6468,6600,6622,6644,6776,7018,7766,9592,9702,9724,12804],
"fitness": [15394.118164,15057.750000,14976.150391,14753.004883,14560.412109,14414.031250,14325.317383,14152.707031,14115.826172,13970.575195,13936.433594,13692.127930,13582.367188,13474.175781,13464.942383,13377.700195,13343.014648,13297.128906,13251.601562,13215.905273,13183.467773,13176.502930,13147.840820,13089.027344,13061.497070,13040.660156,13019.797852,12981.877930,12952.779297,12925.321289,12907.376953,12863.891602,12841.627930,12815.217773,12779.967773,12758.773438,12688.606445,12660.361328,12642.002930,12588.603516,12554.380859,12513.187500,12481.813477,12455.118164,12431.736328,12392.325195,12363.644531,12361.030273,12320.373047,12291.307617,12243.865234,12226.229492,12198.797852,12114.007812,12071.332031,12035.775391,11966.595703,11921.715820,11914.918945,11888.070312,11866.799805,11823.569336,11815.387695,11797.067383,11737.849609,11729.355469,11699.168945,11667.234375,11565.258789,11553.607422,11500.651367,11471.595703,11449.569336,11420.391602,11368.855469,11328.911133,11287.966797,11277.072266,11260.704102,11238.205078,11221.151367,11184.061523,11151.265625,11094.127930,11066.417969,11038.474609,10983.289062,10945.965820,10938.747070,10884.188477,10844.235352,10839.731445,10804.738281,10784.311523,10748.571289,10698.004883,10662.335938,10627.146484,10559.225586,10558.000000,10534.065430,10522.612305,10489.569336,10404.289062,10392.178711,10297.256836,10254.212891,10206.622070,10156.121094,10131.448242,10129.039062,10055.771484,10034.350586,9966.639648,9903.744141,9894.107422,9888.582031,9849.874023,9846.407227,9820.233398,9802.989258,9781.635742,9770.123047,9740.991211,9738.916016,9711.759766,9651.563477,9611.897461,9582.166992,9542.267578,9538.279297,9508.354492,9481.335938,9472.318359,9436.799805,9408.523438,9402.677734,9391.367188,9386.256836,9377.984375,9366.514648,9353.138672,9352.862305,9337.407227,9334.308594,9329.777344,9305.531250,9297.401367,9280.683594,9223.890625,9211.770508,9171.731445,9150.950195,9149.360352,9147.132812,9142.666992,9128.170898,9116.036133,9075.796875,9062.906250,9034.240234,9031.103516,8984.361328,8979.421875,8973.819336,8971.762695,8907.539062,8905.866211,8866.235352,8846.546875,8832.214844,8819.642578,8817.222656,8811.769531,8800.495117,8798.000000,8796.773438,8773.377930,8764.538086,8761.917969,8739.992188,8724.010742,8697.727539,8693.908203,8690.247070,8689.958008,8685.980469,8671.788086,8669.218750,8664.621094,8649.512695,8642.707031,8635.699219,8634.636719,8629.306641,8628.451172,8625.215820,8623.272461,8621.885742,8621.885742]
}