{
"iteraciones": [22,44,66,88,110,132,154,176,198,220,242,264,330,352,374,396,440,462,506,528,572,616,638,660,682,704,748,770,792,836,858,880,902,924,946,968,990,1012,1034,1056,1078,1122,1144,1166,1188,1210,1232,1254,1276,1298,1320,1342,1364,1386,1408,1430,1452,1474,1496,1540,1584,1606,1650,1672,1694,1716,1738,1760,1782,1804,1826,1848,1870,1892,1914,1936,1958,1980,2002,2024,2046,2068,2090,2112,2134,2156,2178,2200,2222,2244,2266,2310,2332,2376,2398,2420,2442,2464,2486,2508,2552,2574,2596,2618,2640,2662,2706,2772,2794,2816,2838,2860,2882,2904,2926,2948,2970,2992,3014,3036,3058,3080,3102,3124,3146,3168,3190,3212,3256,3278,3300,3344,3366,3410,3498,3520,3542,3564,3586,3608,3652,3696,3718,3784,3806,3872,3894,3960,3982,4004,4048,4092,4136,4158,4180,4224,4268,4290,4312,4378,4400,4422,4466,4510,4620,4664,4796,4818,4840,4972,5104,5126,5148,5170,5214,5258,5566,6116,6204,6226,9306],
"fitness": [15346.547852,15098.486328,15021.751953,14811.232422,14710.101562,14612.885742,14478.712891,14320.190430,14308.624023,14138.518555,13929.877930,13771.866211,13720.814453,13680.094727,13636.108398,13534.247070,13522.821289,13451.893555,13392.391602,13337.988281,13257.433594,13225.531250,13168.299805,13130.606445,13057.929688,12985.036133,12924.968750,12843.375977,12791.828125,12756.960938,12705.917969,12671.273438,12628.771484,12599.091797,12588.125977,12533.724609,12488.703125,12430.025391,12415.458984,12375.047852,12299.026367,12270.006836,12231.115234,12194.587891,12151.417969,12120.682617,12059.087891,12041.453125,12010.000000,12001.810547,11950.984375,11910.913086,11874.453125,11847.147461,11808.784180,11787.481445,11716.000000,11666.769531,11638.379883,11594.139648,11531.251953,11477.440430,11384.668945,11376.921875,11332.889648,11325.573242,11296.959961,11285.568359,11244.037109,11188.857422,11179.561523,11136.157227,11100.606445,11063.868164,11047.814453,10964.500000,10931.511719,10901.749023,10884.240234,10866.022461,10799.427734,10768.274414,10764.750977,10712.660156,10710.051758,10659.385742,10646.960938,10599.650391,10574.071289,10544.751953,10532.827148,10481.100586,10429.693359,10422.108398,10374.137695,10334.117188,10326.241211,10296.283203,10294.958008,10262.986328,10212.222656,10206.141602,10173.628906,10138.281250,10118.531250,10085.865234,10001.587891,9966.840820,9950.725586,9939.114258,9890.804688,9873.686523,9841.860352,9822.326172,9745.344727,9741.000977,9704.922852,9697.616211,9646.184570,9644.045898,9633.707031,9604.497070,9564.965820,9535.830078,9530.504883,9482.363281,9468.990234,9447.562500,9413.934570,9394.717773,9393.852539,9365.167969,9329.787109,9278.803711,9261.113281,9232.776367,9199.751953,9180.349609,9146.880859,9145.753906,9116.580078,9108.525391,9098.597656,9085.527344,9055.264648,9014.217773,9004.077148,8972.351562,8969.474609,8919.704102,8885.767578,8868.683594,8853.533203,8852.768555,8824.081055,8813.824219,8808.572266,8807.612305,8787.512695,8782.529297,8770.079102,8759.057617,8754.443359,8748.237305,8746.821289,8731.688477,8730.265625,8716.000000,8695.268555,8689.695312,8688.870117,8685.443359,8679.013672,8677.588867,8676.147461,8675.761719,8653.440430,8646.947266,8638.630859,8624.148438,8624.148438]
}