{
"iteraciones": [22,44,66,88,110,132,154,176,198,220,242,264,286,308,330,352,374,396,418,440,462,484,528,550,572,594,616,638,660,682,704,726,748,770,792,814,836,858,902,924,946,968,990,1012,1034,1056,1078,1100,1122,1144,1166,1188,1210,1232,1254,1276,1298,1320,1342,1364,1386,1408,1430,1452,1474,1496,1518,1540,1584,1606,1628,1650,1672,1694,1716,1738,1760,1782,1804,1826,1848,1870,1892,1914,1936,1958,1980,2002,2024,2046,2068,2090,2112,2134,2156,2178,2222,2244,2266,2288,2310,2332,2354,2376,2398,2420,2442,2464,2486,2508,2530,2552,2574,2596,2618,2640,2662,2684,2706,2750,2772,2794,2838,2860,2904,2948,2970,2992,3036,3058,3124,3146,3168,3212,3234,3278,3300,3322,3344,3366,3388,3410,3432,3476,3498,3542,3564,3608,3630,3652,3674,3696,3718,3784,3806,3872,3916,3960,4026,4070,4092,4136,4158,4202,4224,4246,4268,4290,4312,4356,4378,4400,4466,4488,4620,4686,4730,4796,4906,4928,4950,5082,5258,5280,5302,5324,5346,5368,5456,5500,5522,5544,5566,5588,5632,5808,5874,5896,5918,5962,5984,6182,6446,6468,6622,6732,6820,6864,6930,7106,7260,7282,7326,7524,8844,11924],
"fitness": [15333.810547,15178.559570,14989.282227,14817.832031,14461.560547,14406.426758,14379.369141,14130.286133,14090.425781,14007.262695,13922.671875,13884.324219,13709.250000,13679.011719,13610.344727,13601.467773,13557.429688,13490.987305,13479.458984,13436.375977,13419.277344,13354.281250,13321.799805,13252.350586,13214.745117,13184.775391,13146.467773,13090.404297,13041.324219,13002.807617,12988.050781,12935.126953,12906.548828,12861.115234,12831.932617,12779.983398,12721.658203,12657.833984,12613.369141,12588.949219,12537.599609,12508.370117,12463.221680,12426.062500,12393.422852,12355.765625,12350.780273,12307.139648,12253.497070,12235.591797,12202.967773,12165.209961,12147.000000,12100.966797,12085.947266,12044.385742,12039.890625,12005.109375,11966.000000,11912.471680,11895.447266,11857.971680,11847.776367,11819.646484,11802.944336,11747.704102,11722.208008,11698.436523,11682.285156,11648.638672,11625.093750,11582.697266,11581.948242,11565.496094,11514.269531,11481.324219,11443.144531,11441.899414,11392.181641,11380.773438,11344.030273,11340.950195,11302.409180,11287.527344,11256.455078,11227.543945,11208.158203,11182.010742,11181.912109,11129.207031,11116.694336,11082.261719,11072.575195,11049.025391,11020.161133,10977.169922,10965.214844,10916.530273,10867.543945,10857.014648,10817.806641,10760.078125,10759.850586,10741.276367,10715.876953,10702.256836,10665.042969,10661.486328,10622.079102,10605.961914,10564.557617,10517.437500,10504.253906,10490.756836,10459.131836,10451.921875,10404.113281,10339.534180,10308.208984,10253.177734,10211.639648,10201.636719,10195.622070,10108.426758,10107.471680,10106.211914,10082.040039,10072.416992,10045.105469,10032.557617,10004.109375,9998.137695,9971.710938,9956.167969,9937.789062,9900.870117,9887.540039,9872.123047,9862.393555,9845.826172,9842.959961,9824.119141,9809.382812,9797.074219,9778.015625,9764.650391,9742.279297,9719.700195,9705.389648,9682.141602,9657.867188,9654.687500,9607.619141,9579.033203,9544.536133,9502.615234,9493.564453,9473.381836,9458.467773,9420.771484,9401.014648,9361.875977,9331.225586,9314.488281,9294.861328,9276.999023,9252.746094,9251.421875,9228.794922,9224.836914,9214.807617,9201.116211,9195.165039,9156.123047,9125.115234,9112.166992,9100.870117,9096.500000,9086.996094,9070.719727,9047.497070,9010.093750,8991.833984,8973.807617,8949.840820,8942.340820,8927.474609,8907.336914,8873.923828,8828.669922,8819.102539,8806.616211,8805.542969,8803.082031,8792.017578,8789.546875,8787.093750,8776.611328,8769.296875,8768.077148,8737.176758,8735.649414,8734.968750,8732.983398,8731.439453,8730.035156,8724.708008,8699.002930,8694.603516,8692.112305,8684.138672,8672.674805,8671.625000,8631.780273,8621.885742,8621.885742]
}