{
"iteraciones": [22,44,66,88,110,132,154,176,198,220,242,264,286,308,374,396,418,440,462,484,506,528,550,572,594,616,638,660,682,704,726,748,770,792,814,836,858,880,902,924,946,968,990,1012,1034,1056,1078,1100,1144,1166,1188,1210,1232,1254,1276,1298,1320,1342,1364,1386,1408,1430,1452,1474,1496,1540,1562,1584,1606,1628,1672,1694,1716,1738,1760,1826,1848,1870,1892,1914,1936,1958,1980,2024,2046,2090,2112,2134,2156,2178,2200,2222,2244,2266,2288,2310,2332,2354,2376,2398,2420,2464,2486,2508,2530,2552,2596,2618,2640,2662,2706,2728,2750,2772,2794,2816,2838,2860,2882,2904,2926,2948,2970,2992,3014,3080,3102,3124,3146,3190,3256,3278,3344,3388,3410,3454,3476,3498,3520,3542,3564,3608,3630,3674,3696,3762,3850,3916,3938,3960,3982,4026,4070,4092,4114,4136,4180,4224,4246,4268,4312,4334,4356,4378,4400,4422,4444,4466,4488,4510,4554,4576,4664,4686,4708,4730,4774,4796,4862,4928,4950,4994,5016,5038,5060,5126,5192,5324,5544,5566,5588,5610,5654,5874,5940,6006,6028,6270,6380,6446,7106,7260,7502,7524,7546,7590,7810,10890],
"fitness": [15312.107422,15161.780273,15068.003906,14911.870117,14694.798828,14609.135742,14468.026367,14403.283203,14303.947266,14264.334961,14198.715820,14154.907227,14116.596680,14017.855469,13973.468750,13938.983398,13915.772461,13881.842773,13818.013672,13808.231445,13779.687500,13736.641602,13692.483398,13678.500000,13629.524414,13591.416992,13546.427734,13526.341797,13448.079102,13374.487305,13356.164062,13254.465820,13244.870117,13216.000000,13183.726562,13167.624023,13126.927734,13077.125000,13066.650391,13014.481445,12991.557617,12951.099609,12935.449219,12903.834961,12803.360352,12768.040039,12693.945312,12636.642578,12608.929688,12581.315430,12557.190430,12536.256836,12482.277344,12456.256836,12406.976562,12376.577148,12329.186523,12258.111328,12212.154297,12179.314453,12118.977539,12000.670898,11982.669922,11950.880859,11834.529297,11800.416992,11774.693359,11707.125977,11653.601562,11564.769531,11514.448242,11501.862305,11454.525391,11418.960938,11376.661133,11369.783203,11349.463867,11313.169922,11279.708984,11248.982422,11214.560547,11194.423828,11121.539062,11092.799805,11021.899414,11013.560547,10986.996094,10936.785156,10933.000000,10909.755859,10891.854492,10853.676758,10848.994141,10808.262695,10781.858398,10760.692383,10724.852539,10678.735352,10676.192383,10618.132812,10600.624023,10599.096680,10564.916992,10545.235352,10528.045898,10513.415039,10479.049805,10453.143555,10431.659180,10400.672852,10368.020508,10364.686523,10340.845703,10337.509766,10311.692383,10290.073242,10269.436523,10254.452148,10225.004883,10218.726562,10204.325195,10190.735352,10177.610352,10156.632812,10118.506836,10114.588867,10058.162109,10057.544922,10048.372070,10009.622070,9989.364258,9947.081055,9927.364258,9913.024414,9874.004883,9843.742188,9839.829102,9815.481445,9813.722656,9783.145508,9779.056641,9766.346680,9748.800781,9714.061523,9697.250000,9672.253906,9636.016602,9626.776367,9619.825195,9610.293945,9588.552734,9569.719727,9557.169922,9543.284180,9521.851562,9504.803711,9473.156250,9459.585938,9417.073242,9412.232422,9404.744141,9395.963867,9389.860352,9372.253906,9332.680664,9327.702148,9317.702148,9300.783203,9257.826172,9239.631836,9203.565430,9201.931641,9162.429688,9144.083008,9110.691406,9106.625000,9084.121094,9066.025391,9044.426758,9040.697266,9014.887695,9002.118164,8986.256836,8985.315430,8976.494141,8973.570312,8945.739258,8915.891602,8883.416016,8857.019531,8854.669922,8776.821289,8775.047852,8765.108398,8749.114258,8741.021484,8735.581055,8731.458008,8712.758789,8696.487305,8692.490234,8666.377930,8664.491211,8645.545898,8632.517578,8628.283203,8621.885742,8621.885742]
}