{
"iteraciones": [22,44,66,88,110,132,154,176,198,220,242,264,286,308,352,374,396,418,440,462,484,506,528,550,572,594,616,638,660,682,704,726,748,770,792,836,858,880,902,924,946,968,990,1012,1034,1056,1078,1100,1122,1144,1166,1188,1210,1232,1254,1276,1320,1342,1364,1386,1408,1430,1452,1518,1540,1562,1584,1606,1628,1650,1672,1694,1716,1738,1760,1782,1804,1826,1870,1892,1914,1958,1980,2002,2024,2046,2068,2090,2112,2134,2156,2200,2222,2244,2266,2288,2310,2332,2376,2398,2420,2442,2464,2486,2530,2552,2596,2618,2640,2662,2706,2750,2772,2794,2860,2904,2926,2948,2970,2992,3014,3058,3080,3102,3124,3146,3168,3190,3212,3234,3256,3278,3300,3344,3388,3410,3432,3476,3498,3520,3564,3586,3608,3630,3652,3674,3718,3740,3762,3784,3806,3828,3872,3916,3960,3982,4004,4026,4048,4070,4092,4136,4158,4180,4202,4246,4268,4290,4312,4356,4378,4400,4488,4510,4532,4554,4576,4598,4642,4664,4686,4708,4730,4752,4774,4796,4818,4840,4862,4884,4972,4994,5016,5038,5104,5148,5192,5214,5236,5258,5280,5302,5346,5390,5412,5434,5456,5478,5500,5522,5610,5654,5698,5742,5808,6006,6028,6116,6182,6204,6226,6248,6270,6292,6336,6380,6490,6556,6600,6666,6710,6776,6798,6820,6842,7128,7678,7810,8294,8360,8382,8404,8426,8492,8580,9196,9372,10186,10890,10912,11308,14388],
"fitness": [15211.299805,15062.625977,15024.453125,14764.429688,14349.534180,14308.040039,14225.533203,14118.199219,13985.934570,13850.628906,13735.332031,13712.047852,13601.738281,13512.850586,13486.006836,13428.134766,13404.269531,13351.693359,13323.000000,13265.254883,13252.119141,13218.762695,13186.289062,13173.204102,13165.873047,13125.667969,13102.627930,13087.132812,13060.783203,13034.000000,13011.407227,12969.388672,12946.477539,12937.674805,12873.352539,12845.281250,12780.436523,12772.310547,12752.000000,12701.829102,12675.867188,12630.400391,12624.842773,12566.268555,12535.085938,12519.499023,12459.266602,12454.985352,12380.634766,12362.323242,12326.588867,12289.368164,12265.835938,12199.110352,12187.797852,12132.001953,12127.274414,12115.983398,12082.085938,12072.865234,12043.799805,11995.401367,11938.047852,11916.455078,11885.903320,11867.948242,11858.957031,11838.139648,11828.103516,11765.558594,11753.116211,11708.868164,11692.860352,11686.275391,11645.684570,11586.581055,11574.458984,11560.437500,11540.535156,11539.626953,11515.624023,11507.333984,11503.191406,11484.099609,11462.189453,11457.746094,11442.346680,11434.000000,11424.001953,11411.940430,11374.216797,11361.909180,11360.971680,11343.606445,11330.223633,11325.208984,11303.247070,11296.224609,11275.772461,11273.000000,11258.168945,11244.668945,11232.912109,11212.583984,11182.867188,11156.138672,11127.932617,11095.954102,11089.473633,11086.274414,11056.852539,11035.596680,10997.809570,10980.037109,10959.692383,10942.508789,10937.000000,10916.870117,10909.300781,10901.619141,10873.993164,10866.241211,10857.087891,10835.483398,10812.419922,10809.813477,10776.666016,10773.688477,10760.127930,10759.028320,10734.435547,10733.301758,10703.438477,10688.938477,10670.018555,10659.527344,10651.572266,10640.745117,10629.947266,10611.928711,10575.727539,10570.310547,10546.387695,10544.026367,10512.042969,10470.747070,10426.172852,10402.000000,10382.059570,10365.811523,10337.000000,10309.908203,10300.410156,10267.351562,10264.203125,10251.659180,10220.205078,10216.241211,10211.343750,10203.245117,10178.205078,10168.009766,10134.630859,10123.727539,10095.258789,10079.434570,10063.649414,10041.158203,10009.971680,10005.130859,9993.475586,9964.900391,9957.128906,9929.395508,9927.911133,9897.858398,9883.664062,9860.273438,9834.923828,9786.675781,9785.044922,9780.313477,9741.054688,9713.049805,9697.285156,9681.791016,9661.431641,9642.679688,9605.192383,9591.139648,9557.056641,9541.982422,9533.480469,9499.124023,9476.830078,9441.705078,9407.702148,9397.801758,9384.761719,9380.908203,9375.765625,9348.494141,9324.968750,9288.256836,9276.677734,9255.041992,9251.669922,9217.156250,9203.087891,9162.264648,9124.122070,9111.319336,9094.969727,9087.484375,9077.588867,9072.987305,9069.994141,9061.308594,9038.118164,9016.527344,9011.477539,8995.732422,8993.767578,8933.424805,8891.356445,8884.541992,8849.239258,8831.276367,8825.856445,8815.499023,8802.058594,8797.726562,8796.149414,8791.508789,8783.460938,8772.899414,8721.426758,8698.947266,8684.803711,8669.470703,8660.166016,8649.796875,8644.380859,8640.637695,8637.881836,8636.012695,8630.181641,8629.354492,8627.012695,8625.349609,8621.885742,8621.885742]
}