{
"iteraciones": [22,44,66,88,110,132,154,176,198,220,242,264,286,308,330,352,374,396,418,440,462,484,528,550,572,594,616,638,660,682,704,726,748,770,792,814,836,858,880,902,924,946,968,990,1012,1034,1056,1078,1100,1122,1144,1166,1188,1210,1232,1254,1298,1320,1342,1364,1452,1474,1496,1540,1562,1584,1606,1628,1650,1672,1716,1738,1760,1782,1804,1826,1848,1870,1892,1914,1936,1958,1980,2024,2046,2112,2134,2156,2178,2200,2222,2244,2288,2310,2332,2354,2376,2398,2420,2442,2464,2508,2530,2552,2574,2596,2618,2640,2750,2772,2794,2816,2838,2860,2882,2904,2926,2970,3014,3036,3080,3102,3124,3146,3190,3212,3234,3256,3300,3344,3410,3432,3454,3564,3586,3652,3674,3696,3718,3762,3784,3806,3828,3916,3938,3960,3982,4004,4026,4070,4092,4114,4158,4202,4224,4334,4356,4378,4400,4422,4444,4466,4488,4510,4532,4554,4576,4620,4642,4686,4730,4752,4774,4818,4862,4884,4906,4928,4950,4972,4994,5016,5038,5060,5104,5126,5148,5170,5192,5214,5236,5280,5302,5324,5368,5390,5412,5434,5456,5478,5500,5544,5610,5676,5698,5720,5742,5786,5808,5830,5852,5918,5940,5962,5984,6006,6094,6138,6160,6182,6204,6248,6292,6336,6446,6490,6534,6666,6688,6710,6754,6776,6820,6886,6952,7018,7106,7128,7194,7216,7392,7436,7458,7480,7524,7546,7590,7612,7656,7722,7744,7854,7920,7964,8008,8052,8074,8184,8228,8316,8448,8690,8712,8734,8756,8866,8888,8954,8976,9064,9922,11858,14938],
"fitness": [15252.078125,15012.752930,14902.469727,14718.562500,14662.067383,14597.025391,14471.588867,14446.346680,14400.571289,14243.159180,14205.479492,14158.386719,14111.996094,14045.745117,14002.388672,13978.372070,13948.382812,13933.726562,13875.250000,13827.418945,13797.356445,13718.470703,13695.899414,13608.816406,13550.042969,13540.690430,13495.070312,13480.959961,13455.714844,13399.945312,13364.295898,13334.130859,13296.610352,13257.656250,13204.829102,13196.994141,13140.413086,13134.463867,13120.020508,13089.072266,13088.439453,13056.911133,13007.623047,12987.851562,12924.151367,12898.230469,12867.189453,12863.489258,12803.261719,12793.019531,12754.215820,12753.405273,12698.624023,12667.170898,12638.576172,12587.798828,12553.326172,12548.620117,12525.099609,12443.608398,12430.953125,12413.468750,12381.736328,12347.080078,12327.998047,12314.827148,12300.441406,12285.169922,12267.009766,12199.029297,12184.337891,12165.395508,12162.128906,12150.808594,12127.916016,12110.673828,12096.198242,12079.827148,12071.115234,12055.374023,12054.560547,12036.239258,12017.384766,12006.577148,11986.873047,11963.399414,11956.082031,11935.237305,11867.656250,11853.599609,11833.348633,11829.406250,11826.686523,11802.352539,11790.639648,11789.558594,11782.879883,11775.680664,11764.000000,11750.020508,11740.611328,11733.793945,11720.437500,11714.263672,11693.084961,11672.781250,11645.219727,11612.008789,11609.597656,11584.435547,11578.271484,11570.300781,11563.642578,11548.328125,11537.716797,11533.582031,11520.254883,11503.242188,11497.102539,11478.772461,11465.564453,11448.539062,11445.470703,11428.556641,11416.680664,11396.004883,11386.468750,11382.844727,11378.189453,11364.887695,11363.341797,11355.631836,11335.857422,11315.634766,11298.484375,11292.093750,11285.360352,11274.755859,11267.437500,11258.220703,11245.695312,11238.000000,11210.702148,11194.858398,11176.423828,11175.679688,11145.658203,11138.228516,11132.051758,11123.315430,11113.401367,11104.571289,11088.945312,11081.824219,11068.551758,11061.684570,11059.885742,11042.497070,11026.218750,11009.778320,10997.375977,10985.754883,10963.875977,10947.665039,10935.310547,10921.510742,10910.570312,10888.653320,10883.782227,10875.593750,10867.353516,10833.223633,10821.914062,10791.611328,10784.972656,10773.100586,10765.032227,10752.875000,10751.769531,10732.844727,10729.087891,10728.923828,10718.181641,10697.584961,10676.896484,10667.725586,10656.686523,10635.742188,10632.400391,10617.391602,10596.045898,10594.869141,10580.167969,10561.664062,10551.061523,10544.000000,10534.816406,10526.797852,10505.989258,10501.408203,10463.432617,10436.251953,10426.448242,10417.023438,10403.998047,10402.787109,10380.938477,10367.433594,10362.375977,10361.707031,10341.916992,10332.532227,10327.100586,10319.643555,10313.375000,10285.665039,10249.646484,10231.277344,10204.761719,10193.685547,10182.888672,10164.186523,10159.965820,10132.861328,10115.688477,10083.505859,10058.519531,10057.457031,10039.361328,10030.742188,10020.085938,10010.719727,9992.000000,9983.053711,9980.868164,9970.783203,9965.602539,9929.450195,9922.295898,9911.739258,9867.489258,9824.872070,9821.925781,9782.551758,9746.364258,9744.036133,9716.087891,9680.745117,9626.582031,9612.251953,9605.024414,9587.879883,9571.411133,9558.175781,9550.004883,9541.630859,9533.989258,9514.902344,9494.365234,9479.138672,9471.839844,9452.982422,9446.008789,9444.970703,9436.296875,9429.752930,9409.866211,9402.542969,9396.169922,9339.753906,9323.060547,9315.907227,9315.000000]
}