{
"iteraciones": [22,44,66,88,110,132,154,176,198,220,242,264,308,330,352,374,396,418,440,462,484,506,528,550,572,594,616,638,660,682,704,726,748,770,792,814,836,858,880,902,924,946,968,990,1012,1034,1056,1078,1100,1122,1144,1166,1188,1210,1232,1254,1276,1298,1320,1342,1364,1386,1408,1430,1452,1474,1496,1518,1540,1562,1584,1606,1628,1650,1672,1694,1738,1760,1782,1804,1848,1870,1892,1914,1936,1958,1980,2002,2024,2046,2068,2090,2112,2134,2156,2178,2200,2244,2266,2288,2332,2354,2376,2398,2420,2442,2464,2486,2508,2530,2552,2574,2596,2618,2640,2662,2684,2750,2772,2794,2816,2838,2860,2882,2904,2926,2948,2992,3014,3036,3058,3080,3102,3124,3146,3168,3190,3234,3256,3300,3322,3344,3366,3388,3410,3432,3454,3476,3498,3520,3542,3564,3652,3674,3696,3718,3740,3762,3784,3806,3828,3850,3872,3916,3960,3982,4004,4026,4048,4092,4114,4158,4180,4202,4224,4246,4268,4290,4312,4334,4378,4400,4422,4444,4466,4488,4554,4576,4598,4620,4686,4708,4796,4818,4840,4862,4884,4906,4928,4950,4972,5016,5038,5060,5082,5104,5126,5192,5302,5324,5346,5368,5412,5434,5456,5500,5522,5544,5808,5830,5852,5874,5896,5918,6006,6072,6116,6138,6182,6226,6270,6314,6358,6380,6402,6424,6468,6490,6512,6820,6864,7194,7304,7326,7348,7392,7414,7920,8910,8932,9020,9658,11374,13332,16412],
"fitness": [15127.758789,15011.716797,14742.708008,14681.158203,14545.178711,14389.000000,14295.586914,14182.723633,14027.152344,13934.874023,13897.954102,13804.470703,13753.614258,13705.745117,13683.082031,13646.584961,13598.321289,13575.378906,13551.600586,13540.109375,13502.138672,13451.375000,13419.459961,13398.922852,13347.814453,13343.790039,13308.377930,13267.411133,13265.400391,13224.503906,13174.648438,13146.341797,13128.247070,13054.065430,13038.739258,13035.281250,13009.278320,12992.046875,12980.619141,12941.356445,12911.732422,12872.817383,12829.285156,12820.419922,12810.588867,12770.746094,12722.756836,12670.712891,12655.448242,12582.459961,12567.483398,12505.940430,12491.609375,12486.250977,12440.709961,12420.000000,12398.442383,12371.190430,12349.477539,12327.583008,12311.000000,12281.814453,12271.378906,12267.813477,12234.083008,12205.140625,12180.001953,12141.332031,12104.353516,12099.160156,12084.532227,12047.714844,12024.067383,12011.391602,12006.199219,11971.962891,11948.117188,11912.115234,11911.263672,11860.802734,11843.420898,11827.664062,11800.723633,11782.126953,11748.174805,11747.658203,11717.300781,11715.466797,11639.097656,11618.430664,11612.007812,11573.733398,11555.474609,11539.315430,11485.123047,11478.869141,11444.071289,11430.360352,11399.307617,11358.241211,11350.733398,11304.015625,11281.594727,11258.219727,11237.501953,11219.758789,11189.800781,11161.141602,11146.000000,11122.493164,11099.995117,11065.064453,11063.203125,11039.686523,11023.676758,11006.394531,10951.856445,10921.897461,10910.342773,10886.278320,10875.830078,10830.037109,10826.991211,10812.957031,10806.315430,10783.690430,10745.344727,10712.027344,10679.931641,10672.151367,10664.000000,10658.957031,10636.612305,10620.450195,10609.091797,10597.937500,10569.734375,10543.956055,10537.545898,10536.390625,10507.195312,10504.627930,10483.998047,10475.630859,10469.811523,10463.094727,10438.439453,10434.078125,10404.704102,10399.217773,10384.829102,10332.969727,10314.810547,10302.221680,10295.103516,10265.048828,10244.760742,10225.062500,10213.639648,10157.417969,10150.653320,10121.015625,10096.107422,10075.964844,10068.776367,10053.573242,10031.093750,10002.401367,9997.191406,9949.306641,9913.618164,9907.818359,9885.272461,9884.403320,9850.830078,9841.569336,9808.990234,9802.039062,9764.405273,9762.717773,9748.240234,9729.213867,9713.405273,9694.614258,9666.040039,9657.340820,9635.352539,9628.006836,9604.145508,9590.581055,9571.810547,9555.041016,9546.875977,9514.996094,9513.604492,9478.789062,9448.556641,9437.979492,9433.714844,9420.372070,9403.677734,9358.733398,9354.849609,9296.751953,9255.766602,9231.227539,9222.962891,9167.929688,9160.924805,9120.671875,9109.872070,9091.028320,9061.467773,9034.061523,9003.974609,8995.423828,8984.376953,8933.409180,8929.694336,8905.188477,8902.858398,8881.962891,8879.145508,8851.292969,8838.499023,8836.103516,8835.517578,8810.560547,8797.788086,8794.502930,8775.207031,8765.944336,8761.438477,8760.247070,8733.742188,8732.556641,8715.361328,8705.000000,8686.823242,8681.565430,8680.223633,8679.860352,8674.339844,8667.223633,8666.405273,8661.484375,8650.564453,8647.202148,8634.785156,8630.659180,8628.142578,8624.148438,8623.272461,8621.885742,8621.885742]
}