{
"iteraciones": [22,44,66,88,110,132,154,176,198,220,242,264,308,330,352,396,418,440,462,484,506,528,550,572,594,616,638,660,682,704,726,770,792,814,836,858,880,902,924,946,968,990,1034,1056,1078,1100,1122,1144,1188,1210,1232,1254,1276,1298,1320,1342,1364,1386,1408,1430,1452,1474,1496,1518,1562,1584,1606,1628,1650,1672,1694,1716,1738,1760,1782,1804,1826,1848,1870,1892,1958,1980,2002,2024,2046,2068,2112,2134,2178,2200,2222,2244,2266,2288,2310,2332,2354,2398,2420,2442,2464,2486,2508,2530,2552,2596,2640,2662,2684,2706,2750,2772,2794,2816,2838,2860,2882,2904,2926,2948,2970,2992,3014,3036,3058,3124,3146,3190,3212,3234,3278,3300,3344,3366,3388,3454,3476,3498,3520,3564,3586,3608,3630,3652,3696,3718,3762,3828,3850,3894,3916,3938,3982,4026,4048,4092,4158,4180,4202,4224,4246,4312,4356,4378,4400,4422,4444,4466,4488,4510,4664,4686,4730,4796,4840,4862,4884,4906,4928,4950,4972,4994,5082,5148,5214,5258,5302,5368,5456,5478,5500,5544,5566,5676,5962,5984,6006,6050,6094,6116,6512,6798,6820,6886,6974,7062,7084,7106,7634,7722,7744,7766,10846],
"fitness": [15198.190430,15183.223633,14962.442383,14614.512695,14406.539062,14358.407227,14273.697266,14210.666992,14037.543945,13955.212891,13836.521484,13655.493164,13543.424805,13504.647461,13438.099609,13391.850586,13356.584961,13285.866211,13277.708984,13248.725586,13225.750977,13184.718750,13155.200195,13135.303711,13099.915039,13086.903320,13052.605469,13023.255859,12991.144531,12972.541992,12916.399414,12904.906250,12854.592773,12851.308594,12805.352539,12755.882812,12710.561523,12677.037109,12651.682617,12640.819336,12607.026367,12518.998047,12506.001953,12494.763672,12432.000000,12387.692383,12374.071289,12330.310547,12297.093750,12273.658203,12257.247070,12210.033203,12197.821289,12176.526367,12169.820312,12135.571289,12108.257812,12077.675781,12036.487305,12027.997070,11990.932617,11969.517578,11937.736328,11885.640625,11829.462891,11781.643555,11776.518555,11749.074219,11727.458008,11723.580078,11683.526367,11672.092773,11659.895508,11644.285156,11613.524414,11591.750000,11564.364258,11553.554688,11545.399414,11498.529297,11469.863281,11429.104492,11421.000000,11387.928711,11345.010742,11278.791992,11214.978516,11167.950195,11131.127930,11104.898438,11025.572266,10998.448242,10973.755859,10954.148438,10902.970703,10844.532227,10839.077148,10786.290039,10782.101562,10746.208008,10738.208008,10729.961914,10709.839844,10707.581055,10680.525391,10610.792969,10598.853516,10581.109375,10560.238281,10525.491211,10498.693359,10483.587891,10478.880859,10475.555664,10436.771484,10397.036133,10378.750977,10345.892578,10336.843750,10322.104492,10290.876953,10271.701172,10249.897461,10218.946289,10201.398438,10178.692383,10125.835938,10120.209961,10055.329102,10035.528320,10025.508789,9989.992188,9985.011719,9984.715820,9913.380859,9902.000977,9847.748047,9803.806641,9773.818359,9753.327148,9724.193359,9711.954102,9702.249023,9673.806641,9623.400391,9609.134766,9580.831055,9578.793945,9571.710938,9530.221680,9522.642578,9478.727539,9440.780273,9422.171875,9376.343750,9365.913086,9350.445312,9326.878906,9316.144531,9309.584961,9256.771484,9230.625000,9226.150391,9213.863281,9205.747070,9192.997070,9179.302734,9172.589844,9170.482422,9125.907227,9088.586914,9051.579102,9040.053711,9022.818359,9010.246094,9004.515625,9001.001953,8980.762695,8974.771484,8950.398438,8937.371094,8924.627930,8911.242188,8886.685547,8873.465820,8858.649414,8846.565430,8830.532227,8825.694336,8810.717773,8802.749023,8801.000000,8796.424805,8768.136719,8766.790039,8751.843750,8738.353516,8732.161133,8729.134766,8700.781250,8690.726562,8677.639648,8668.209961,8665.437500,8661.369141,8637.263672,8635.771484,8631.742188,8630.659180,8627.762695,8625.215820,8621.885742,8621.885742]
}