{
"iteraciones": [22,44,66,88,110,132,154,176,220,242,264,286,308,330,352,374,396,418,440,462,484,506,528,550,572,594,616,638,660,682,704,726,748,770,792,814,858,880,902,924,946,968,990,1012,1056,1078,1100,1166,1210,1232,1254,1276,1298,1342,1364,1386,1408,1430,1452,1496,1518,1540,1562,1584,1606,1628,1650,1672,1694,1716,1738,1760,1782,1804,1826,1870,1936,1958,1980,2002,2024,2046,2068,2090,2112,2156,2178,2200,2222,2244,2288,2310,2332,2354,2376,2420,2442,2486,2574,2596,2662,2684,2706,2728,2750,2772,2794,2838,2860,2882,2948,2970,2992,3036,3058,3080,3102,3124,3146,3190,3212,3234,3322,3344,3366,3388,3410,3454,3476,3542,3564,3586,3608,3652,3674,3696,3718,3762,3784,3850,3916,3938,3960,3982,4004,4026,4070,4092,4114,4136,4158,4202,4268,4290,4312,4334,4356,4378,4400,4422,4444,4466,4510,4532,4554,4576,4598,4620,4642,4664,4686,4708,4752,4796,4818,4862,4884,4928,4950,4972,4994,5016,5082,5126,5148,5170,5192,5214,5236,5280,5324,5346,5368,5390,5412,5434,5456,5478,5500,5522,5566,5588,5610,5698,5742,5764,5786,5896,6204,6270,6292,6314,6336,6380,6424,6534,6556,6578,6622,6644,6666,6688,6754,6798,6864,6886,6908,7062,7084,7370,7392,7414,7502,7656,7810,7832,7964,8140,8206,8316,8338,8360,8866,9218,10274,10318,10340,11506,11550,11726,11748,14828],
"fitness": [15221.726562,15111.504883,15056.639648,14871.534180,14768.364258,14724.753906,14587.353516,14290.535156,14245.545898,14206.217773,14107.010742,14000.278320,13965.156250,13831.828125,13756.191406,13672.767578,13641.579102,13576.190430,13572.313477,13548.152344,13502.600586,13463.742188,13424.210938,13387.275391,13366.366211,13315.432617,13277.269531,13253.559570,13245.056641,13196.861328,13175.265625,13144.811523,13092.948242,13075.374023,13037.167969,12963.659180,12888.821289,12835.766602,12812.014648,12793.908203,12768.810547,12742.073242,12734.188477,12665.383789,12659.346680,12595.609375,12556.987305,12540.631836,12463.360352,12456.375000,12432.316406,12423.518555,12373.993164,12372.532227,12347.211914,12323.545898,12321.462891,12289.348633,12254.625000,12244.919922,12234.000000,12212.451172,12192.499023,12169.321289,12144.688477,12126.713867,12121.115234,12091.796875,12081.198242,12073.000000,12061.101562,12032.096680,12027.049805,11999.696289,11960.724609,11907.632812,11906.631836,11862.976562,11848.875000,11844.194336,11818.422852,11815.408203,11798.572266,11781.527344,11747.356445,11728.388672,11710.650391,11700.423828,11699.482422,11675.246094,11655.811523,11652.754883,11634.017578,11621.541016,11597.773438,11575.302734,11569.854492,11532.819336,11525.224609,11470.005859,11467.108398,11443.066406,11442.277344,11415.646484,11407.000000,11401.576172,11394.014648,11392.595703,11382.541992,11361.503906,11355.043945,11341.750000,11316.711914,11310.802734,11289.324219,11279.137695,11252.223633,11245.711914,11223.069336,11213.626953,11190.651367,11165.873047,11152.337891,11127.000977,11109.448242,11107.806641,11102.748047,11096.253906,11064.719727,11060.581055,11041.928711,11017.600586,10996.674805,10985.460938,10973.333984,10954.166992,10899.555664,10886.625977,10868.749023,10833.084961,10807.161133,10806.504883,10777.549805,10749.696289,10730.846680,10716.773438,10702.541992,10668.608398,10646.811523,10642.517578,10633.372070,10626.929688,10618.330078,10601.838867,10599.380859,10593.810547,10583.243164,10577.747070,10566.865234,10556.771484,10555.599609,10532.044922,10525.500000,10506.537109,10501.173828,10491.708984,10477.371094,10464.895508,10461.573242,10451.309570,10444.890625,10418.646484,10393.795898,10375.901367,10358.157227,10334.636719,10306.258789,10289.893555,10266.877930,10243.848633,10234.307617,10218.834961,10209.241211,10177.068359,10158.793945,10140.191406,10123.228516,10108.750977,10090.636719,10067.061523,10042.122070,10025.920898,10021.054688,9991.883789,9986.283203,9979.955078,9974.635742,9970.748047,9955.875977,9943.716797,9929.856445,9924.378906,9917.356445,9916.656250,9907.822266,9863.330078,9819.690430,9812.727539,9797.514648,9780.927734,9774.183594,9761.039062,9752.004883,9743.000000,9734.394531,9732.468750,9723.425781,9719.126953,9703.467773,9691.860352,9680.351562,9673.155273,9646.485352,9632.521484,9626.939453,9619.279297,9617.046875,9611.824219,9584.169922,9572.433594,9558.868164,9528.696289,9518.962891,9495.317383,9483.375000,9466.431641,9453.958984,9451.567383,9413.478516,9408.589844,9407.000977,9367.134766,9366.124023,9356.512695,9354.674805,9353.000000,9351.936523,9350.935547,9320.601562,9317.590820,9315.907227,9315.638672]
}