{
"iteraciones": [40,60,80,100,120,140,160,200,220,260,280,320,340,360,380,400,420,460,520,540,560,580,620,660,680,700,720,740,760,800,820,860,960,980,1000,1060,1080,1100,1120,1180,1220,1320,1340,1480,1500,1520,1560,1640,2120,2440,2480,2520,4900],
"fitness": [2500.770996,2467.550049,2433.244629,2377.918457,2335.065918,2286.490723,2223.472900,2178.389893,2081.645752,1992.274902,1959.292969,1922.329346,1895.857788,1853.826294,1815.212402,1779.417725,1722.930420,1616.246094,1586.659668,1566.943848,1547.182129,1506.998291,1486.444580,1470.885986,1459.146729,1407.958862,1391.987793,1366.773193,1365.362915,1357.171509,1334.880981,1270.940186,1250.211304,1227.845215,1207.917236,1203.514282,1198.148193,1173.784668,1169.142944,1168.688232,1165.749390,1161.666138,1148.671509,1135.974121,1127.522217,1113.249756,1112.837158,1104.424561,1100.409180,1099.554443,1098.910034,1093.147095,1093.147095]
}