{
"iteraciones": [25,50,75,100,125,150,175,200,225,250,275,300,325,375,400,425,450,475,500,525,550,575,600,625,650,675,725,750,775,825,850,875,900,925,950,1000,1025,1050,1100,1125,1150,1200,1250,1275,1325,1475,1550,1575,1600,1850,2025,2125,2150,2175,2200,2225,3175,4175],
"fitness": [2486.274658,2441.308594,2410.998047,2306.811523,2229.427734,2170.615723,2156.398926,2143.742188,2102.388184,2048.347412,2039.362183,1959.553833,1935.440063,1900.723877,1898.097534,1871.857544,1848.633911,1821.262817,1793.688965,1757.036011,1754.541992,1716.745361,1693.208008,1650.449707,1634.417358,1566.918335,1548.884033,1514.207397,1470.208374,1468.182129,1439.182861,1384.380981,1362.837280,1353.514526,1325.717407,1302.000000,1282.867188,1271.166016,1248.557495,1240.523071,1218.774414,1169.665649,1140.737061,1137.978516,1136.220093,1131.116211,1125.700684,1121.900513,1114.568359,1112.110962,1108.433594,1106.102295,1103.473022,1102.000000,1099.027222,1094.923828,1093.147095,1093.147095]
}