{
"m": 38,
"pmutacion_threshold": 0.170002,
"pr": 0.141,
"seed": 7866454,
"numero_de_iteraciones": 3040,
"fitness": 9520.3,
"tiempo": 10.700410,
"coalicion": [0,7,8,11,15,17,18,21,22,23,24,25,26,27,29,30,32,33,34,35,36,38,41,42,44,46,49,54,60,62,64,65,66,67,68,69,75,76,79,80,81,83,84,85,86,87,88,89,91,92,93,94,95,96,97,98,99,100,101,102,104,107,108,109,112,114,116,118,119,120,121,123,124,126,127,128,130,131,132,137,138,139,140,141,142,154,163,168,170,171,172,173,176,178,181,192,193,194,195,196,198,199,200,201,202,203,206,207,208,209,211,214,215,222,225,226,228,229,234,235,236,242,249,254,267,270,273,276,281,282,283,284,285,287,288,289,290,291,292,294,295,297,298,299,300,301,302,304,306,307,309,313,314,315,316,317,318,322,323,324,327,329,330,331,332,337,339,340,341,342,343,344,345,346,347,348,349,350,352,353,354,359,361,362,364,370,374,377,378,379,380,383,386,392,393,395,396,398,400,403,404,405,406,408,410,411,412,413,414,415,418,421,424,426]
}