{
"iteraciones": [25,50,75,100,125,150,175,200,225,250,275,300,325,350,375,400,425,475,500,525,550,575,600,625,650,675,700,750,775,800,825,850,875,900,925,950,975,1000,1025,1050,1075,1100,1125,1175,1200,1225,1275,1300,1325,1350,1375,1400,1425,1450,1475,1500,1550,1575,1600,1650,1675,1700,1725,1750,1775,1800,1825,1850,1875,1900,1925,1950,2025,2050,2075,2100,2150,2175,2200,2225,2250,2275,2300,2325,2350,2375,2400,2425,2450,2475,2500,2525,2550,2575,2600,2625,2650,2675,2700,2725,2750,2775,2800,2825,2850,2900,2925,2950,2975,3000,3025,3050,3075,3100,3125,3150,3200,3225,3250,3275,3300,3325,3350,3375,3400,3475,3500,3550,3575,3600,3625,3650,3700,3725,3750,3775,3825,3850,3875,3925,3950,3975,4000,4050,4075,4100,4125,4150,4175,4200,4250,4275,4300,4325,4350,4375,4425,4450,4500,4525,4550,4575,4850,4950,5175,5200,5250,5375,5400,5450,5475,5525,5625,5650,5675,5700,5825,6450,6475,6500,6550,7075,7325,7900,7925,8000,8050,9025,12025],
"fitness": [15409.641602,15105.901367,15011.881836,14762.539062,14628.082031,14269.059570,14197.763672,14095.652344,13882.404297,13752.292969,13723.585938,13673.000000,13525.525391,13504.347656,13448.863281,13410.574219,13308.472656,13296.438477,13270.911133,13230.823242,13174.942383,13160.348633,13108.790039,13059.198242,13050.792969,13004.025391,12936.853516,12910.942383,12881.294922,12859.089844,12824.425781,12769.731445,12712.949219,12686.528320,12636.000977,12617.386719,12576.985352,12519.813477,12517.896484,12469.324219,12412.734375,12399.808594,12342.332031,12324.207031,12272.043945,12192.604492,12183.253906,12161.870117,12136.062500,12084.977539,12063.290039,12015.336914,11994.199219,11966.683594,11952.367188,11869.735352,11830.048828,11773.748047,11732.452148,11713.363281,11686.292969,11619.683594,11616.142578,11541.135742,11534.753906,11510.971680,11483.035156,11444.361328,11419.328125,11392.521484,11371.714844,11308.542969,11270.821289,11248.447266,11220.698242,11174.883789,11159.550781,11139.523438,11109.739258,11087.499023,11052.092773,11019.270508,11002.497070,10981.558594,10955.061523,10937.037109,10921.748047,10858.926758,10846.377930,10794.923828,10787.656250,10781.531250,10768.646484,10748.560547,10730.943359,10723.556641,10703.580078,10659.423828,10644.514648,10612.390625,10584.647461,10573.518555,10540.174805,10521.477539,10459.587891,10436.512695,10424.760742,10385.888672,10370.730469,10332.344727,10284.379883,10269.987305,10233.169922,10198.568359,10178.534180,10164.797852,10122.933594,10089.125000,10075.357422,10040.599609,10012.651367,10011.313477,10005.928711,10003.117188,9964.906250,9933.845703,9887.296875,9879.970703,9868.710938,9825.452148,9823.529297,9757.997070,9726.827148,9682.173828,9643.596680,9579.500000,9544.655273,9535.361328,9503.674805,9456.160156,9427.554688,9395.687500,9337.716797,9334.974609,9295.686523,9279.053711,9215.255859,9211.644531,9195.113281,9170.775391,9155.344727,9153.991211,9116.000000,9082.976562,9052.795898,9018.184570,9016.621094,8972.918945,8948.783203,8947.875000,8945.153320,8942.722656,8934.991211,8925.303711,8923.994141,8908.788086,8904.586914,8881.000000,8852.602539,8821.574219,8802.356445,8768.459961,8755.877930,8752.909180,8721.363281,8718.238281,8692.362305,8672.201172,8666.892578,8648.711914,8640.707031,8637.672852,8635.812500,8634.146484,8629.929688,8625.215820,8624.148438,8621.885742,8621.885742]
}