{
"iteraciones": [25,50,75,100,125,150,175,200,225,250,275,300,325,350,375,400,425,450,475,525,550,600,625,650,675,700,725,750,775,800,825,850,875,900,925,950,1000,1025,1050,1100,1125,1150,1175,1200,1250,1275,1300,1325,1350,1375,1400,1425,1450,1475,1500,1525,1550,1575,1600,1625,1650,1675,1725,1750,1775,1800,1825,1850,1875,1900,1925,1950,1975,2000,2025,2050,2075,2100,2125,2150,2175,2200,2225,2250,2275,2300,2325,2350,2375,2400,2425,2500,2525,2550,2600,2625,2650,2675,2700,2725,2750,2775,2825,2850,2900,2925,2950,2975,3000,3025,3050,3075,3100,3125,3150,3175,3200,3225,3250,3275,3300,3325,3375,3400,3425,3450,3475,3500,3525,3550,3575,3600,3625,3650,3675,3700,3725,3775,3800,3825,3850,3875,3900,3950,3975,4000,4025,4075,4100,4125,4175,4225,4275,4300,4325,4350,4375,4400,4475,4500,4600,4625,4650,4700,4725,4800,4825,4875,4900,4950,4975,5000,5025,5050,5100,5125,5150,5200,5225,5275,5300,5750,5775,5800,5825,5875,5925,6000,6050,6175,6300,6325,6375,6450,6500,6525,6600,6650,6700,6725,6875,6900,6925,6950,6975,7925,8325,9475,9950,12950],
"fitness": [15274.971680,15131.582031,14835.771484,14678.051758,14625.034180,14406.756836,14322.652344,14145.558594,14035.957031,13989.788086,13941.527344,13855.180664,13851.892578,13738.838867,13692.592773,13645.607422,13540.294922,13522.906250,13438.122070,13327.125977,13267.336914,13233.662109,13197.961914,13168.131836,13140.000000,13076.978516,12994.169922,12993.968750,12961.146484,12912.184570,12897.132812,12823.845703,12798.687500,12731.589844,12677.840820,12627.513672,12579.577148,12515.510742,12457.522461,12454.876953,12397.000000,12359.273438,12327.833008,12271.142578,12217.833984,12209.396484,12148.904297,12067.696289,12058.873047,12009.526367,11993.521484,11948.663086,11939.156250,11888.942383,11847.768555,11843.549805,11806.860352,11798.217773,11767.746094,11750.538086,11739.962891,11690.540039,11687.364258,11666.702148,11658.000000,11650.107422,11613.857422,11585.454102,11570.585938,11558.542969,11530.365234,11516.737305,11500.787109,11478.791016,11444.390625,11418.845703,11400.353516,11365.519531,11333.406250,11298.134766,11262.586914,11236.743164,11228.602539,11215.846680,11211.875000,11206.004883,11181.363281,11146.247070,11138.743164,11118.659180,11060.296875,11039.140625,11024.032227,10990.824219,10964.470703,10951.122070,10923.360352,10903.651367,10887.598633,10874.158203,10836.128906,10770.631836,10751.705078,10695.592773,10688.518555,10643.482422,10609.314453,10600.431641,10562.641602,10532.499023,10495.861328,10474.085938,10450.627930,10418.546875,10399.295898,10380.442383,10342.462891,10323.528320,10316.842773,10301.784180,10273.688477,10261.721680,10245.016602,10214.118164,10213.401367,10191.171875,10157.936523,10137.376953,10088.478516,10070.643555,10060.287109,10043.206055,10010.566406,9969.752930,9923.001953,9921.992188,9864.197266,9830.219727,9809.324219,9756.524414,9740.513672,9703.262695,9683.093750,9645.568359,9644.375977,9623.140625,9617.602539,9605.927734,9585.467773,9565.290039,9535.954102,9493.641602,9485.645508,9482.125977,9468.000000,9464.952148,9460.015625,9430.313477,9412.324219,9363.083008,9362.635742,9323.053711,9304.602539,9244.132812,9202.775391,9201.504883,9172.723633,9148.117188,9118.456055,9112.201172,9078.790039,9061.824219,9040.498047,9030.013672,9015.690430,8974.575195,8959.025391,8944.460938,8937.202148,8935.899414,8898.856445,8897.197266,8867.795898,8861.775391,8860.453125,8857.718750,8830.878906,8827.057617,8818.741211,8798.904297,8789.470703,8788.878906,8764.165039,8763.673828,8759.511719,8745.390625,8732.781250,8692.311523,8689.166992,8686.216797,8683.566406,8680.831055,8679.701172,8675.708984,8673.301758,8666.878906,8625.290039,8624.148438,8621.885742,8621.885742]
}