{
"iteraciones": [25,50,75,100,125,150,175,200,225,250,275,300,325,350,375,400,425,450,475,500,525,550,575,600,625,650,675,700,725,750,775,800,825,850,875,900,950,975,1000,1025,1050,1125,1150,1175,1225,1250,1275,1300,1325,1350,1375,1425,1450,1475,1500,1525,1550,1575,1600,1625,1650,1675,1700,1725,1750,1775,1800,1825,1850,1875,1900,1925,1950,1975,2000,2025,2050,2075,2100,2125,2150,2175,2225,2275,2300,2325,2350,2375,2400,2425,2450,2475,2500,2525,2550,2575,2600,2625,2650,2675,2700,2725,2750,2775,2800,2825,2850,2900,2925,2950,2975,3000,3025,3050,3075,3100,3150,3175,3200,3225,3250,3275,3300,3325,3350,3375,3400,3425,3450,3475,3525,3550,3575,3600,3625,3650,3675,3700,3725,3750,3775,3800,3825,3850,3875,3900,3925,4000,4050,4075,4100,4150,4175,4200,4225,4250,4275,4300,4325,4350,4375,4400,4425,4450,4500,4525,4550,4575,4600,4625,4675,4725,4750,4775,4800,4825,4850,4925,4950,4975,5000,5025,5050,5075,5100,5125,5150,5200,5225,5250,5300,5425,5450,5475,5500,5525,5600,5650,5675,5725,5750,5775,5825,5900,5925,6125,6200,6250,6275,6300,6325,7475,7750,7875,7925,7950,7975,8275,10625,10725,13725],
"fitness": [15325.828125,15144.191406,14849.019531,14697.141602,14627.254883,14460.035156,14442.458984,14245.216797,14185.473633,14031.768555,13998.355469,13872.493164,13835.493164,13790.785156,13758.728516,13691.843750,13630.309570,13579.125000,13520.997070,13455.077148,13438.895508,13381.416016,13353.986328,13297.043945,13227.323242,13204.588867,13151.055664,13128.543945,13043.575195,13028.837891,12988.755859,12924.295898,12854.208008,12816.004883,12778.814453,12710.734375,12682.522461,12665.833984,12652.000000,12601.831055,12527.023438,12454.010742,12427.448242,12372.491211,12324.990234,12298.703125,12292.908203,12257.232422,12230.768555,12188.416992,12132.525391,12117.418945,12056.627930,12017.882812,11996.930664,11991.434570,11961.918945,11944.823242,11919.342773,11911.051758,11885.894531,11852.446289,11847.929688,11796.450195,11747.425781,11715.017578,11687.672852,11662.783203,11652.313477,11620.005859,11612.010742,11558.268555,11547.381836,11509.885742,11498.242188,11473.427734,11469.718750,11431.650391,11393.249023,11371.442383,11368.025391,11321.179688,11255.000000,11231.676758,11229.316406,11208.440430,11177.666992,11175.678711,11152.474609,11144.970703,11122.035156,11087.956055,11062.389648,11041.965820,11027.559570,11013.711914,10978.290039,10937.199219,10917.816406,10891.334961,10881.294922,10875.429688,10866.544922,10854.226562,10836.036133,10812.188477,10776.324219,10754.807617,10752.157227,10738.000000,10703.317383,10683.334961,10672.928711,10665.630859,10642.852539,10587.244141,10568.056641,10554.311523,10547.814453,10542.492188,10522.955078,10511.642578,10487.000000,10441.845703,10416.889648,10385.657227,10369.353516,10353.027344,10350.068359,10328.875000,10302.893555,10294.177734,10274.093750,10246.977539,10232.079102,10219.840820,10202.894531,10198.296875,10171.705078,10170.365234,10141.941406,10135.832031,10112.242188,10095.067383,10056.576172,10040.566406,10008.232422,9952.422852,9950.908203,9939.055664,9901.958984,9881.585938,9831.815430,9829.783203,9810.956055,9799.516602,9752.709961,9749.845703,9726.772461,9707.636719,9697.555664,9668.885742,9643.493164,9614.687500,9584.308594,9576.088867,9532.161133,9489.260742,9470.295898,9457.665039,9415.239258,9396.083984,9384.465820,9343.737305,9326.669922,9259.174805,9226.126953,9220.041992,9193.723633,9179.496094,9161.465820,9140.795898,9128.157227,9112.370117,9097.774414,9064.054688,9016.301758,8998.365234,8980.693359,8953.398438,8915.410156,8890.188477,8862.745117,8848.744141,8836.486328,8833.077148,8829.610352,8807.937500,8785.530273,8778.951172,8776.888672,8775.470703,8756.120117,8750.703125,8731.202148,8703.486328,8676.422852,8673.271484,8671.249023,8670.456055,8662.605469,8637.990234,8631.337891,8630.181641,8627.740234,8626.720703,8625.349609,8624.372070,8623.272461,8621.885742,8621.885742]
}