{
"iteraciones": [25,50,75,100,125,150,175,200,225,250,275,300,325,350,375,400,425,450,475,500,525,550,600,625,650,675,700,725,775,800,825,850,875,900,925,950,975,1000,1025,1050,1075,1100,1125,1150,1175,1225,1250,1275,1300,1325,1350,1375,1400,1425,1450,1475,1550,1575,1600,1625,1650,1675,1700,1725,1775,1800,1825,1850,1875,1900,1925,1950,2050,2075,2100,2125,2175,2200,2225,2250,2275,2300,2325,2350,2375,2400,2425,2450,2475,2500,2525,2550,2575,2625,2675,2700,2725,2750,2775,2800,2825,2850,2875,2900,2950,3025,3100,3200,3225,3250,3275,3300,3325,3350,3375,3400,3450,3475,3500,3550,3575,3750,4125,4150,4175,4200,4325,4450,4500,4525,4550,4725,4775,4850,4875,4900,4975,5050,5175,5250,5275,5325,5350,5425,5450,5475,5500,5525,5575,5600,5625,5650,5700,5725,5750,5825,5850,5875,5900,5925,5950,5975,6000,6050,6075,6100,6150,6175,6200,6225,6250,6275,6300,6325,6350,6375,6400,6450,6475,6525,6550,6575,6600,6625,6650,6675,6700,6725,6750,6775,6800,6850,6875,6900,6925,6950,7000,7025,7050,7075,7150,7175,7200,7225,7250,7275,7300,7325,7375,7400,7425,7450,7475,7500,7525,7550,7575,7600,7625,7650,7675,7700,7725,7750,7775,7800,7825,7850,7900,7925,7950,7975,8000,8025,8050,8075,8100,8150,8175,8200,8225,8250,8275,8300,8350,8375,8400,8425,8450,8475,8500,8575,8600,8625,8650,8675,8700,8725,8750,8775,8800,8825,8850,8875,8950,8975,9025,9075,9100,9125,9150,9175,9200,9275,9300,9325,9350,9375,9450,9525,9550,9575,9600,9625,9650,9675,9775,9800,9825,9875,9900,9925,9975,10025,10075,10125,10175,10325,10350,10400,10450,10475,10550,10675,11025,11050,11100,11175,11450,11500,11600,11625,11825,11875,12025,12050,12075,13000,16000],
"fitness": [15104.485352,14984.306641,14759.873047,14676.021484,14298.964844,14236.295898,14213.350586,14091.869141,13969.267578,13917.230469,13762.766602,13739.664062,13647.218750,13636.116211,13571.156250,13516.416016,13426.019531,13409.985352,13321.265625,13308.603516,13278.021484,13120.456055,13116.210938,13087.737305,13023.362305,12992.347656,12952.255859,12886.096680,12872.303711,12835.527344,12793.192383,12761.837891,12717.778320,12654.978516,12616.781250,12606.123047,12574.608398,12545.313477,12534.357422,12530.239258,12519.049805,12489.125000,12482.887695,12459.815430,12408.007812,12376.190430,12346.570312,12317.791992,12301.064453,12279.488281,12255.229492,12227.555664,12194.566406,12146.500977,12119.794922,12060.916992,12030.826172,12010.398438,11991.153320,11984.697266,11966.033203,11954.791992,11935.661133,11903.557617,11883.982422,11851.243164,11837.932617,11822.326172,11783.244141,11781.444336,11753.005859,11730.405273,11712.332031,11695.075195,11688.446289,11660.815430,11649.201172,11638.658203,11623.779297,11606.470703,11604.116211,11590.597656,11574.478516,11563.826172,11551.883789,11545.834961,11536.125000,11514.356445,11508.806641,11504.259766,11497.000000,11483.293945,11471.346680,11459.764648,11455.589844,11451.917969,11449.395508,11448.175781,11440.497070,11437.174805,11431.502930,11424.985352,11422.000000,11420.139648,11414.267578,11405.925781,11387.654297,11383.905273,11371.389648,11366.364258,11363.527344,11354.716797,11351.050781,11349.149414,11347.171875,11344.303711,11339.445312,11328.696289,11319.864258,11314.738281,11304.132812,11292.903320,11285.000000,11283.538086,11272.064453,11266.207031,11262.585938,11261.697266,11259.143555,11255.875977,11251.033203,11248.289062,11242.441406,11241.598633,11233.780273,11228.395508,11226.649414,11222.260742,11214.256836,11212.089844,11208.829102,11202.451172,11192.410156,11186.476562,11184.501953,11177.732422,11175.911133,11170.820312,11168.834961,11162.547852,11161.731445,11153.788086,11146.500000,11142.580078,11133.867188,11122.816406,11116.032227,11114.265625,11111.256836,11108.523438,11100.626953,11099.253906,11093.118164,11089.000000,11077.926758,11064.060547,11044.165039,11042.371094,11029.238281,11017.712891,11014.746094,10999.860352,10995.226562,10981.101562,10969.879883,10967.839844,10962.373047,10951.110352,10950.817383,10939.865234,10933.351562,10920.503906,10919.658203,10910.276367,10899.377930,10892.004883,10878.934570,10867.544922,10834.663086,10831.929688,10797.469727,10783.716797,10755.251953,10739.709961,10724.311523,10700.995117,10693.626953,10668.112305,10650.144531,10620.869141,10603.918945,10585.507812,10558.239258,10531.074219,10525.590820,10516.309570,10502.596680,10481.510742,10464.108398,10440.882812,10430.988281,10407.987305,10401.845703,10384.831055,10377.199219,10356.804688,10345.912109,10327.246094,10308.997070,10299.887695,10262.318359,10257.631836,10256.795898,10229.015625,10212.522461,10203.364258,10179.613281,10159.049805,10152.836914,10130.841797,10112.106445,10097.996094,10074.331055,10067.531250,10061.075195,10019.597656,10000.771484,9992.929688,9987.242188,9961.999023,9938.960938,9937.231445,9905.385742,9854.002930,9831.506836,9809.630859,9788.439453,9769.282227,9759.660156,9735.082031,9700.257812,9681.700195,9675.666992,9643.937500,9629.040039,9600.111328,9584.990234,9572.437500,9554.387695,9541.380859,9515.470703,9512.000000,9482.000977,9449.443359,9422.120117,9387.722656,9362.228516,9354.114258,9347.263672,9332.820312,9312.638672,9291.490234,9265.666992,9241.867188,9238.238281,9209.094727,9193.590820,9169.788086,9113.870117,9077.000000,9042.355469,9034.416992,9031.314453,9024.640625,8993.515625,8985.153320,8970.194336,8955.590820,8938.192383,8930.607422,8924.983398,8900.720703,8893.861328,8880.098633,8873.632812,8869.567383,8843.561523,8833.020508,8794.164062,8737.774414,8729.150391,8726.652344,8713.747070,8710.023438,8706.445312,8693.334961,8673.934570,8672.125977,8670.941406,8662.202148,8657.196289,8655.782227,8651.019531,8633.807617,8632.714844,8631.518555,8624.148438,8621.885742,8621.885742]
}