{
"iteraciones": [25,50,75,100,125,150,175,200,225,250,275,300,350,375,400,425,450,475,500,525,550,575,600,625,650,675,700,725,750,775,800,825,850,875,925,975,1000,1050,1100,1125,1150,1175,1200,1225,1250,1275,1300,1325,1350,1375,1400,1450,1475,1500,1525,1550,1575,1600,1625,1650,1675,1700,1725,1750,1775,1825,1850,1875,1900,1950,1975,2000,2025,2050,2075,2100,2150,2175,2200,2250,2275,2300,2325,2350,2375,2425,2450,2475,2500,2525,2550,2600,2625,2650,2675,2700,2750,2800,2825,2850,2875,2900,2925,2950,2975,3000,3025,3050,3075,3100,3125,3150,3175,3200,3225,3250,3275,3300,3350,3375,3400,3425,3450,3475,3500,3525,3550,3600,3625,3675,3725,3750,3775,3800,3850,3875,3900,3925,3975,4000,4025,4075,4100,4125,4175,4200,4250,4275,4300,4325,4350,4375,4400,4425,4450,4575,4600,4675,4775,4950,4975,5000,5025,5075,5100,5150,5225,5275,5475,5500,5550,5575,5675,5775,5850,5900,6025,6625,6725,6800,7425,7550,7575,7600,7675,7925,8500,9350,10050,13050],
"fitness": [15303.263672,15036.834961,14857.411133,14685.618164,14335.915039,14250.891602,14165.537109,14064.233398,13908.960938,13892.096680,13783.978516,13611.569336,13587.504883,13470.061523,13427.642578,13371.116211,13362.834961,13316.906250,13256.879883,13221.340820,13182.101562,13168.334961,13107.803711,13097.893555,13069.276367,13029.995117,13002.220703,12968.552734,12905.951172,12873.716797,12838.300781,12792.798828,12765.317383,12655.208984,12618.208984,12600.280273,12532.999023,12499.770508,12459.703125,12396.077148,12318.222656,12304.573242,12252.801758,12240.927734,12209.044922,12158.747070,12131.985352,12073.948242,12040.115234,11998.097656,11942.937500,11930.373047,11886.986328,11843.852539,11833.191406,11802.303711,11754.512695,11702.852539,11681.411133,11647.500977,11627.577148,11570.966797,11558.835938,11488.920898,11428.041992,11408.428711,11376.604492,11342.966797,11308.116211,11289.723633,11264.974609,11247.442383,11231.784180,11184.724609,11178.461914,11136.409180,11105.198242,11067.788086,11013.882812,10982.696289,10975.075195,10928.567383,10901.485352,10885.250000,10847.050781,10843.000000,10823.610352,10795.681641,10767.703125,10751.065430,10664.567383,10648.603516,10618.974609,10561.821289,10554.485352,10551.785156,10522.048828,10487.494141,10473.127930,10422.864258,10394.484375,10375.895508,10315.408203,10301.852539,10272.416992,10252.855469,10236.681641,10205.402344,10171.396484,10145.996094,10119.902344,10078.684570,10038.464844,10023.000000,9970.385742,9930.522461,9906.631836,9861.769531,9848.970703,9810.155273,9772.945312,9755.201172,9711.392578,9688.350586,9658.902344,9637.212891,9616.841797,9586.682617,9581.858398,9530.762695,9526.565430,9493.634766,9469.995117,9435.348633,9427.297852,9413.817383,9377.390625,9367.559570,9330.083984,9287.267578,9284.247070,9257.440430,9244.876953,9232.245117,9230.481445,9196.903320,9194.077148,9193.525391,9191.468750,9180.769531,9160.291992,9125.227539,9116.886719,9097.997070,9093.131836,9089.663086,9084.080078,9076.014648,9020.482422,9015.696289,8988.836914,8967.245117,8953.344727,8945.234375,8928.608398,8913.125000,8912.974609,8855.000000,8840.665039,8823.038086,8800.988281,8762.911133,8757.399414,8727.049805,8712.007812,8706.450195,8702.507812,8673.518555,8666.000000,8665.376953,8661.254883,8646.299805,8636.123047,8631.766602,8630.710938,8629.272461,8628.142578,8626.937500,8621.885742,8621.885742]
}