{
"iteraciones": [25,50,75,100,125,150,175,200,225,250,275,300,325,350,375,400,425,450,475,500,525,550,650,675,700,725,750,775,800,825,850,875,900,925,950,975,1025,1050,1075,1100,1125,1150,1175,1200,1225,1250,1300,1325,1350,1375,1400,1425,1450,1475,1500,1525,1550,1575,1600,1625,1650,1700,1725,1750,1775,1800,1825,1850,1875,1900,1950,1975,2000,2025,2050,2075,2100,2125,2150,2175,2225,2250,2275,2300,2350,2400,2475,2500,2525,2550,2575,2600,2700,2725,2750,2775,2800,2825,2850,2875,2900,2925,2950,2975,3000,3025,3050,3075,3100,3125,3200,3225,3250,3275,3300,3325,3350,3400,3450,3475,3500,3525,3550,3575,3600,3625,3675,3700,3825,3850,3875,3900,3950,3975,4000,4050,4075,4100,4125,4175,4200,4225,4275,4325,4350,4375,4400,4425,4450,4475,4500,4550,4625,4650,4675,4700,4750,4775,4825,4850,4925,4950,5000,5025,5050,5100,5125,5175,5200,5225,5250,5275,5300,5350,5375,5400,5425,5475,5500,5525,5550,5575,5625,5650,5675,5725,5750,5825,5850,5875,5900,5925,5950,5975,6000,6050,6075,6100,6125,6150,6175,6200,6250,6350,6375,6400,6425,6450,6500,6525,6550,6575,6600,6625,6650,6700,6725,6775,6800,6825,6850,6900,6925,6950,6975,7000,7025,7050,7075,7150,7225,7275,7300,7325,7375,7400,7475,7500,7525,7575,7600,7625,7650,7675,7700,7725,7800,7825,7900,7925,7950,8000,8075,8100,8200,8225,8250,8300,8325,8375,8400,8600,8725,8825,8875,8950,8975,9000,9400,9425,9450,9475,9525,9550,9675,9950,9975,10850,11100,11125,11175,11775,11850,12100,13050,13175,16175],
"fitness": [15372.627930,15240.563477,15171.916016,15003.305664,14808.804688,14682.603516,14617.622070,14538.334961,14435.623047,14344.063477,14292.252930,14148.461914,14042.655273,14025.184570,14008.951172,13927.103516,13888.031250,13815.357422,13785.436523,13780.759766,13759.958984,13656.848633,13628.932617,13542.657227,13491.139648,13443.978516,13309.957031,13302.418945,13249.161133,13208.258789,13174.583984,13149.640625,13121.148438,13097.758789,13062.821289,12980.001953,12971.002930,12935.064453,12902.106445,12859.362305,12813.996094,12807.234375,12760.418945,12721.416016,12706.008789,12653.191406,12622.455078,12609.795898,12575.719727,12550.660156,12525.338867,12503.819336,12456.917969,12431.596680,12405.608398,12383.336914,12353.824219,12326.054688,12275.183594,12268.011719,12208.525391,12173.135742,12157.236328,12128.805664,12114.845703,12070.305664,12057.006836,12044.573242,12019.447266,11985.686523,11972.953125,11954.678711,11943.000000,11924.479492,11917.725586,11898.675781,11897.249023,11881.352539,11873.788086,11844.416992,11820.809570,11817.353516,11784.967773,11738.694336,11710.272461,11700.468750,11685.683594,11683.128906,11669.967773,11661.165039,11635.108398,11573.748047,11564.671875,11525.452148,11511.488281,11508.403320,11498.189453,11492.931641,11488.666992,11487.189453,11470.934570,11467.095703,11463.540039,11451.632812,11436.993164,11426.082031,11408.075195,11406.508789,11397.474609,11373.319336,11369.000000,11347.662109,11345.214844,11343.001953,11342.581055,11339.769531,11326.928711,11320.772461,11310.159180,11305.510742,11302.519531,11287.075195,11275.697266,11267.070312,11255.580078,11226.000000,11212.354492,11194.890625,11178.190430,11172.197266,11160.730469,11151.420898,11150.785156,11140.543945,11122.416016,11115.839844,11094.743164,11093.308594,11088.928711,11086.846680,11081.315430,11070.499023,11051.787109,11048.975586,11038.809570,11032.443359,11016.522461,11011.888672,11000.830078,10989.620117,10982.269531,10975.761719,10953.038086,10931.687500,10918.720703,10886.943359,10874.400391,10871.327148,10853.568359,10819.890625,10809.023438,10798.031250,10777.316406,10766.789062,10746.116211,10738.139648,10725.864258,10712.000000,10707.390625,10681.489258,10676.183594,10660.557617,10640.388672,10633.560547,10619.087891,10609.194336,10559.009766,10557.210938,10540.022461,10532.552734,10524.291992,10487.715820,10470.371094,10447.683594,10407.342773,10386.750977,10359.344727,10330.652344,10323.275391,10299.164062,10276.890625,10271.611328,10243.379883,10240.852539,10221.209961,10217.032227,10209.077148,10203.519531,10198.928711,10158.394531,10148.449219,10136.299805,10110.258789,10096.874023,10091.341797,10079.823242,10075.817383,10048.666992,10024.828125,10018.000000,9993.580078,9979.114258,9961.155273,9934.297852,9915.225586,9898.128906,9851.602539,9847.724609,9839.075195,9834.177734,9800.266602,9778.551758,9759.873047,9741.858398,9706.579102,9691.237305,9648.001953,9645.000000,9585.886719,9555.402344,9530.261719,9507.669922,9473.367188,9421.569336,9413.971680,9382.564453,9375.015625,9374.321289,9365.465820,9336.195312,9287.493164,9275.204102,9248.240234,9229.627930,9209.795898,9157.453125,9133.207031,9109.136719,9103.008789,9077.861328,9067.004883,9040.393555,9012.676758,8972.100586,8971.143555,8937.235352,8928.534180,8917.299805,8906.113281,8904.997070,8883.405273,8849.513672,8825.854492,8822.952148,8809.433594,8805.262695,8789.928711,8778.712891,8774.349609,8772.986328,8748.272461,8739.902344,8737.620117,8704.172852,8683.618164,8649.445312,8645.632812,8641.644531,8637.309570,8636.199219,8634.897461,8633.485352,8632.000000,8630.778320,8625.349609,8621.885742,8621.885742]
}