{
"iteraciones": [25,50,75,100,125,175,225,250,275,300,325,350,400,425,500,525,550,575,600,625,650,675,700,725,750,775,800,825,850,875,900,925,950,975,1000,1025,1050,1075,1100,1125,1150,1175,1200,1225,1250,1275,1300,1325,1350,1375,1400,1425,1450,1475,1500,1525,1550,1575,1600,1625,1650,1675,1700,1725,1750,1775,1800,1825,1850,1875,1900,1925,1950,1975,2000,2025,2050,2075,2100,2150,2175,2200,2225,2250,2275,2300,2325,2375,2400,2425,2450,2475,2500,2525,2575,2600,2625,2650,2675,2700,2725,2750,2775,2825,2850,2875,2900,2925,2950,2975,3000,3025,3050,3075,3100,3125,3150,3175,3200,3225,3250,3275,3300,3350,3375,3425,3450,3475,3550,3600,3625,3800,3825,3875,3900,3975,4000,4025,4050,4075,4125,4150,4175,4200,4250,4275,4425,4450,4500,4550,4600,4725,5075,5100,5275,5325,5875,6125,6500,6700,7275,8550,11550],
"fitness": [15076.539062,15002.852539,14796.622070,14715.304688,14591.026367,14452.159180,14363.550781,14290.257812,14217.113281,14123.148438,14080.183594,13968.278320,13863.617188,13742.784180,13664.582031,13549.193359,13526.416016,13465.380859,13380.925781,13318.877930,13282.766602,13277.990234,13215.803711,13102.271484,13101.954102,13079.040039,13000.264648,12950.335938,12903.009766,12835.818359,12799.134766,12751.498047,12701.155273,12634.187500,12627.675781,12590.436523,12545.921875,12497.009766,12465.944336,12404.140625,12325.802734,12281.697266,12227.166016,12128.850586,12113.238281,12044.016602,12028.692383,11962.731445,11904.322266,11883.677734,11851.875977,11818.716797,11792.888672,11703.669922,11671.931641,11652.862305,11618.445312,11591.704102,11563.040039,11548.227539,11534.084961,11508.822266,11466.172852,11421.765625,11390.820312,11333.019531,11294.537109,11228.432617,11143.126953,11066.314453,10982.845703,10948.471680,10897.880859,10872.856445,10861.050781,10823.750977,10765.366211,10726.896484,10663.507812,10613.577148,10596.531250,10539.615234,10528.244141,10487.744141,10444.472656,10436.419922,10358.867188,10336.152344,10319.118164,10287.716797,10272.350586,10221.204102,10172.714844,10118.983398,10110.515625,10021.235352,10017.879883,9963.021484,9938.252930,9919.026367,9878.686523,9868.091797,9800.544922,9755.584961,9753.330078,9719.517578,9705.053711,9681.290039,9644.465820,9627.362305,9552.447266,9544.674805,9524.460938,9480.476562,9442.035156,9393.753906,9384.110352,9383.000000,9357.916016,9328.970703,9313.250000,9291.463867,9260.630859,9227.072266,9205.704102,9192.825195,9182.885742,9162.673828,9156.629883,9148.453125,9066.977539,9065.406250,9015.244141,9005.668945,8943.918945,8927.463867,8926.180664,8908.844727,8905.154297,8880.943359,8859.585938,8845.061523,8842.056641,8810.019531,8791.330078,8764.186523,8762.429688,8742.530273,8708.670898,8704.948242,8689.124023,8663.468750,8659.453125,8658.300781,8653.017578,8650.534180,8637.066406,8633.030273,8632.829102,8625.349609,8624.148438,8621.885742,8621.885742]
}