{
"iteraciones": [50,100,125,150,175,200,225,250,275,300,325,350,375,400,425,450,475,500,525,550,575,600,625,650,675,700,750,775,800,825,850,925,950,975,1000,1025,1100,1125,1150,1200,1225,1250,1275,1300,1325,1350,1375,1400,1425,1450,1475,1525,1550,1575,1600,1625,1650,1675,1700,1725,1750,1775,1800,1825,1850,1875,1900,1925,1950,1975,2000,2025,2075,2100,2125,2175,2200,2225,2250,2275,2325,2350,2375,2400,2425,2450,2475,2500,2525,2575,2600,2625,2650,2675,2700,2750,2775,2800,2825,2875,2900,2925,2950,2975,3000,3025,3050,3075,3100,3125,3150,3200,3225,3250,3275,3300,3325,3350,3375,3400,3425,3450,3475,3500,3525,3575,3600,3625,3700,3750,3775,3800,3825,3850,3900,3925,3950,4025,4050,4075,4100,4125,4175,4200,4250,4300,4325,4375,4425,4450,4500,4525,4575,4625,4700,4725,4750,4775,4850,4875,4900,4925,4975,5000,5025,5050,5125,5175,5250,5275,5300,5325,5350,5375,5450,5475,5500,5525,5550,5575,5650,5900,6300,6325,6350,6375,6400,6775,6950,7250,7300,7350,8000,8050,8525,8700,8750,9050,12050],
"fitness": [14764.283203,14691.559570,14516.548828,14419.122070,14337.871094,14252.804688,14123.532227,14052.130859,14008.404297,13938.094727,13909.769531,13847.386719,13829.080078,13748.287109,13706.293945,13695.000000,13629.867188,13608.111328,13505.482422,13485.435547,13340.935547,13308.531250,13273.376953,13185.302734,13174.679688,13111.076172,13089.847656,13017.783203,12989.028320,12934.855469,12840.407227,12828.260742,12799.900391,12763.897461,12683.802734,12593.894531,12578.699219,12500.719727,12478.791016,12421.250977,12370.587891,12329.726562,12319.692383,12289.344727,12275.000977,12254.801758,12209.210938,12192.276367,12168.493164,12144.011719,12118.489258,12087.193359,12062.560547,12024.010742,11999.221680,11962.728516,11905.902344,11879.163086,11826.527344,11797.286133,11781.839844,11727.619141,11677.245117,11636.854492,11595.817383,11574.500977,11532.541992,11498.465820,11494.940430,11472.115234,11432.696289,11382.875000,11332.785156,11309.091797,11235.756836,11212.016602,11181.111328,11165.647461,11143.750000,11096.399414,11083.673828,11076.548828,11035.812500,10972.336914,10918.124023,10877.264648,10854.138672,10835.032227,10792.036133,10768.268555,10749.461914,10704.642578,10680.577148,10668.664062,10639.046875,10636.018555,10626.207031,10609.454102,10552.570312,10536.393555,10516.482422,10468.268555,10434.342773,10420.936523,10391.272461,10356.936523,10342.182617,10329.450195,10323.255859,10309.293945,10272.731445,10238.346680,10233.322266,10191.663086,10184.257812,10181.264648,10158.246094,10139.954102,10100.494141,10049.406250,10045.853516,10026.378906,9997.656250,9989.036133,9969.834961,9964.270508,9955.000000,9946.518555,9925.008789,9909.425781,9879.347656,9875.927734,9823.063477,9783.573242,9775.538086,9773.500000,9734.250000,9713.794922,9704.193359,9681.877930,9665.542969,9642.927734,9608.444336,9598.583984,9562.868164,9546.046875,9520.282227,9495.949219,9468.536133,9444.408203,9412.000000,9362.951172,9328.494141,9293.918945,9291.093750,9261.097656,9253.720703,9216.016602,9202.416992,9159.368164,9152.284180,9123.809570,9104.060547,9091.987305,9045.416016,9042.628906,9034.924805,9026.956055,9007.014648,8999.616211,8983.407227,8964.830078,8951.073242,8903.062500,8900.510742,8880.114258,8863.576172,8846.146484,8806.623047,8782.745117,8720.227539,8692.756836,8686.501953,8674.372070,8670.363281,8655.607422,8650.266602,8647.181641,8646.088867,8644.717773,8643.969727,8642.861328,8637.103516,8636.060547,8630.659180,8629.824219,8625.290039,8621.885742,8621.885742]
}