{
"iteraciones": [25,50,75,100,125,150,175,200,225,250,275,300,325,375,400,450,475,500,550,575,600,625,650,675,700,725,750,775,800,825,850,875,900,925,950,1000,1025,1050,1075,1100,1150,1175,1200,1225,1275,1300,1325,1350,1375,1400,1425,1450,1500,1525,1550,1575,1600,1625,1650,1675,1700,1725,1750,1825,1875,1925,1950,1975,2000,2025,2050,2075,2100,2150,2175,2200,2225,2250,2300,2325,2350,2400,2425,2450,2475,2500,2525,2550,2575,2600,2625,2650,2675,2725,2750,2775,2800,2825,2850,2900,2950,3000,3050,3075,3100,3150,3175,3225,3250,3275,3300,3325,3350,3375,3400,3425,3450,3475,3525,3550,3575,3600,3650,3675,3700,3725,3750,3775,3800,3825,3850,3875,3900,3925,3950,3975,4000,4025,4075,4125,4150,4175,4200,4225,4250,4275,4300,4325,4350,4375,4400,4425,4450,4475,4525,4625,4675,4725,4775,4825,4850,4875,4900,4925,4950,5000,5025,5050,5075,5150,5175,5200,5225,5250,5275,5300,5350,5400,5425,5450,5475,5525,5575,5600,5625,5700,5725,5750,5775,5800,5850,5900,5975,6000,6025,6050,6075,6100,6175,6200,6225,6250,6275,6300,6325,6350,6375,6550,6650,6675,6725,6750,6775,6800,6850,6875,6900,6925,7025,7075,7100,7125,7250,7275,7325,7350,7375,7400,7450,7475,7500,7550,7575,7825,7850,7900,7925,8400,8425,8500,8650,9200,9225,9250,9275,9450,9525,9800,10300,10325,10575,11300,14300],
"fitness": [14978.340820,14763.478516,14549.206055,14538.120117,14344.348633,14209.215820,14140.307617,13991.643555,13963.906250,13914.415039,13792.310547,13748.675781,13630.156250,13594.161133,13447.037109,13443.451172,13342.488281,13292.417969,13260.629883,13233.817383,13195.425781,13153.137695,13121.663086,13096.262695,13063.539062,13035.266602,13003.066406,12973.593750,12937.139648,12903.802734,12866.333008,12844.228516,12804.536133,12771.184570,12736.240234,12700.115234,12678.254883,12646.779297,12621.232422,12608.170898,12578.907227,12555.009766,12540.001953,12484.351562,12466.568359,12416.352539,12370.344727,12368.373047,12334.209961,12290.046875,12258.225586,12224.184570,12194.816406,12166.058594,12129.196289,12106.730469,12088.973633,12079.399414,12050.830078,12008.966797,11959.494141,11955.727539,11902.199219,11874.180664,11828.672852,11819.311523,11782.331055,11775.892578,11759.994141,11756.617188,11748.263672,11737.249023,11716.444336,11711.772461,11706.807617,11669.742188,11666.380859,11625.733398,11618.034180,11601.871094,11555.452148,11542.047852,11539.304688,11527.711914,11520.161133,11498.050781,11497.063477,11490.140625,11484.125000,11467.368164,11459.465820,11452.522461,11445.385742,11443.883789,11435.479492,11418.055664,11408.434570,11381.704102,11368.583984,11351.329102,11335.633789,11314.250977,11295.028320,11291.815430,11260.621094,11249.440430,11244.984375,11235.140625,11229.874023,11215.390625,11211.618164,11207.941406,11201.565430,11198.454102,11188.099609,11178.486328,11164.768555,11154.373047,11145.968750,11125.873047,11121.035156,11097.733398,11081.408203,11040.474609,11004.220703,10993.819336,10968.074219,10960.914062,10926.861328,10920.000000,10914.334961,10883.791016,10866.183594,10859.116211,10843.702148,10841.895508,10820.852539,10815.939453,10792.936523,10784.835938,10771.742188,10764.922852,10743.180664,10728.260742,10718.292969,10705.030273,10695.886719,10686.786133,10655.144531,10642.665039,10612.449219,10596.497070,10571.771484,10544.686523,10510.134766,10501.654297,10449.778320,10441.743164,10424.898438,10404.109375,10403.736328,10392.980469,10387.827148,10356.217773,10344.648438,10341.984375,10317.166992,10295.385742,10277.361328,10267.461914,10256.232422,10240.920898,10228.453125,10207.652344,10182.937500,10166.438477,10139.057617,10136.384766,10134.251953,10098.422852,10079.213867,10053.530273,10043.000000,10032.302734,10019.713867,10011.806641,10010.375977,9998.802734,9988.721680,9976.899414,9947.680664,9941.033203,9933.118164,9932.761719,9930.647461,9891.298828,9882.995117,9877.937500,9872.785156,9871.377930,9863.925781,9862.000000,9859.935547,9842.875977,9837.628906,9827.781250,9804.423828,9780.652344,9773.183594,9767.237305,9753.948242,9742.179688,9724.741211,9694.302734,9693.150391,9677.055664,9667.736328,9663.607422,9656.267578,9653.194336,9650.501953,9622.721680,9604.975586,9585.482422,9562.163086,9538.576172,9531.041016,9523.085938,9516.054688,9500.609375,9493.564453,9473.246094,9463.857422,9462.079102,9440.065430,9437.703125,9419.943359,9407.698242,9401.750000,9399.012695,9393.228516,9390.517578,9386.020508,9374.742188,9373.131836,9350.699219,9348.979492,9345.509766,9331.082031,9317.697266,9316.329102,9315.907227,9315.000000]
}