{
"iteraciones": [50,75,100,125,150,175,200,225,250,275,300,325,350,375,400,425,450,500,525,550,575,600,625,650,675,700,725,750,775,800,825,850,875,900,925,950,975,1000,1025,1050,1075,1100,1125,1150,1175,1200,1225,1250,1275,1300,1325,1350,1375,1400,1450,1475,1500,1550,1575,1600,1625,1650,1700,1725,1800,1825,1850,1875,1900,1925,1950,1975,2000,2025,2050,2075,2100,2125,2150,2175,2200,2225,2250,2275,2300,2325,2350,2375,2400,2425,2450,2500,2525,2550,2575,2600,2625,2650,2700,2725,2750,2775,2800,2825,2875,2900,2975,3000,3025,3050,3075,3100,3125,3150,3200,3325,3350,3375,3425,3500,3550,3575,3600,3650,3700,3725,3750,3775,3900,3950,3975,4000,4025,4050,4125,4175,4200,4250,4325,4375,4600,4675,4700,4725,4775,4900,5125,6700,6725,6775,6800,9800],
"fitness": [14956.690430,14775.258789,14679.840820,14511.800781,14384.708008,14229.320312,14096.252930,14030.194336,13960.227539,13884.872070,13827.857422,13778.677734,13681.557617,13637.035156,13604.439453,13529.503906,13457.551758,13383.935547,13296.184570,13249.286133,13213.851562,13110.649414,13080.333008,12968.113281,12851.032227,12758.083008,12757.064453,12666.583008,12633.959961,12565.006836,12508.613281,12505.571289,12437.115234,12394.367188,12355.895508,12313.770508,12299.202148,12261.519531,12241.366211,12173.759766,12152.738281,12125.143555,12062.084961,12049.377930,11982.366211,11930.479492,11877.809570,11850.273438,11806.662109,11792.793945,11759.701172,11710.816406,11653.124023,11585.344727,11503.921875,11489.890625,11414.861328,11383.287109,11347.958984,11270.109375,11266.250000,11212.688477,11154.708984,11051.181641,10958.790039,10904.214844,10893.940430,10877.823242,10820.959961,10791.243164,10756.546875,10739.989258,10733.276367,10674.863281,10620.473633,10561.003906,10551.488281,10520.730469,10516.593750,10484.609375,10465.236328,10398.009766,10361.330078,10345.000000,10291.295898,10266.087891,10227.573242,10195.938477,10153.537109,10151.490234,10063.202148,10020.127930,9995.661133,9957.367188,9923.807617,9907.191406,9873.374023,9788.817383,9780.510742,9736.200195,9703.969727,9645.724609,9643.456055,9561.573242,9527.668945,9485.942383,9472.126953,9400.887695,9376.263672,9372.306641,9310.677734,9276.386719,9243.780273,9225.394531,9187.270508,9152.370117,9145.081055,9141.310547,9124.044922,9084.401367,9073.401367,9048.000000,9017.950195,8995.782227,8973.496094,8971.210938,8961.402344,8931.452148,8912.553711,8909.539062,8894.053711,8890.807617,8882.617188,8864.955078,8854.644531,8841.352539,8838.889648,8823.601562,8819.619141,8784.709961,8769.924805,8759.491211,8740.723633,8732.738281,8699.395508,8664.301758,8645.632812,8626.728516,8625.215820,8624.148438,8621.885742,8621.885742]
}