{
"iteraciones": [25,50,75,100,125,150,175,200,225,250,275,300,325,350,375,400,425,450,475,500,525,550,575,600,625,650,675,700,725,750,775,800,825,850,875,900,950,975,1000,1025,1050,1075,1100,1125,1150,1175,1225,1250,1275,1300,1325,1350,1400,1425,1450,1500,1525,1550,1575,1600,1625,1650,1675,1700,1725,1750,1775,1800,1850,1875,1900,1925,1950,1975,2025,2050,2075,2100,2125,2150,2175,2200,2225,2275,2300,2325,2375,2400,2425,2450,2475,2500,2525,2550,2600,2625,2675,2700,2750,2775,2800,2825,2850,2900,2925,2975,3000,3025,3050,3075,3100,3125,3150,3225,3250,3300,3325,3375,3400,3425,3450,3475,3500,3525,3550,3575,3600,3625,3650,3675,3700,3725,3750,3800,3850,3900,3975,4000,4025,4050,4075,4125,4175,4225,4275,4300,4325,4375,4425,4450,4525,4575,4600,4675,4700,4725,4775,4800,4850,4950,4975,5025,5050,5075,5100,5125,5150,5175,5200,5375,5450,5475,5525,5550,5625,5650,5675,5725,5775,5875,5975,6000,6025,6675,6800,6850,6875,7425,8100,8125,8800,8850,9100,10300,13300],
"fitness": [15305.956055,15053.581055,14830.199219,14697.231445,14547.667969,14379.715820,14233.091797,14203.600586,14057.621094,14021.000000,13911.750977,13787.987305,13752.258789,13647.442383,13622.737305,13576.646484,13545.758789,13524.384766,13477.619141,13437.483398,13417.571289,13396.031250,13367.259766,13344.331055,13278.099609,13193.661133,13155.985352,13096.127930,13072.827148,13045.486328,12986.049805,12936.437500,12917.125000,12873.375977,12827.130859,12777.501953,12735.320312,12705.878906,12676.598633,12613.085938,12529.622070,12492.730469,12477.354492,12376.086914,12353.754883,12293.929688,12279.923828,12237.387695,12227.025391,12157.420898,12094.750977,12055.750000,12022.089844,12000.142578,11935.402344,11915.301758,11850.625000,11840.021484,11800.970703,11755.764648,11722.208984,11704.302734,11677.244141,11664.456055,11641.514648,11609.211914,11528.538086,11508.605469,11445.328125,11433.000000,11404.883789,11369.621094,11350.326172,11322.197266,11301.283203,11256.089844,11229.904297,11204.313477,11172.117188,11129.526367,11098.595703,11082.397461,11058.006836,11053.960938,11031.788086,10976.142578,10946.496094,10889.948242,10870.054688,10858.544922,10836.465820,10807.483398,10780.933594,10777.173828,10756.343750,10690.396484,10666.297852,10644.621094,10612.000000,10555.608398,10513.711914,10491.547852,10477.323242,10444.373047,10406.625977,10401.282227,10362.055664,10355.184570,10308.366211,10306.554688,10254.097656,10194.106445,10125.425781,10086.293945,10063.362305,10062.289062,9995.955078,9976.454102,9966.691406,9929.935547,9926.476562,9906.008789,9865.509766,9848.416016,9831.980469,9807.692383,9784.721680,9764.240234,9749.350586,9729.122070,9727.118164,9710.397461,9694.456055,9687.583984,9646.248047,9616.067383,9614.877930,9599.613281,9560.915039,9551.783203,9519.133789,9494.374023,9453.332031,9446.530273,9393.732422,9382.258789,9351.106445,9329.043945,9317.779297,9310.130859,9267.506836,9258.098633,9194.937500,9190.648438,9141.316406,9135.717773,9122.244141,9115.646484,9099.651367,9076.015625,9071.303711,9065.349609,9036.758789,9022.004883,9005.692383,8992.125977,8984.717773,8975.000000,8958.466797,8910.872070,8887.237305,8885.497070,8862.164062,8816.620117,8815.357422,8782.212891,8768.389648,8766.177734,8755.671875,8743.092773,8732.005859,8730.647461,8703.798828,8701.536133,8690.687500,8672.768555,8666.037109,8643.227539,8641.920898,8637.812500,8634.146484,8632.373047,8631.165039,8624.372070,8624.372070]
}