{
"iteraciones": [25,50,75,100,125,150,175,200,225,250,275,300,325,350,375,400,425,450,475,500,525,550,575,600,650,675,700,725,750,775,800,825,850,875,900,925,950,975,1000,1025,1050,1075,1100,1125,1150,1175,1225,1250,1275,1300,1325,1350,1375,1400,1425,1450,1475,1500,1525,1550,1575,1600,1625,1650,1675,1700,1725,1750,1775,1800,1825,1850,1900,1925,1950,1975,2000,2025,2050,2075,2100,2150,2175,2200,2225,2250,2275,2300,2325,2350,2375,2425,2450,2475,2500,2525,2550,2575,2625,2650,2700,2725,2750,2775,2800,2825,2850,2875,2900,2925,2950,2975,3000,3025,3050,3075,3100,3125,3150,3200,3225,3250,3275,3300,3325,3350,3375,3400,3425,3525,3575,3625,3650,3700,3725,3750,3800,3825,3850,3875,4025,4050,4075,4100,4125,4225,4250,4300,4350,4450,4500,4525,4550,4600,5000,5100,5550,6050,6200,6650,6675,8475,9000,9700,12700],
"fitness": [15041.427734,14851.295898,14730.912109,14664.532227,14551.670898,14446.208984,14346.803711,14280.743164,14211.270508,14103.196289,14065.829102,14028.536133,13978.552734,13922.676758,13858.330078,13770.645508,13658.291016,13631.961914,13554.657227,13503.000000,13450.946289,13421.172852,13333.053711,13281.347656,13216.202148,13118.194336,13020.461914,12946.491211,12933.081055,12862.044922,12842.500000,12751.041992,12727.737305,12670.092773,12608.140625,12499.905273,12478.367188,12456.650391,12376.020508,12352.967773,12305.074219,12210.991211,12155.408203,12093.791016,12061.582031,11965.645508,11919.533203,11916.507812,11896.730469,11832.488281,11778.992188,11719.801758,11676.055664,11632.573242,11532.804688,11474.730469,11430.867188,11392.473633,11358.762695,11343.094727,11296.601562,11178.640625,11172.244141,11154.389648,11077.448242,11067.645508,11029.538086,10919.292969,10900.953125,10873.243164,10845.546875,10795.135742,10754.554688,10704.841797,10582.632812,10574.326172,10529.797852,10489.412109,10474.421875,10442.108398,10391.487305,10362.212891,10317.066406,10288.182617,10259.264648,10242.001953,10233.887695,10209.212891,10190.641602,10131.569336,10087.305664,10043.954102,10009.739258,9981.535156,9954.598633,9922.465820,9905.802734,9847.468750,9819.000000,9795.823242,9748.875977,9723.920898,9721.805664,9706.149414,9686.250977,9647.946289,9632.359375,9578.784180,9557.450195,9522.342773,9512.444336,9485.781250,9461.486328,9451.055664,9424.922852,9401.678711,9365.765625,9364.087891,9320.795898,9298.623047,9273.716797,9271.771484,9228.901367,9227.198242,9182.528320,9180.073242,9171.569336,9159.960938,9145.582031,9134.659180,9076.156250,9023.833008,9008.388672,8967.535156,8948.690430,8942.882812,8903.094727,8889.345703,8879.246094,8870.739258,8840.455078,8835.880859,8819.536133,8814.603516,8802.253906,8797.015625,8785.803711,8780.922852,8776.143555,8737.304688,8723.911133,8700.825195,8682.155273,8660.588867,8654.584961,8653.247070,8647.207031,8641.073242,8640.900391,8635.475586,8631.165039,8626.612305,8623.272461,8621.885742,8621.885742]
}