{
"iteraciones": [25,50,75,100,125,150,175,200,225,250,275,300,350,375,400,425,450,475,500,525,550,575,600,625,650,675,700,725,750,775,800,825,850,875,900,925,975,1000,1025,1050,1075,1100,1125,1150,1175,1200,1225,1250,1300,1325,1350,1375,1400,1425,1450,1475,1500,1525,1575,1600,1625,1650,1675,1700,1725,1750,1775,1800,1825,1850,1875,1900,1925,1950,1975,2000,2025,2050,2075,2125,2150,2175,2200,2225,2250,2275,2300,2325,2350,2375,2400,2425,2450,2500,2525,2550,2600,2625,2650,2675,2725,2775,2800,2825,2875,2900,2950,2975,3000,3050,3075,3100,3125,3150,3175,3225,3250,3275,3300,3325,3350,3400,3425,3450,3475,3525,3550,3575,3625,3700,3850,3875,3900,3950,4000,4050,4075,4125,4225,4275,4575,4600,4625,4750,4775,4800,4825,4850,5050,5175,5800,6075,6150,6175,9175],
"fitness": [15203.039062,14973.796875,14955.579102,14610.962891,14409.304688,14383.239258,14173.777344,14014.712891,13918.324219,13858.751953,13757.466797,13604.347656,13541.995117,13502.072266,13464.097656,13421.212891,13396.082031,13361.670898,13291.651367,13269.789062,13157.222656,13090.437500,13044.583984,13005.934570,12909.910156,12877.093750,12814.678711,12803.314453,12769.521484,12733.544922,12673.197266,12662.614258,12584.583984,12544.107422,12510.681641,12422.209961,12356.287109,12340.420898,12292.729492,12250.620117,12200.935547,12158.534180,12097.398438,12084.641602,12050.468750,12007.583008,11939.095703,11870.666992,11836.128906,11802.476562,11763.413086,11709.208008,11667.795898,11634.171875,11602.250977,11575.916016,11550.944336,11456.686523,11378.188477,11366.298828,11320.323242,11266.499023,11211.347656,11171.106445,11120.148438,11101.350586,11070.374023,11064.103516,11022.087891,10999.402344,10944.707031,10904.014648,10840.493164,10814.535156,10790.514648,10778.994141,10731.471680,10680.258789,10630.279297,10610.911133,10579.943359,10521.693359,10511.214844,10449.257812,10391.558594,10379.736328,10316.289062,10283.833008,10256.953125,10211.746094,10181.165039,10163.358398,10115.790039,10035.124023,10030.547852,9957.320312,9935.935547,9897.081055,9895.770508,9822.795898,9781.255859,9754.960938,9692.109375,9642.760742,9611.666016,9582.062500,9516.132812,9511.196289,9469.447266,9417.350586,9389.444336,9380.955078,9352.756836,9321.216797,9277.980469,9260.232422,9257.164062,9227.651367,9208.661133,9178.739258,9167.654297,9152.595703,9111.155273,9110.790039,9066.274414,9052.980469,9041.354492,9039.000977,8976.346680,8899.416016,8896.549805,8879.799805,8862.000000,8847.209961,8824.129883,8823.827148,8799.494141,8781.310547,8778.251953,8748.556641,8745.136719,8729.251953,8707.276367,8706.052734,8689.364258,8677.967773,8676.932617,8672.195312,8654.725586,8649.873047,8634.785156,8627.891602,8624.148438,8621.885742,8621.885742]
}