{
"iteraciones": [25,50,75,100,125,175,200,225,250,275,300,325,350,375,425,450,475,500,550,575,600,625,650,675,700,725,750,775,800,825,850,875,900,925,975,1000,1025,1050,1075,1100,1125,1150,1175,1200,1225,1250,1275,1300,1325,1350,1375,1400,1425,1450,1475,1500,1525,1550,1575,1600,1625,1650,1675,1725,1750,1775,1800,1825,1850,1875,1900,1950,1975,2000,2025,2050,2075,2100,2150,2175,2200,2225,2275,2300,2325,2350,2375,2425,2475,2500,2525,2550,2650,2675,2700,2750,2800,2825,2875,2925,2950,3000,3025,3050,3075,3100,3125,3150,3200,3225,3250,3275,3325,3350,3375,3425,3475,3525,3550,3575,3625,3700,3775,3800,3875,3975,4000,4025,4075,4100,4125,4200,4225,4250,4275,4300,4325,4375,4425,4450,4475,4500,4550,4600,4650,4675,4750,4800,4950,4975,5025,5100,5175,5400,5850,5875,5900,5950,6075,6900,8000,8625,8675,8800,8850,11850],
"fitness": [15365.993164,15035.226562,14927.921875,14705.166016,14530.620117,14286.498047,14127.717773,14122.632812,14055.429688,13966.534180,13879.677734,13767.106445,13725.584961,13579.885742,13527.544922,13468.455078,13427.512695,13307.375000,13240.308594,13198.498047,13174.333984,13117.737305,13062.207031,13017.466797,12942.247070,12929.289062,12851.736328,12799.002930,12777.387695,12700.229492,12658.863281,12625.124023,12553.304688,12453.342773,12434.000000,12388.808594,12371.774414,12292.756836,12282.158203,12219.669922,12145.609375,12112.294922,12081.714844,11994.656250,11892.140625,11879.920898,11824.624023,11803.955078,11746.616211,11709.887695,11656.001953,11624.333984,11594.116211,11512.037109,11449.174805,11414.063477,11369.685547,11343.184570,11278.646484,11246.578125,11213.610352,11190.171875,11159.637695,11144.139648,11098.632812,11060.036133,11020.399414,11001.581055,10982.791016,10941.847656,10863.598633,10828.243164,10807.492188,10804.181641,10718.388672,10686.113281,10664.837891,10601.222656,10558.530273,10483.271484,10473.346680,10414.931641,10322.515625,10315.916016,10248.498047,10242.610352,10190.276367,10155.740234,10125.185547,10088.158203,10061.966797,10020.611328,9986.833984,9946.603516,9930.334961,9901.562500,9873.603516,9817.303711,9777.483398,9763.998047,9730.397461,9716.351562,9643.326172,9634.003906,9620.780273,9579.020508,9534.768555,9502.200195,9486.781250,9452.550781,9424.856445,9413.804688,9397.073242,9370.670898,9346.696289,9336.741211,9325.267578,9317.471680,9276.375977,9273.662109,9228.227539,9210.269531,9208.626953,9162.982422,9129.846680,9112.458984,9093.794922,9067.944336,9042.291016,9034.435547,8987.843750,8983.574219,8957.568359,8948.133789,8922.709961,8918.064453,8908.633789,8894.251953,8884.725586,8883.951172,8851.903320,8850.383789,8842.377930,8817.411133,8808.270508,8793.537109,8778.400391,8768.546875,8766.173828,8765.915039,8746.833008,8732.382812,8715.072266,8688.167969,8670.167969,8668.739258,8665.290039,8662.231445,8644.955078,8632.448242,8628.412109,8625.349609,8624.372070,8623.272461,8621.885742,8621.885742]
}