{
"iteraciones": [25,50,75,100,125,150,175,200,225,250,275,300,325,350,375,400,450,475,500,525,550,575,600,625,650,675,700,725,750,775,800,825,850,875,900,925,950,975,1000,1050,1100,1125,1150,1175,1200,1225,1250,1275,1300,1325,1350,1375,1400,1425,1450,1475,1500,1525,1550,1575,1600,1650,1675,1700,1725,1750,1775,1800,1850,1875,1900,1925,1950,1975,2000,2050,2075,2100,2125,2150,2175,2200,2225,2250,2275,2300,2325,2350,2375,2400,2425,2450,2475,2500,2525,2550,2575,2625,2650,2675,2725,2750,2775,2800,2825,2875,2900,2925,2950,2975,3000,3025,3075,3100,3125,3150,3200,3225,3250,3300,3325,3350,3375,3400,3425,3450,3475,3500,3525,3550,3575,3600,3625,3650,3675,3700,3750,3800,3825,3850,3875,3900,3950,3975,4000,4025,4050,4075,4100,4125,4150,4175,4200,4225,4275,4300,4325,4350,4400,4425,4450,4475,4500,4525,4550,4575,4600,4625,4675,4700,4750,4775,4800,4825,4850,4875,4900,4975,5000,5025,5050,5075,5100,5150,5175,5200,5225,5275,5325,5375,5400,5425,5450,5500,5525,5575,5600,5625,5650,5675,5700,5725,5750,5800,5825,5875,5900,5925,6125,6150,6200,6275,6400,6450,6475,6525,6600,6700,6750,6775,6825,6850,6875,6975,7000,7150,7200,7475,7500,7525,7975,8100,8675,8700,8725,8750,9725,12725],
"fitness": [15208.479492,15131.711914,14797.849609,14674.221680,14503.486328,14437.302734,14322.671875,14231.522461,14147.970703,14091.480469,14012.141602,13950.498047,13871.605469,13846.497070,13821.651367,13720.788086,13663.977539,13615.393555,13533.856445,13498.195312,13455.798828,13419.000000,13394.208984,13325.452148,13284.145508,13241.491211,13204.914062,13176.199219,13119.186523,13063.950195,13012.093750,12986.605469,12976.037109,12947.086914,12925.414062,12868.542969,12826.206055,12792.954102,12728.317383,12664.210938,12616.439453,12600.990234,12579.588867,12560.222656,12527.414062,12487.602539,12468.403320,12429.000000,12380.887695,12369.715820,12329.235352,12310.826172,12273.441406,12237.839844,12213.625977,12175.712891,12163.343750,12131.141602,12092.727539,12059.322266,12021.067383,12009.504883,11977.779297,11962.479492,11949.628906,11927.259766,11924.954102,11898.352539,11872.139648,11860.230469,11846.334961,11825.275391,11814.611328,11805.034180,11783.126953,11756.000000,11740.176758,11737.185547,11704.941406,11673.110352,11663.808594,11651.910156,11633.921875,11587.179688,11534.771484,11530.842773,11515.476562,11493.361328,11479.834961,11468.655273,11449.545898,11426.609375,11415.945312,11400.461914,11394.889648,11382.259766,11354.064453,11331.268555,11323.305664,11298.088867,11283.488281,11270.043945,11225.752930,11187.872070,11174.415039,11168.000000,11132.963867,11117.049805,11106.443359,11079.636719,11067.755859,11028.663086,11016.467773,11003.052734,10997.911133,10973.889648,10969.451172,10927.818359,10894.597656,10877.458984,10869.928711,10841.084961,10829.113281,10819.584961,10796.423828,10786.011719,10782.000000,10759.164062,10721.261719,10707.166016,10690.672852,10674.161133,10639.800781,10634.180664,10608.669922,10579.143555,10552.349609,10524.541016,10512.796875,10506.708008,10501.668945,10481.055664,10451.054688,10431.077148,10420.934570,10401.610352,10382.490234,10371.510742,10359.832031,10342.021484,10339.000000,10295.741211,10287.944336,10268.593750,10251.374023,10240.059570,10234.981445,10169.773438,10151.599609,10135.340820,10118.664062,10105.599609,10082.253906,10061.865234,10038.281250,10025.320312,10018.909180,9987.925781,9982.400391,9931.739258,9911.752930,9883.017578,9858.420898,9836.663086,9813.227539,9779.791016,9744.621094,9725.121094,9683.414062,9640.791016,9617.167969,9608.977539,9548.196289,9538.966797,9528.332031,9507.630859,9480.077148,9466.726562,9443.769531,9400.721680,9397.439453,9390.797852,9387.743164,9352.327148,9303.353516,9286.590820,9254.387695,9222.624023,9214.780273,9184.905273,9127.174805,9100.815430,9076.165039,9044.589844,9021.960938,9017.594727,8976.125977,8960.737305,8939.609375,8910.458984,8883.916992,8850.725586,8846.368164,8833.553711,8832.564453,8830.061523,8817.039062,8798.185547,8797.424805,8780.114258,8768.050781,8765.422852,8763.237305,8761.681641,8759.293945,8751.159180,8714.432617,8684.855469,8678.448242,8662.981445,8660.278320,8651.311523,8642.164062,8641.976562,8625.116211,8623.272461,8621.885742,8621.885742]
}