{
"iteraciones": [25,50,75,125,150,175,200,225,250,275,300,325,350,375,400,450,475,500,550,600,625,650,675,725,750,775,800,825,850,875,900,925,950,975,1000,1025,1050,1075,1100,1125,1175,1200,1225,1275,1300,1325,1350,1375,1400,1425,1450,1475,1500,1550,1600,1625,1650,1675,1700,1750,1775,1800,1825,1875,1900,1925,1950,1975,2000,2025,2050,2075,2100,2125,2150,2175,2200,2225,2250,2275,2300,2350,2375,2400,2425,2450,2550,2575,2600,2625,2650,2675,2700,2750,2775,2800,2825,2850,2875,2900,2925,2950,2975,3000,3025,3100,3125,3175,3200,3225,3250,3275,3325,3450,3475,3525,3625,3650,3675,3700,3725,3750,3800,3825,3850,3875,3900,3950,4025,4075,4100,4125,4150,4200,4300,4325,4350,4375,4400,4425,4550,4600,4625,4950,4975,5000,5050,5150,5250,5275,5375,5450,5550,5575,6200,6825,6875,6950,7550,8875,11875],
"fitness": [15247.311523,15002.410156,14675.250977,14578.340820,14279.831055,14255.983398,14000.192383,13942.989258,13799.411133,13706.606445,13618.930664,13598.322266,13472.613281,13458.000000,13348.000977,13293.249023,13195.467773,13120.221680,13016.286133,13000.589844,12911.065430,12871.836914,12787.830078,12723.464844,12694.617188,12675.245117,12652.635742,12618.045898,12573.294922,12554.216797,12495.099609,12440.912109,12421.546875,12341.210938,12290.820312,12268.455078,12205.744141,12171.953125,12130.781250,12074.599609,12019.537109,11944.939453,11876.192383,11830.890625,11808.156250,11749.005859,11709.477539,11633.769531,11612.274414,11555.041016,11541.083984,11486.911133,11398.411133,11344.564453,11274.731445,11229.678711,11128.879883,11107.317383,11030.520508,10991.818359,10968.745117,10964.937500,10855.725586,10807.734375,10795.570312,10742.270508,10680.380859,10665.659180,10635.208008,10590.847656,10518.545898,10488.365234,10455.178711,10423.418945,10360.696289,10342.191406,10300.470703,10286.274414,10243.425781,10216.215820,10150.894531,10109.712891,10088.635742,10077.627930,10036.638672,10007.590820,9957.485352,9927.886719,9897.478516,9884.176758,9841.840820,9829.674805,9796.741211,9781.482422,9744.283203,9714.196289,9685.397461,9658.953125,9625.628906,9582.957031,9542.154297,9513.276367,9512.629883,9499.279297,9487.172852,9479.068359,9451.477539,9439.000000,9418.632812,9405.151367,9350.505859,9338.074219,9288.382812,9276.701172,9243.869141,9209.541992,9199.937500,9160.825195,9151.297852,9117.528320,9094.566406,9083.812500,9078.202148,9069.085938,9058.506836,9050.206055,9031.801758,9026.575195,9001.691406,8988.063477,8981.223633,8958.078125,8930.505859,8903.372070,8876.376953,8867.664062,8849.502930,8843.234375,8840.788086,8836.896484,8823.653320,8821.018555,8763.315430,8756.562500,8733.839844,8719.806641,8709.669922,8702.690430,8701.025391,8697.850586,8686.322266,8664.852539,8651.041992,8636.848633,8632.448242,8630.710938,8628.510742,8626.720703,8625.349609,8624.148438,8624.148438]
}