{
"iteraciones": [25,50,75,100,125,150,200,225,250,275,300,325,350,375,400,425,450,475,500,525,550,575,600,625,650,675,700,725,750,775,800,825,850,875,900,925,950,975,1000,1025,1050,1075,1100,1125,1150,1175,1200,1225,1250,1275,1300,1325,1350,1375,1400,1425,1450,1475,1500,1550,1575,1600,1625,1650,1675,1700,1725,1750,1775,1800,1825,1850,1875,1900,1925,1950,1975,2000,2025,2050,2075,2100,2150,2175,2200,2225,2250,2275,2300,2350,2400,2425,2475,2500,2525,2550,2575,2600,2625,2650,2700,2725,2750,2775,2800,2825,2850,2875,2900,2925,2950,3000,3025,3050,3075,3100,3125,3150,3200,3250,3275,3300,3325,3350,3400,3425,3450,3475,3500,3525,3550,3575,3600,3625,3650,3675,3700,3725,3775,3800,3825,3850,3875,3900,3925,3950,3975,4000,4050,4075,4100,4125,4150,4200,4225,4250,4300,4350,4400,4425,4450,4475,4500,4550,4575,4600,4625,4675,4775,4800,4850,4875,4900,4925,5025,5050,5075,5100,5125,5150,5175,5200,5250,5275,5300,5325,5350,5375,5400,5475,5500,5550,5575,5625,5650,5725,5750,5925,6025,6050,6075,6100,6150,6275,6300,6350,6375,6400,6425,6775,6925,7075,7100,7150,7575,8500,8925,8975,9025,9050,9075,11225,14225],
"fitness": [14970.971680,14852.516602,14786.219727,14660.297852,14550.792969,14395.286133,14286.794922,14201.357422,14167.485352,14059.586914,14040.090820,14004.549805,13958.946289,13928.720703,13893.552734,13833.642578,13747.084961,13741.149414,13725.283203,13679.420898,13597.267578,13579.611328,13550.807617,13502.984375,13429.628906,13417.041992,13311.843750,13247.998047,13220.549805,13142.517578,13091.041016,13027.009766,13002.993164,12956.470703,12936.559570,12906.953125,12874.785156,12828.242188,12808.732422,12740.604492,12701.014648,12678.778320,12674.916016,12658.106445,12634.943359,12604.502930,12591.567383,12541.252930,12500.619141,12444.097656,12421.643555,12388.930664,12365.738281,12321.216797,12282.096680,12242.402344,12195.606445,12168.103516,12114.005859,12078.776367,12050.698242,12030.426758,12013.313477,11985.765625,11980.301758,11933.445312,11910.642578,11903.804688,11872.164062,11857.184570,11839.829102,11785.594727,11765.683594,11740.915039,11723.048828,11700.847656,11661.861328,11630.698242,11596.716797,11563.708008,11526.971680,11461.950195,11423.076172,11415.178711,11364.076172,11360.324219,11300.956055,11267.766602,11223.464844,11164.668945,11147.759766,11091.740234,11064.868164,11043.426758,11030.752930,10998.974609,10968.786133,10948.771484,10936.468750,10898.263672,10885.860352,10880.715820,10859.162109,10835.612305,10809.943359,10795.589844,10773.839844,10765.657227,10746.899414,10735.324219,10709.623047,10681.240234,10619.936523,10616.900391,10579.437500,10568.776367,10523.953125,10476.837891,10449.393555,10443.348633,10408.442383,10388.000000,10337.600586,10320.212891,10297.164062,10293.067383,10269.941406,10250.013672,10215.744141,10212.481445,10188.397461,10167.199219,10126.000977,10098.019531,10080.646484,10066.416016,10049.720703,10004.239258,9965.898438,9953.274414,9929.827148,9921.171875,9892.867188,9841.566406,9830.291016,9803.547852,9773.236328,9737.501953,9712.005859,9685.155273,9679.622070,9641.287109,9611.829102,9582.273438,9542.289062,9500.914062,9480.375000,9445.213867,9443.816406,9425.220703,9401.978516,9380.406250,9372.300781,9350.987305,9341.579102,9324.684570,9304.718750,9276.837891,9240.916992,9215.353516,9202.147461,9189.403320,9144.437500,9131.376953,9109.806641,9102.796875,9101.408203,9080.591797,9067.158203,9062.080078,9039.705078,9024.518555,9023.625977,8988.960938,8968.334961,8965.108398,8959.531250,8932.379883,8928.541016,8917.136719,8911.987305,8900.832031,8869.059570,8835.987305,8829.338867,8780.355469,8779.005859,8768.466797,8766.660156,8756.447266,8755.117188,8750.302734,8743.543945,8737.250977,8729.724609,8718.339844,8714.743164,8713.332031,8711.640625,8710.541992,8694.687500,8692.954102,8691.909180,8674.891602,8670.797852,8643.496094,8640.988281,8634.454102,8630.369141,8629.929688,8627.891602,8621.885742,8621.885742]
}