{
"iteraciones": [25,50,100,125,150,175,200,225,250,275,300,325,350,375,400,425,450,475,500,525,550,575,600,625,650,700,725,750,775,800,825,850,875,900,925,950,975,1000,1025,1050,1075,1100,1125,1150,1200,1225,1250,1275,1300,1325,1350,1375,1400,1425,1450,1475,1500,1525,1550,1575,1600,1625,1650,1675,1700,1725,1750,1800,1825,1850,1875,1900,1925,1950,1975,2000,2025,2050,2075,2100,2125,2150,2175,2200,2225,2250,2275,2300,2325,2350,2375,2400,2425,2450,2475,2500,2525,2550,2575,2600,2625,2650,2675,2750,2775,2825,2850,2875,2900,2950,3000,3025,3050,3075,3125,3175,3200,3225,3250,3275,3300,3325,3350,3375,3400,3425,3450,3500,3525,3600,3625,3650,3675,3700,3725,3750,3775,3800,3825,3850,3875,3925,3950,3975,4000,4075,4100,4125,4150,4250,4275,4300,4325,4350,4375,4400,4475,4500,4550,4650,4700,4725,4750,4775,4800,4825,4900,4975,5050,5175,5200,5225,5350,5875,5900,5925,5975,6000,6025,6050,6075,6100,6125,6250,6275,6925,7000,7100,7750,10750],
"fitness": [15338.520508,15046.547852,14834.589844,14779.961914,14717.010742,14630.586914,14527.948242,14507.227539,14391.782227,14365.781250,14272.762695,14254.764648,14179.819336,14148.459961,14074.159180,13998.648438,13987.563477,13926.850586,13902.208008,13798.374023,13715.629883,13644.457031,13628.214844,13601.205078,13495.275391,13448.534180,13418.694336,13366.696289,13358.446289,13300.494141,13253.991211,13223.637695,13177.990234,13169.278320,13110.252930,13086.578125,13066.713867,13013.795898,13010.445312,12951.135742,12934.093750,12883.892578,12873.969727,12792.946289,12726.220703,12651.940430,12636.073242,12562.737305,12547.838867,12475.585938,12439.812500,12400.095703,12342.787109,12323.014648,12282.691406,12263.008789,12223.999023,12189.665039,12135.661133,12126.652344,12100.515625,12078.790039,12050.069336,12023.021484,11990.882812,11959.709961,11850.668945,11781.854492,11763.014648,11735.058594,11706.927734,11611.853516,11597.247070,11542.945312,11536.136719,11498.512695,11470.121094,11414.775391,11367.748047,11313.188477,11278.449219,11239.789062,11196.612305,11179.575195,11120.090820,11088.355469,11048.064453,10990.639648,10982.528320,10971.745117,10951.784180,10912.672852,10899.122070,10853.191406,10805.180664,10780.943359,10717.892578,10706.255859,10676.654297,10638.656250,10607.575195,10575.840820,10532.409180,10502.754883,10482.423828,10421.715820,10386.068359,10361.030273,10293.904297,10256.111328,10225.813477,10191.472656,10163.631836,10142.763672,10061.925781,10050.889648,10044.069336,10020.683594,10001.612305,9987.402344,9964.709961,9912.198242,9891.143555,9875.558594,9832.885742,9822.686523,9782.085938,9752.979492,9724.291992,9711.026367,9698.598633,9672.790039,9660.320312,9638.124023,9613.945312,9598.243164,9580.371094,9554.833008,9516.462891,9485.125000,9453.895508,9412.684570,9392.547852,9352.083008,9313.737305,9290.672852,9277.187500,9248.367188,9240.666992,9225.312500,9188.190430,9171.843750,9164.677734,9142.027344,9112.612305,9079.583984,9071.000000,9002.843750,8991.001953,8989.831055,8984.853516,8973.283203,8967.597656,8953.862305,8939.054688,8928.643555,8897.171875,8871.550781,8863.792969,8854.584961,8846.041992,8817.910156,8781.021484,8767.527344,8749.286133,8740.852539,8716.229492,8710.940430,8702.049805,8688.170898,8686.422852,8685.128906,8684.046875,8682.570312,8658.113281,8632.315430,8629.221680,8624.296875,8621.885742,8621.885742]
}