{
"iteraciones": [25,50,75,100,125,150,175,200,225,250,275,300,325,350,375,400,425,450,475,500,525,550,575,600,625,650,675,700,725,775,800,825,850,875,925,950,975,1000,1050,1075,1100,1125,1150,1175,1225,1250,1275,1300,1325,1350,1375,1400,1450,1475,1500,1525,1550,1575,1600,1625,1650,1675,1700,1725,1750,1775,1800,1825,1850,1875,1900,1925,1975,2000,2025,2050,2075,2100,2125,2150,2175,2200,2225,2275,2300,2325,2375,2400,2425,2450,2475,2500,2550,2600,2625,2675,2700,2725,2750,2775,2800,2825,2850,2875,2900,2975,3000,3025,3075,3100,3125,3150,3175,3200,3250,3275,3300,3325,3350,3375,3400,3450,3475,3500,3525,3550,3575,3600,3625,3650,3675,3700,3725,3750,3775,3825,3850,3875,3900,3925,3950,3975,4025,4050,4075,4100,4125,4150,4175,4200,4225,4250,4275,4300,4325,4350,4375,4425,4450,4500,4525,4550,4575,4600,4625,4650,4725,4750,4775,4800,4850,4900,4975,5000,5025,5100,5150,5275,5325,5350,5400,5450,5475,5500,5525,5550,5650,5675,5700,5725,5800,5825,5900,5925,5950,6150,6225,6400,6725,6775,6875,6925,7100,7150,7975,8000,8200,8350,9225,9350,10450,11875,14875],
"fitness": [15357.571289,15092.855469,14956.232422,14752.416992,14582.339844,14424.541016,14422.676758,14290.207031,14174.875000,14156.121094,14066.056641,14056.165039,14019.634766,13992.793945,13941.538086,13937.512695,13896.560547,13828.409180,13796.095703,13711.687500,13697.004883,13642.129883,13599.759766,13544.670898,13524.432617,13457.733398,13437.777344,13392.180664,13344.146484,13299.839844,13233.787109,13226.437500,13120.068359,12982.624023,12919.175781,12894.268555,12857.527344,12710.437500,12664.191406,12584.940430,12529.982422,12515.745117,12449.800781,12412.852539,12390.344727,12357.239258,12327.536133,12309.410156,12290.612305,12272.399414,12234.693359,12202.488281,12175.646484,12171.000000,12147.530273,12133.182617,12127.570312,12071.881836,12061.382812,11969.315430,11943.466797,11941.056641,11885.397461,11857.326172,11847.968750,11818.900391,11773.810547,11769.951172,11714.529297,11674.363281,11649.431641,11588.472656,11580.462891,11574.058594,11535.541016,11507.006836,11473.136719,11463.136719,11449.757812,11434.524414,11415.419922,11403.984375,11370.636719,11326.533203,11293.009766,11243.855469,11227.000000,11179.061523,11144.006836,11115.676758,11080.320312,11039.606445,11007.857422,10980.164062,10948.776367,10927.308594,10907.625000,10905.020508,10873.917969,10823.490234,10820.740234,10792.077148,10765.939453,10762.178711,10728.120117,10711.792969,10700.734375,10665.526367,10635.217773,10631.527344,10619.802734,10598.714844,10560.860352,10542.857422,10524.862305,10505.824219,10476.044922,10462.418945,10423.629883,10376.328125,10322.448242,10318.734375,10274.914062,10260.528320,10234.247070,10223.870117,10190.740234,10164.035156,10125.313477,10109.401367,10094.330078,10085.754883,10062.741211,10035.808594,10020.172852,9985.877930,9947.520508,9943.552734,9907.654297,9868.164062,9833.118164,9817.126953,9783.695312,9774.679688,9746.453125,9733.069336,9702.817383,9671.412109,9662.823242,9661.031250,9660.698242,9611.337891,9586.816406,9546.948242,9545.822266,9470.702148,9446.449219,9430.136719,9415.857422,9363.563477,9356.914062,9345.993164,9299.785156,9290.586914,9283.123047,9277.886719,9261.592773,9246.700195,9218.855469,9198.692383,9175.196289,9165.474609,9163.572266,9130.942383,9078.177734,9040.795898,8987.812500,8967.771484,8950.761719,8926.411133,8896.448242,8887.753906,8880.853516,8835.125000,8817.877930,8813.937500,8803.271484,8793.714844,8780.432617,8774.277344,8765.641602,8759.938477,8746.000000,8740.808594,8731.042969,8728.983398,8721.110352,8715.445312,8693.783203,8683.038086,8679.150391,8677.853516,8668.058594,8665.791016,8664.167969,8649.713867,8637.466797,8633.539062,8630.810547,8629.685547,8627.663086,8621.885742,8621.885742]
}