{
"iteraciones": [25,75,100,125,150,175,200,225,300,325,350,375,400,425,450,475,500,525,550,575,600,625,650,675,700,725,750,775,800,825,850,875,900,925,950,975,1000,1025,1050,1075,1100,1125,1150,1200,1225,1250,1275,1300,1325,1350,1375,1400,1425,1450,1500,1525,1550,1575,1600,1625,1675,1700,1725,1750,1775,1800,1825,1850,1875,1900,1925,1950,2000,2050,2075,2100,2125,2150,2175,2200,2225,2250,2300,2325,2350,2375,2400,2425,2450,2500,2525,2550,2575,2600,2625,2650,2675,2725,2750,2800,2825,2850,2900,2925,2950,3000,3050,3075,3100,3125,3150,3175,3200,3250,3275,3300,3325,3350,3375,3400,3425,3450,3475,3525,3550,3600,3650,3700,3725,3750,3775,3825,3900,3950,4000,4025,4075,4125,4150,4175,4225,4250,4275,4375,4475,4500,4525,4550,4575,4600,4625,4650,4675,4725,4750,4775,4825,4950,4975,5050,5075,5175,5200,5225,5275,5300,5375,5425,5675,5700,5775,6600,6625,6650,6800,6825,6850,7150,7650,9000,12000],
"fitness": [15060.416016,14787.018555,14668.284180,14483.157227,14423.289062,14239.616211,14152.730469,13920.404297,13818.545898,13762.140625,13594.218750,13573.585938,13519.648438,13461.475586,13432.970703,13372.976562,13298.193359,13213.895508,13206.251953,13141.216797,13080.908203,13029.958008,12995.733398,12946.822266,12921.091797,12916.407227,12884.906250,12845.571289,12779.431641,12755.760742,12698.358398,12664.532227,12644.322266,12571.590820,12552.556641,12533.636719,12488.666016,12451.491211,12359.740234,12349.161133,12288.210938,12260.736328,12188.215820,12170.646484,12160.914062,12137.864258,12120.738281,12103.779297,12084.435547,12046.836914,12003.401367,11980.153320,11951.777344,11901.624023,11878.760742,11852.201172,11826.209961,11788.133789,11769.355469,11718.224609,11702.039062,11675.295898,11628.360352,11604.551758,11593.445312,11557.499023,11527.677734,11467.246094,11460.873047,11398.384766,11388.247070,11330.533203,11273.579102,11264.923828,11194.913086,11147.176758,11115.948242,11060.049805,11044.433594,11035.452148,10993.526367,10954.331055,10933.293945,10886.735352,10874.086914,10830.747070,10782.316406,10769.738281,10719.245117,10688.723633,10651.265625,10584.063477,10553.221680,10536.627930,10489.840820,10460.000000,10447.081055,10413.108398,10373.958008,10369.517578,10362.815430,10353.146484,10345.086914,10304.669922,10279.098633,10234.137695,10214.161133,10185.709961,10169.413086,10109.381836,10066.550781,10025.053711,9987.328125,9948.423828,9933.945312,9910.812500,9871.250000,9861.053711,9834.079102,9810.231445,9809.413086,9753.717773,9735.951172,9718.904297,9682.551758,9635.238281,9615.789062,9555.704102,9552.461914,9546.601562,9511.747070,9474.133789,9431.151367,9405.886719,9402.645508,9373.315430,9359.482422,9356.784180,9336.296875,9327.621094,9263.768555,9258.751953,9246.532227,9228.289062,9214.088867,9192.691406,9177.912109,9144.556641,9129.000000,9124.375977,9106.374023,9095.037109,9073.102539,9072.881836,9059.074219,9030.426758,9013.647461,9009.960938,8994.620117,8973.087891,8966.045898,8953.341797,8943.000000,8923.605469,8896.015625,8862.631836,8816.285156,8776.361328,8765.277344,8761.415039,8735.672852,8723.857422,8718.054688,8706.033203,8696.490234,8693.760742,8684.246094,8653.077148,8624.148438,8621.885742,8621.885742]
}