{
"iteraciones": [25,50,75,100,125,150,175,200,225,250,275,300,325,350,375,400,425,450,500,525,550,575,600,625,650,675,700,725,750,775,800,825,850,875,900,925,975,1000,1025,1050,1100,1125,1150,1175,1200,1225,1250,1300,1325,1350,1375,1400,1425,1450,1475,1500,1525,1550,1575,1600,1625,1650,1675,1700,1725,1750,1775,1800,1825,1850,1875,1900,1925,1950,1975,2000,2025,2050,2075,2100,2125,2150,2175,2200,2225,2250,2275,2300,2350,2375,2400,2425,2450,2475,2500,2550,2575,2600,2625,2650,2675,2700,2750,2775,2800,2875,2900,2925,2975,3000,3025,3050,3075,3100,3200,3225,3250,3275,3300,3325,3350,3375,3400,3425,3450,3475,3500,3525,3550,3575,3650,3700,3725,3750,3775,3800,3825,3850,3900,3925,3950,3975,4000,4025,4050,4075,4125,4150,4175,4200,4225,4250,4350,4400,4425,4450,4525,4550,4575,4625,4650,4675,4825,4900,4925,4975,5000,5025,5050,5075,5150,5350,5375,5400,5425,5475,5500,5600,5625,5675,5725,5750,5825,6575,6625,6750,6875,7625,7650,9450,12450],
"fitness": [15034.133789,14939.537109,14569.356445,14186.242188,14136.142578,14048.882812,13904.379883,13797.873047,13694.602539,13637.155273,13585.679688,13421.421875,13372.901367,13291.268555,13191.790039,13133.649414,13096.795898,13023.889648,12976.684570,12952.870117,12902.828125,12885.203125,12872.433594,12840.091797,12811.137695,12750.806641,12714.568359,12666.035156,12619.239258,12561.139648,12545.698242,12532.968750,12507.092773,12475.494141,12445.764648,12404.685547,12365.277344,12344.499023,12300.736328,12246.651367,12224.988281,12177.921875,12128.090820,12114.935547,12074.225586,12061.507812,12015.243164,12005.937500,11961.720703,11931.129883,11883.556641,11841.916016,11789.885742,11717.173828,11708.166992,11678.000000,11646.764648,11620.026367,11596.270508,11537.495117,11510.757812,11495.663086,11460.200195,11432.680664,11426.675781,11415.569336,11401.000000,11368.289062,11352.916016,11325.661133,11314.672852,11277.824219,11260.442383,11241.000000,11222.558594,11189.628906,11176.771484,11119.207031,11093.788086,11079.608398,11036.019531,11006.381836,10965.372070,10946.313477,10941.827148,10926.369141,10912.518555,10849.570312,10843.983398,10811.885742,10752.012695,10738.424805,10725.721680,10694.629883,10620.391602,10607.472656,10578.178711,10545.776367,10494.482422,10461.735352,10415.975586,10359.595703,10326.943359,10301.102539,10269.688477,10213.718750,10159.749023,10114.163086,10029.250977,10024.221680,9989.960938,9973.657227,9949.090820,9917.847656,9877.981445,9849.964844,9820.216797,9799.085938,9783.322266,9777.237305,9753.500977,9737.082031,9726.335938,9719.669922,9695.364258,9649.256836,9640.370117,9601.368164,9591.992188,9521.519531,9515.887695,9466.129883,9428.971680,9414.489258,9386.982422,9382.969727,9371.739258,9345.366211,9341.323242,9322.467773,9307.964844,9295.011719,9275.432617,9271.748047,9255.318359,9238.068359,9236.790039,9205.287109,9192.417969,9190.173828,9187.681641,9156.555664,9141.003906,9126.566406,9112.141602,9058.264648,9054.338867,9052.496094,8987.847656,8970.462891,8932.652344,8909.416992,8908.364258,8884.595703,8881.370117,8876.756836,8855.718750,8838.005859,8836.729492,8832.000000,8807.253906,8805.973633,8785.000000,8774.913086,8770.019531,8747.592773,8737.555664,8728.258789,8719.874023,8701.818359,8700.784180,8697.796875,8679.548828,8664.770508,8663.088867,8659.083008,8641.203125,8640.150391,8628.142578,8621.885742,8621.885742]
}