{
"iteraciones": [25,50,75,100,125,150,175,200,275,300,325,375,400,425,450,475,500,525,550,575,600,625,650,675,700,725,750,775,800,825,850,875,900,925,950,975,1000,1025,1050,1075,1100,1125,1175,1200,1225,1275,1300,1325,1350,1375,1400,1425,1450,1475,1500,1525,1550,1575,1600,1625,1675,1700,1725,1750,1775,1800,1825,1850,1875,1900,1925,1950,1975,2025,2050,2075,2100,2125,2150,2200,2225,2250,2275,2300,2325,2375,2400,2425,2450,2475,2525,2550,2575,2625,2650,2675,2700,2725,2750,2800,2825,2850,2900,2925,2950,2975,3000,3050,3075,3100,3125,3150,3175,3200,3225,3250,3275,3300,3325,3350,3400,3425,3450,3475,3500,3525,3550,3575,3600,3625,3675,3700,3725,3775,3800,3825,3850,3900,3975,4000,4025,4050,4100,4125,4150,4175,4200,4225,4325,4450,4500,4525,4575,4625,4700,4875,4900,4925,4975,5025,5100,5125,5200,5275,5350,5400,5425,5475,5500,5675,5725,5875,6075,6400,6450,6475,6875,6925,7175,7200,7250,7550,10550],
"fitness": [15176.298828,14978.240234,14770.266602,14763.049805,14574.549805,14448.218750,14354.984375,14115.849609,14083.208984,14026.887695,13918.645508,13854.667969,13820.306641,13717.505859,13678.798828,13585.263672,13537.744141,13462.916016,13426.566406,13369.570312,13366.327148,13287.683594,13266.944336,13170.411133,13123.977539,13036.145508,12975.623047,12944.519531,12921.826172,12874.851562,12838.874023,12791.509766,12710.750000,12682.888672,12658.621094,12615.843750,12560.150391,12526.995117,12479.600586,12422.435547,12377.334961,12361.091797,12295.344727,12257.054688,12186.326172,12143.732422,12125.565430,12060.678711,12042.242188,11999.627930,11990.681641,11927.441406,11900.806641,11856.601562,11823.228516,11786.063477,11752.522461,11746.207031,11725.660156,11666.176758,11643.458984,11604.242188,11575.831055,11565.110352,11537.741211,11523.315430,11460.293945,11446.472656,11361.126953,11351.949219,11323.029297,11286.750000,11214.614258,11195.489258,11132.564453,11106.244141,11094.342773,11069.508789,11017.968750,11001.679688,10932.861328,10896.198242,10869.874023,10834.148438,10779.460938,10755.000000,10733.690430,10714.272461,10701.759766,10663.089844,10650.722656,10610.418945,10538.669922,10528.508789,10497.814453,10443.514648,10405.443359,10393.966797,10358.615234,10289.444336,10284.246094,10217.713867,10194.999023,10165.413086,10140.650391,10118.655273,10105.845703,10062.865234,10059.252930,9999.381836,9973.426758,9953.024414,9935.917969,9877.157227,9866.874023,9837.009766,9831.022461,9803.546875,9788.040039,9783.958984,9754.451172,9752.656250,9726.238281,9718.742188,9691.316406,9682.322266,9649.325195,9644.206055,9633.923828,9607.445312,9587.018555,9582.527344,9544.479492,9538.029297,9520.493164,9493.254883,9464.482422,9435.317383,9403.183594,9382.250000,9364.949219,9319.245117,9285.322266,9265.845703,9252.931641,9231.202148,9218.407227,9180.412109,9161.499023,9140.414062,9110.835938,9101.871094,9080.120117,9018.898438,8970.637695,8934.086914,8898.280273,8869.736328,8852.850586,8834.141602,8833.812500,8820.716797,8811.640625,8807.419922,8786.624023,8782.679688,8764.902344,8763.624023,8745.012695,8732.497070,8726.711914,8722.000977,8707.040039,8688.498047,8678.474609,8675.579102,8673.265625,8660.813477,8639.885742,8625.349609,8624.372070,8621.885742,8621.885742]
}