{
"iteraciones": [25,75,100,125,150,175,200,225,250,275,300,325,350,375,400,425,450,475,500,525,550,575,600,625,650,675,700,725,750,775,800,825,875,900,925,975,1000,1025,1050,1075,1100,1125,1150,1175,1200,1250,1275,1300,1325,1350,1375,1400,1425,1450,1475,1500,1525,1550,1575,1600,1625,1675,1700,1725,1750,1775,1800,1825,1850,1875,1900,1925,1950,1975,2000,2025,2050,2075,2100,2125,2150,2175,2200,2225,2275,2300,2325,2350,2375,2400,2425,2475,2500,2525,2550,2575,2600,2625,2650,2675,2700,2725,2775,2825,2850,2875,2900,2925,2950,2975,3000,3025,3050,3075,3100,3125,3150,3175,3200,3250,3300,3325,3400,3525,3550,3575,3600,3625,3650,3675,3700,3725,3750,3800,3850,3900,3925,3950,3975,4025,4050,4100,4125,4150,4175,4200,4225,4250,4275,4300,4325,4350,4375,4400,4450,4475,4500,4550,4575,4600,4650,4675,4700,4725,4800,4825,4850,4900,5000,5025,5150,5175,5200,5225,5250,5275,5325,5350,5375,5400,5425,5500,5525,5550,5600,5625,5650,5675,5850,5950,6000,6025,6050,6250,6400,7025,7300,7525,8375,8425,8450,8475,8500,8525,8700,11225,14225],
"fitness": [15173.465820,14954.323242,14887.170898,14637.437500,14441.942383,14343.589844,14136.430664,14072.314453,13974.871094,13914.191406,13851.541992,13817.787109,13774.031250,13697.756836,13648.926758,13613.679688,13585.698242,13515.875977,13445.898438,13441.964844,13351.222656,13312.169922,13259.000000,13243.841797,13217.799805,13180.728516,13140.870117,13111.000000,13054.767578,13022.252930,12990.664062,12906.132812,12862.271484,12807.281250,12771.833008,12715.254883,12684.296875,12657.476562,12650.656250,12626.067383,12585.277344,12563.087891,12544.453125,12527.284180,12467.155273,12453.260742,12433.500000,12402.706055,12383.506836,12342.929688,12302.225586,12284.282227,12261.675781,12194.160156,12189.724609,12114.122070,12044.311523,12031.549805,11969.632812,11963.685547,11836.411133,11792.951172,11770.512695,11763.409180,11741.300781,11725.129883,11687.356445,11653.906250,11637.195312,11609.946289,11592.516602,11577.294922,11542.600586,11520.388672,11483.625000,11437.991211,11420.200195,11395.979492,11355.373047,11352.510742,11319.680664,11299.984375,11293.270508,11223.242188,11206.962891,11179.845703,11155.910156,11120.724609,11107.576172,11096.037109,11056.269531,11031.166016,11020.867188,10964.761719,10880.242188,10877.657227,10845.228516,10815.763672,10762.179688,10742.667969,10726.520508,10652.803711,10624.039062,10598.778320,10590.186523,10579.788086,10506.911133,10486.963867,10467.432617,10458.530273,10425.719727,10404.987305,10400.324219,10373.038086,10350.522461,10343.000000,10301.631836,10207.940430,10145.630859,10088.539062,10069.402344,10045.655273,9992.562500,9978.636719,9954.505859,9952.768555,9918.244141,9872.614258,9868.933594,9823.553711,9818.099609,9779.905273,9732.167969,9696.050781,9640.141602,9625.820312,9603.371094,9584.616211,9538.566406,9522.383789,9507.639648,9492.345703,9472.267578,9468.127930,9463.504883,9403.102539,9359.146484,9356.660156,9316.932617,9306.714844,9299.134766,9277.929688,9267.242188,9235.249023,9228.542969,9190.626953,9173.248047,9151.973633,9132.625000,9112.757812,9079.284180,9067.622070,9042.425781,9029.921875,9028.411133,9017.968750,9015.862305,9003.944336,8995.677734,8956.933594,8947.550781,8939.529297,8932.838867,8919.882812,8900.714844,8888.141602,8882.438477,8865.760742,8855.326172,8854.367188,8829.156250,8815.366211,8811.502930,8804.916992,8791.525391,8787.817383,8784.856445,8772.723633,8744.882812,8729.355469,8722.036133,8716.455078,8708.545898,8681.041016,8668.546875,8652.346680,8651.041992,8647.255859,8644.040039,8642.000000,8640.349609,8637.328125,8636.141602,8634.618164,8628.142578,8621.885742,8621.885742]
}