{
"iteraciones": [25,50,75,100,125,150,175,200,225,250,275,325,350,375,400,425,450,475,500,525,575,600,625,650,675,700,725,750,775,800,825,850,875,900,925,950,975,1000,1025,1050,1075,1100,1125,1150,1175,1200,1225,1250,1275,1300,1325,1350,1375,1400,1425,1475,1500,1550,1575,1600,1625,1650,1675,1700,1725,1750,1775,1800,1850,1875,1900,1925,1950,1975,2000,2025,2050,2075,2100,2125,2150,2175,2200,2250,2275,2300,2325,2350,2400,2425,2450,2475,2500,2525,2550,2575,2625,2650,2700,2750,2775,2800,2825,2850,2900,2925,2950,2975,3000,3050,3075,3100,3125,3150,3175,3200,3225,3250,3275,3325,3350,3375,3400,3425,3450,3475,3525,3550,3600,3625,3650,3675,3700,3725,3750,3775,3800,3850,3875,3925,3950,3975,4025,4050,4075,4100,4125,4150,4175,4200,4225,4250,4275,4300,4325,4350,4400,4450,4475,4500,4525,4550,4575,4600,4625,4725,4750,4775,4800,4825,4850,4875,4900,4925,4975,5000,5025,5050,5075,5125,5150,5175,5225,5250,5275,5325,5350,5400,5425,5475,5500,5525,5550,5575,5625,5650,5675,5775,5800,5825,5850,5875,5925,5950,5975,6025,6075,6100,6125,6150,6200,6275,6300,6325,6350,6375,6400,6425,6450,6475,6525,6550,6750,6800,6850,6925,7100,7125,7150,7175,7200,7350,7450,7475,7900,8000,8025,8050,8575,8600,8650,8675,8700,8750,9075,9100,9200,9225,9250,10050,10775,13775],
"fitness": [15365.259766,15210.163086,15001.704102,14881.969727,14746.452148,14640.460938,14519.635742,14463.722656,14313.528320,14218.570312,14091.549805,13995.000000,13939.621094,13833.182617,13820.105469,13765.836914,13756.570312,13729.229492,13663.171875,13591.228516,13573.519531,13537.552734,13528.646484,13467.838867,13358.243164,13311.075195,13277.320312,13240.619141,13199.463867,13157.006836,13120.259766,13073.670898,13019.051758,12970.317383,12950.512695,12920.000000,12901.652344,12844.984375,12795.753906,12780.067383,12756.361328,12722.906250,12695.022461,12690.496094,12660.756836,12603.551758,12581.415039,12572.218750,12536.011719,12515.599609,12490.019531,12468.085938,12458.927734,12424.686523,12381.238281,12369.374023,12305.366211,12296.800781,12258.405273,12214.529297,12171.966797,12165.000000,12129.606445,12104.725586,12089.461914,12046.409180,12013.659180,11972.462891,11934.453125,11910.791016,11879.831055,11850.181641,11834.007812,11816.048828,11806.010742,11790.461914,11771.567383,11757.503906,11747.916016,11719.151367,11698.496094,11674.671875,11651.446289,11625.148438,11599.350586,11591.864258,11562.471680,11516.498047,11513.000000,11508.094727,11466.282227,11464.125000,11437.383789,11431.000000,11408.148438,11398.792969,11382.498047,11362.971680,11351.632812,11346.095703,11330.248047,11325.344727,11296.693359,11290.293945,11273.654297,11269.609375,11254.329102,11232.241211,11199.123047,11192.461914,11187.854492,11167.345703,11152.630859,11133.682617,11111.365234,11082.443359,11077.910156,11048.964844,11047.401367,11038.276367,11024.923828,11011.872070,11010.666016,10984.458984,10971.443359,10944.691406,10942.113281,10914.469727,10897.101562,10885.087891,10858.104492,10849.658203,10820.360352,10785.008789,10760.556641,10714.318359,10685.943359,10661.564453,10658.483398,10646.521484,10630.447266,10603.169922,10584.227539,10575.149414,10564.000000,10552.707031,10541.483398,10528.688477,10512.751953,10501.945312,10495.971680,10461.687500,10457.241211,10425.719727,10405.002930,10377.831055,10349.718750,10336.113281,10333.840820,10325.391602,10320.260742,10315.338867,10311.035156,10293.498047,10230.542969,10224.483398,10198.000977,10175.152344,10171.671875,10134.991211,10096.692383,10089.508789,10053.410156,10029.992188,10018.076172,9996.534180,9976.221680,9962.317383,9935.155273,9907.083984,9892.470703,9862.891602,9845.000000,9812.402344,9804.343750,9785.825195,9770.487305,9763.830078,9716.469727,9705.378906,9683.147461,9666.773438,9656.667969,9649.372070,9632.857422,9607.278320,9559.001953,9519.179688,9512.811523,9503.291016,9441.929688,9409.813477,9340.371094,9330.862305,9301.180664,9288.469727,9283.391602,9280.778320,9258.222656,9245.041016,9239.966797,9190.022461,9189.613281,9123.231445,9121.821289,9098.473633,9079.090820,9065.483398,9041.641602,8993.046875,8991.488281,8970.320312,8958.639648,8920.249023,8904.447266,8886.577148,8861.201172,8860.628906,8849.573242,8831.461914,8830.700195,8817.690430,8791.209961,8778.188477,8768.495117,8735.089844,8727.900391,8711.656250,8705.736328,8703.760742,8701.951172,8676.737305,8672.708984,8655.730469,8645.504883,8639.561523,8636.012695,8634.029297,8629.929688,8625.215820,8621.885742,8621.885742]
}