{
"iteraciones": [25,50,75,100,125,150,175,200,225,250,275,300,325,350,375,400,425,450,475,500,525,550,575,625,650,675,700,725,750,775,800,825,850,875,900,925,950,975,1000,1025,1075,1100,1125,1150,1175,1200,1225,1250,1275,1300,1325,1350,1375,1425,1450,1475,1500,1525,1550,1575,1600,1625,1650,1675,1700,1725,1750,1775,1800,1825,1850,1875,1900,1925,1950,2000,2025,2050,2075,2100,2125,2150,2175,2200,2250,2275,2300,2325,2350,2425,2450,2500,2525,2575,2600,2625,2650,2700,2725,2800,2825,2850,2875,2900,2925,2950,3000,3025,3050,3075,3100,3125,3150,3175,3200,3250,3275,3300,3350,3375,3400,3425,3450,3475,3500,3525,3550,3600,3625,3650,3675,3700,3725,3750,3775,3800,3825,3850,3875,3900,3925,3950,3975,4000,4050,4075,4125,4200,4225,4275,4300,4325,4350,4400,4450,4500,4525,4550,4575,4625,4650,4675,4700,4725,4750,4800,4875,4900,4925,4950,5000,5025,5075,5100,5150,5175,5200,5225,5275,5300,5350,5475,5500,5525,5550,5600,5675,5700,5875,5975,6000,6025,6200,6250,6275,6300,6400,6450,6475,6500,6625,6925,6950,6975,7000,7925,8600,8675,8900,9400,9450,9900,9950,10025,13025],
"fitness": [15354.164062,15101.740234,14864.222656,14668.330078,14529.556641,14320.135742,14156.557617,14117.474609,14051.037109,13923.079102,13800.389648,13755.579102,13701.127930,13618.564453,13578.195312,13525.396484,13467.014648,13423.371094,13396.656250,13340.990234,13284.354492,13229.054688,13138.501953,13133.741211,13052.161133,13021.132812,12977.283203,12954.319336,12922.035156,12885.054688,12849.522461,12776.108398,12722.654297,12709.005859,12671.294922,12649.053711,12610.657227,12566.550781,12535.507812,12474.858398,12452.668945,12405.332031,12371.247070,12335.713867,12300.000000,12265.027344,12218.846680,12165.043945,12099.301758,12070.834961,12034.414062,11995.726562,11971.563477,11942.632812,11932.749023,11909.973633,11850.997070,11848.202148,11827.808594,11818.433594,11807.054688,11760.249023,11738.852539,11722.386719,11707.157227,11647.837891,11644.527344,11631.873047,11599.076172,11596.724609,11571.873047,11542.481445,11523.130859,11476.152344,11438.777344,11407.468750,11369.154297,11357.069336,11340.000000,11299.463867,11265.188477,11239.195312,11228.983398,11189.016602,11128.819336,11113.298828,11065.708008,11007.902344,10937.055664,10928.442383,10902.382812,10884.288086,10857.262695,10826.449219,10813.594727,10800.772461,10772.968750,10770.216797,10707.998047,10698.502930,10696.677734,10678.070312,10657.701172,10651.318359,10629.697266,10600.112305,10588.883789,10553.651367,10532.025391,10513.208008,10493.751953,10429.389648,10407.182617,10399.875977,10350.082031,10315.675781,10314.774414,10280.535156,10259.444336,10242.530273,10217.931641,10176.322266,10170.311523,10143.000000,10111.155273,10084.395508,10035.622070,10002.200195,9991.745117,9960.649414,9941.192383,9930.280273,9911.217773,9888.375977,9887.596680,9868.478516,9847.795898,9819.920898,9809.000000,9790.366211,9773.667969,9750.376953,9740.979492,9698.362305,9697.620117,9666.359375,9637.555664,9636.660156,9601.767578,9591.557617,9550.374023,9543.657227,9509.857422,9483.800781,9461.616211,9435.949219,9415.299805,9401.345703,9379.110352,9371.114258,9333.775391,9301.541992,9299.930664,9274.626953,9240.839844,9194.314453,9186.714844,9163.197266,9155.810547,9128.963867,9121.991211,9115.967773,9110.301758,9091.327148,9086.367188,9053.487305,9025.439453,9021.693359,8987.848633,8976.753906,8953.334961,8937.619141,8921.057617,8903.865234,8894.260742,8873.605469,8844.803711,8824.377930,8777.529297,8776.035156,8746.384766,8727.325195,8721.974609,8718.649414,8712.243164,8682.974609,8671.181641,8665.659180,8664.500977,8662.278320,8657.053711,8655.538086,8653.762695,8648.550781,8647.155273,8641.495117,8637.538086,8634.662109,8633.664062,8629.913086,8626.570312,8624.296875,8623.272461,8621.885742,8621.885742]
}