{
"iteraciones": [25,50,100,125,150,200,225,250,275,300,325,350,375,400,425,450,500,525,550,575,625,650,675,700,725,750,775,800,825,850,875,900,950,975,1000,1025,1050,1075,1100,1125,1175,1200,1225,1250,1275,1300,1325,1350,1375,1400,1450,1475,1500,1525,1550,1575,1600,1625,1650,1675,1700,1725,1750,1775,1800,1850,1875,1900,1925,1975,2000,2025,2050,2075,2100,2125,2150,2175,2200,2225,2275,2300,2325,2350,2375,2400,2425,2450,2500,2525,2550,2575,2600,2650,2675,2700,2725,2825,2850,2875,2925,2950,2975,3000,3050,3100,3125,3150,3175,3250,3275,3325,3350,3375,3400,3425,3475,3550,3575,3600,3625,3750,3775,3800,3850,3875,3900,3925,3950,4000,4025,4050,4075,4175,4250,4275,4300,4325,4350,4375,4450,4475,4500,4525,4575,4725,4750,4800,4975,5000,5025,5125,5150,5175,5350,5375,5425,5550,5800,5850,6100,6525,6700,7225,7675,7725,7825,8675,8700,8750,11750],
"fitness": [15250.077148,14744.041992,14614.650391,14493.167969,14201.991211,14149.948242,14065.817383,14016.138672,13937.952148,13833.963867,13758.776367,13676.004883,13627.019531,13563.638672,13532.378906,13420.503906,13404.965820,13322.589844,13270.900391,13190.340820,13095.666992,13068.110352,13034.505859,12997.139648,12966.455078,12936.395508,12887.402344,12817.667969,12766.007812,12697.170898,12677.460938,12579.562500,12487.583984,12467.818359,12427.553711,12386.399414,12343.857422,12261.768555,12248.000000,12157.147461,12116.886719,12098.314453,12051.847656,12028.019531,11980.238281,11929.490234,11902.529297,11857.588867,11821.989258,11767.801758,11688.662109,11670.473633,11643.957031,11572.649414,11548.677734,11521.793945,11449.260742,11426.087891,11369.040039,11324.991211,11269.891602,11243.076172,11219.910156,11152.815430,11095.962891,11069.625000,11041.633789,10996.867188,10937.419922,10905.377930,10874.181641,10851.615234,10818.746094,10752.733398,10745.166992,10738.769531,10688.992188,10685.872070,10653.083008,10597.675781,10557.428711,10535.459961,10521.794922,10466.266602,10442.256836,10404.234375,10374.122070,10350.900391,10335.309570,10308.688477,10276.440430,10273.601562,10239.130859,10197.485352,10192.535156,10176.080078,10119.197266,10098.676758,10063.796875,10022.677734,9990.921875,9937.297852,9856.860352,9822.758789,9781.570312,9759.258789,9726.773438,9706.687500,9669.676758,9656.127930,9643.632812,9619.258789,9605.878906,9598.873047,9596.000000,9559.458008,9525.402344,9508.719727,9483.750000,9481.900391,9437.864258,9422.069336,9412.308594,9352.492188,9350.429688,9316.813477,9288.000000,9275.649414,9243.728516,9210.519531,9198.687500,9166.000000,9134.989258,9106.055664,9091.431641,9070.009766,9045.958984,9032.748047,9031.212891,9004.006836,8990.104492,8962.125000,8937.881836,8909.025391,8889.708008,8880.206055,8841.362305,8823.563477,8808.365234,8794.322266,8786.017578,8773.403320,8757.053711,8726.363281,8723.585938,8700.871094,8692.588867,8663.755859,8662.530273,8656.725586,8650.450195,8648.269531,8645.383789,8644.275391,8641.146484,8634.737305,8631.628906,8630.778320,8628.349609,8624.373047,8624.373047]
}