{
"iteraciones": [25,50,75,100,125,150,175,200,225,250,275,300,325,350,375,400,425,450,475,500,525,550,575,600,650,675,700,725,750,775,825,850,875,925,950,975,1000,1025,1050,1075,1100,1125,1150,1175,1200,1225,1250,1275,1300,1325,1350,1375,1400,1425,1450,1475,1500,1525,1550,1575,1600,1625,1650,1675,1700,1725,1750,1800,1825,1850,1900,1925,1950,1975,2000,2025,2050,2075,2100,2125,2150,2175,2200,2225,2275,2300,2325,2350,2375,2400,2425,2450,2475,2500,2525,2550,2575,2600,2625,2650,2675,2700,2725,2750,2775,2800,2825,2850,2875,2900,2925,2950,2975,3000,3050,3075,3100,3125,3150,3175,3200,3225,3250,3275,3300,3325,3350,3425,3450,3475,3500,3550,3625,3650,3675,3700,3725,3750,3775,3800,3850,3900,3950,4000,4025,4075,4125,4175,4200,4225,4275,4325,4350,4375,4425,4625,4700,4925,4975,5025,5050,5100,5225,5450,5775,5875,5950,6000,6100,6475,6675,7100,7650,7725,7775,7925,8100,8225,11225],
"fitness": [14965.358398,14877.301758,14621.133789,14327.009766,14266.172852,14155.096680,14033.890625,13927.082031,13850.288086,13719.240234,13593.523438,13480.810547,13419.351562,13362.730469,13331.970703,13271.650391,13241.577148,13191.055664,13165.644531,13130.369141,13055.866211,13016.386719,12968.075195,12912.458984,12893.679688,12823.953125,12764.431641,12723.228516,12675.176758,12559.094727,12530.880859,12496.683594,12415.750977,12400.133789,12360.633789,12338.140625,12267.402344,12255.626953,12221.000000,12176.237305,12166.375977,12123.395508,12070.302734,12013.078125,11967.464844,11926.166016,11914.755859,11883.356445,11847.050781,11828.975586,11819.535156,11773.723633,11751.310547,11720.066406,11693.989258,11670.696289,11605.529297,11573.777344,11529.493164,11522.582031,11465.730469,11433.541016,11360.913086,11359.713867,11316.248047,11280.350586,11210.241211,11163.994141,11151.156250,11044.793945,11018.637695,10990.873047,10978.775391,10961.690430,10896.808594,10867.000977,10825.839844,10795.510742,10776.728516,10704.060547,10679.864258,10670.560547,10646.479492,10610.011719,10599.201172,10555.090820,10550.365234,10529.059570,10523.346680,10509.763672,10494.540039,10473.118164,10457.164062,10399.201172,10375.520508,10353.587891,10328.349609,10318.462891,10303.000000,10279.322266,10256.875000,10202.800781,10175.534180,10173.471680,10160.533203,10131.887695,10124.353516,10092.641602,10033.465820,10031.178711,10000.334961,9987.019531,9962.695312,9921.639648,9893.401367,9848.475586,9823.590820,9793.905273,9764.973633,9738.787109,9708.154297,9684.781250,9668.303711,9647.346680,9642.508789,9595.177734,9578.282227,9551.094727,9534.512695,9507.673828,9479.927734,9429.655273,9420.409180,9403.571289,9391.788086,9368.499023,9347.000000,9335.245117,9297.421875,9265.984375,9219.400391,9185.620117,9159.000000,9148.740234,9102.163086,9089.767578,9081.558594,9079.916016,9078.292969,9057.332031,9044.724609,8984.842773,8975.410156,8949.218750,8910.553711,8906.000977,8885.823242,8864.043945,8851.324219,8843.294922,8814.876953,8808.683594,8800.261719,8769.460938,8750.504883,8719.424805,8689.239258,8683.635742,8680.405273,8656.194336,8655.550781,8644.868164,8636.815430,8635.000000,8634.992188,8629.685547,8624.148438,8623.272461,8623.272461]
}