{
"iteraciones": [25,50,75,100,125,150,175,200,225,250,275,325,350,375,400,425,450,475,500,525,575,600,625,650,675,700,725,750,775,800,825,850,875,900,950,975,1000,1025,1050,1075,1100,1150,1175,1200,1225,1250,1275,1300,1325,1350,1375,1400,1425,1450,1475,1500,1525,1550,1575,1600,1625,1650,1675,1700,1725,1750,1775,1800,1825,1850,1875,1900,1925,1950,1975,2000,2025,2050,2075,2100,2125,2150,2175,2200,2225,2250,2275,2300,2325,2375,2400,2425,2450,2475,2500,2575,2600,2625,2650,2675,2700,2725,2750,2775,2800,2850,2900,2925,2950,2975,3000,3025,3050,3075,3100,3125,3225,3300,3325,3350,3400,3575,3600,3625,3650,3675,3750,3775,3800,3825,3850,3875,3900,3950,3975,4025,4050,4075,4150,4200,4250,4300,4325,4350,4400,4500,4525,4550,4600,4625,4650,4675,4700,4725,4750,4800,4825,4850,4900,4950,4975,5000,5025,5050,5100,5125,5150,5175,5200,5225,5250,5300,5325,5375,5400,5425,5450,5475,5500,5525,5550,5575,5600,5625,5650,5675,5700,5725,5750,5775,5800,5825,5850,5875,5900,5925,5950,5975,6025,6125,6150,6175,6200,6225,6250,6275,6300,6350,6400,6425,6450,6475,6500,6525,6550,6575,6600,6625,6650,6700,6725,6775,6850,6875,6900,6925,6950,6975,7000,7025,7175,7200,7250,7300,7325,7350,7375,7400,7425,7450,7500,7575,7600,7650,7725,7900,7925,7950,7975,8000,8025,8075,8125,8400,8425,8450,8725,8750,8775,8800,8825,8950,9000,9300,9325,9550,9600,9625,9650,9700,9775,11350,11400,13150,13175,13550,14575,17575],
"fitness": [15322.686523,15065.912109,14940.334961,14773.309570,14648.422852,14577.681641,14559.709961,14431.181641,14364.059570,14296.247070,14164.448242,14123.673828,14083.717773,14028.173828,13922.614258,13911.252930,13822.138672,13769.928711,13662.864258,13587.740234,13519.577148,13448.669922,13428.412109,13388.247070,13348.622070,13314.063477,13298.267578,13233.510742,13215.308594,13140.455078,13112.177734,13079.084961,13030.078125,12992.829102,12969.868164,12921.910156,12879.557617,12835.576172,12824.847656,12806.176758,12774.154297,12746.760742,12706.320312,12690.686523,12650.102539,12635.868164,12586.172852,12584.249023,12512.021484,12474.317383,12396.243164,12385.911133,12355.314453,12332.813477,12318.558594,12305.218750,12279.164062,12249.651367,12225.308594,12204.085938,12171.203125,12157.809570,12108.395508,12090.880859,12068.787109,12013.769531,11984.290039,11961.582031,11955.525391,11935.878906,11919.000000,11886.219727,11878.516602,11867.109375,11838.970703,11811.569336,11792.854492,11787.361328,11774.551758,11762.662109,11744.382812,11718.232422,11714.134766,11702.000000,11669.514648,11657.003906,11656.010742,11649.537109,11627.528320,11622.017578,11614.616211,11590.866211,11580.475586,11556.185547,11523.583008,11499.516602,11492.625000,11471.274414,11469.952148,11460.599609,11435.674805,11430.664062,11416.942383,11410.299805,11397.480469,11377.255859,11363.966797,11359.000000,11348.120117,11335.041016,11329.244141,11318.680664,11306.030273,11304.965820,11292.120117,11284.539062,11267.896484,11260.029297,11255.503906,11250.316406,11245.855469,11242.750000,11238.207031,11231.000000,11230.000000,11221.587891,11210.815430,11198.592773,11193.339844,11176.099609,11175.162109,11170.690430,11166.294922,11162.440430,11142.067383,11124.235352,11118.530273,11109.929688,11107.882812,11102.364258,11090.071289,11072.841797,11067.921875,11056.172852,11036.657227,11027.903320,11007.504883,10993.138672,10987.583984,10979.168945,10973.443359,10961.093750,10955.210938,10952.503906,10937.699219,10919.466797,10918.127930,10913.961914,10898.438477,10888.250000,10869.275391,10851.277344,10842.105469,10821.194336,10810.891602,10806.185547,10802.562500,10792.959961,10789.589844,10770.622070,10751.176758,10731.838867,10719.306641,10716.105469,10690.803711,10657.272461,10642.223633,10623.657227,10602.333008,10565.747070,10557.702148,10544.607422,10522.750000,10497.403320,10483.638672,10482.573242,10450.137695,10434.740234,10430.895508,10420.000000,10397.215820,10369.937500,10355.671875,10341.515625,10335.523438,10315.330078,10310.282227,10282.758789,10248.997070,10231.622070,10213.018555,10196.894531,10173.090820,10158.646484,10141.358398,10120.128906,10107.051758,10084.506836,10062.038086,10061.481445,10044.286133,10016.484375,9999.778320,9996.546875,9989.000000,9970.247070,9962.921875,9942.166992,9934.744141,9918.939453,9916.578125,9904.632812,9898.822266,9892.366211,9879.821289,9863.191406,9839.555664,9836.977539,9833.767578,9792.718750,9790.657227,9759.697266,9758.984375,9743.653320,9738.746094,9733.000000,9719.835938,9715.794922,9711.898438,9702.532227,9693.282227,9686.001953,9675.523438,9673.702148,9671.829102,9664.068359,9645.253906,9639.622070,9628.505859,9614.379883,9609.860352,9582.250000,9547.682617,9539.999023,9514.531250,9506.140625,9484.740234,9473.955078,9459.120117,9451.292969,9447.000000,9437.187500,9424.719727,9404.482422,9402.766602,9399.767578,9374.678711,9373.291992,9372.661133,9367.337891,9348.873047,9343.348633,9342.873047,9334.749023,9333.882812,9331.548828,9329.533203,9329.533203]
}