{
"iteraciones": [25,50,75,100,125,150,175,200,225,250,275,300,325,350,375,400,425,450,475,525,550,575,600,650,675,700,725,750,800,825,850,875,900,950,975,1000,1025,1050,1075,1100,1125,1175,1200,1225,1250,1275,1300,1325,1350,1375,1400,1450,1475,1500,1550,1575,1600,1625,1650,1675,1725,1775,1800,1825,1850,1875,1900,1925,1950,1975,2000,2025,2050,2075,2100,2125,2150,2175,2200,2300,2325,2350,2375,2400,2425,2450,2475,2500,2525,2575,2600,2650,2675,2700,2725,2775,2825,2850,2875,2900,2950,2975,3000,3025,3050,3075,3150,3175,3200,3225,3250,3275,3300,3375,3400,3425,3450,3475,3525,3550,3575,3600,3625,3675,3775,3800,3825,3850,3875,3950,3975,4000,4025,4050,4100,4125,4150,4250,4300,4325,4350,4400,4425,4450,4475,4500,4525,4575,4600,4625,4650,4675,4700,4725,4775,4800,4825,4850,4875,4900,4925,4950,4975,5025,5050,5100,5125,5150,5175,5200,5225,5250,5275,5300,5325,5350,5375,5425,5475,5500,5525,5575,5625,5650,5700,5725,5750,5775,5800,5825,5850,5875,5925,5950,6000,6025,6050,6100,6125,6150,6200,6225,6250,6275,6300,6325,6400,6425,6475,6500,6525,6550,6575,6600,6625,6650,6675,6700,6725,6775,6875,7200,7225,7250,7375,7525,7575,7700,7725,7800,7875,8050,8125,8200,8225,8250,8275,8375,8400,8825,8875,9575,11175,14175],
"fitness": [15342.609375,15039.373047,14946.833008,14802.266602,14683.994141,14556.327148,14373.399414,14264.342773,14256.680664,14183.543945,14063.694336,14018.385742,13979.561523,13924.926758,13875.700195,13821.132812,13781.117188,13741.719727,13610.438477,13602.655273,13476.919922,13455.999023,13356.271484,13312.649414,13279.736328,13262.948242,13231.816406,13114.143555,13112.698242,13068.362305,13021.282227,12986.083008,12928.210938,12887.257812,12853.205078,12814.627930,12783.374023,12766.227539,12733.073242,12713.960938,12620.138672,12592.260742,12547.101562,12517.625000,12477.155273,12434.230469,12419.000000,12372.850586,12354.699219,12313.971680,12268.197266,12243.463867,12231.939453,12208.953125,12150.703125,12122.302734,12106.922852,12051.442383,11988.490234,11943.059570,11916.959961,11880.305664,11826.676758,11809.971680,11754.094727,11742.299805,11737.102539,11726.945312,11718.920898,11714.760742,11698.667969,11695.441406,11669.402344,11666.754883,11634.677734,11632.380859,11594.730469,11582.734375,11553.306641,11541.604492,11534.229492,11517.168945,11493.077148,11484.169922,11458.859375,11456.329102,11443.513672,11426.250977,11411.160156,11393.002930,11377.654297,11375.509766,11372.328125,11362.650391,11351.945312,11322.617188,11311.878906,11310.076172,11290.114258,11267.048828,11248.450195,11233.820312,11205.765625,11199.468750,11191.379883,11177.149414,11157.300781,11156.800781,11133.347656,11115.727539,11072.119141,11064.045898,11037.271484,11022.911133,11012.287109,10972.663086,10958.033203,10929.718750,10898.100586,10874.681641,10860.383789,10842.268555,10838.933594,10800.995117,10778.268555,10769.597656,10750.037109,10729.330078,10692.534180,10687.249023,10676.137695,10636.811523,10622.602539,10593.719727,10592.973633,10575.829102,10544.667969,10521.755859,10508.839844,10480.173828,10456.631836,10455.769531,10426.603516,10411.051758,10406.556641,10390.451172,10353.995117,10344.756836,10313.876953,10306.524414,10301.399414,10266.055664,10244.000000,10200.520508,10182.305664,10160.361328,10158.753906,10150.403320,10122.421875,10107.886719,10078.661133,10059.599609,10016.174805,10008.826172,9983.732422,9950.587891,9929.461914,9921.444336,9891.226562,9876.214844,9844.349609,9833.807617,9801.562500,9787.250000,9773.274414,9758.583008,9729.701172,9714.191406,9684.272461,9673.680664,9622.760742,9576.454102,9549.562500,9522.329102,9491.466797,9479.605469,9444.817383,9442.178711,9426.061523,9414.943359,9392.437500,9344.087891,9341.220703,9267.762695,9256.212891,9251.621094,9212.291016,9208.138672,9195.101562,9142.566406,9135.543945,9103.962891,9089.116211,9087.978516,9061.866211,9026.727539,9011.459961,8972.998047,8962.001953,8954.149414,8952.138672,8946.236328,8915.726562,8914.407227,8889.583984,8881.746094,8874.027344,8853.721680,8839.556641,8837.676758,8810.857422,8795.728516,8789.205078,8757.427734,8741.386719,8723.262695,8719.305664,8715.051758,8704.539062,8693.358398,8690.808594,8687.687500,8665.733398,8663.684570,8657.888672,8652.719727,8647.004883,8645.806641,8641.580078,8630.710938,8627.740234,8624.148438,8621.885742,8621.885742]
}