{
"iteraciones": [25,50,75,100,125,150,175,200,225,250,275,300,325,350,375,400,450,500,525,550,575,600,625,650,675,700,725,750,775,800,825,850,875,900,925,950,975,1000,1025,1050,1075,1100,1125,1150,1175,1200,1225,1250,1275,1300,1325,1350,1375,1400,1425,1450,1475,1500,1525,1550,1600,1625,1650,1700,1725,1750,1775,1825,1850,1875,1900,1925,1950,1975,2000,2025,2050,2075,2100,2125,2150,2175,2200,2250,2275,2300,2325,2350,2375,2400,2425,2475,2500,2525,2550,2575,2600,2625,2650,2675,2700,2725,2750,2775,2800,2825,2850,2875,2900,2925,2950,2975,3000,3075,3100,3125,3150,3175,3200,3225,3250,3275,3300,3325,3350,3375,3400,3425,3450,3475,3500,3525,3550,3575,3600,3650,3675,3725,3750,3800,3825,3850,3875,3900,3925,3950,3975,4000,4050,4075,4100,4125,4150,4175,4200,4225,4250,4275,4300,4325,4350,4375,4400,4425,4450,4475,4500,4525,4550,4625,4650,4675,4700,4725,4750,4775,4800,4825,4925,4950,4975,5025,5050,5075,5100,5125,5150,5175,5200,5250,5275,5300,5325,5350,5425,5475,5525,5550,5575,5600,5625,5650,5675,5700,5800,5825,5875,5900,5975,6000,6050,6075,6250,6275,6300,6325,6350,6375,6400,6550,6600,6625,6650,6675,6700,6725,6800,7425,7625,7650,7675,7700,7725,7825,7850,7900,8450,8900,11275,14275],
"fitness": [15325.823242,15158.198242,14992.849609,14626.480469,14570.569336,14430.000000,14357.258789,14184.377930,14081.968750,14031.211914,13995.101562,13930.962891,13916.579102,13830.824219,13801.117188,13751.527344,13654.432617,13582.964844,13515.286133,13480.916016,13456.812500,13404.304688,13370.952148,13348.447266,13291.245117,13215.441406,13172.621094,13136.077148,13097.992188,13063.345703,13004.642578,12978.095703,12972.697266,12927.564453,12894.868164,12859.280273,12854.563477,12756.254883,12751.000000,12682.987305,12671.390625,12655.208984,12621.452148,12616.007812,12575.714844,12570.442383,12542.397461,12511.427734,12490.201172,12480.616211,12460.219727,12423.316406,12397.838867,12366.913086,12350.312500,12296.712891,12276.700195,12268.976562,12227.527344,12185.421875,12181.603516,12145.197266,12122.351562,12114.691406,12096.558594,12068.570312,12036.849609,12026.821289,11987.342773,11943.605469,11941.661133,11896.248047,11892.437500,11874.264648,11849.279297,11812.501953,11798.266602,11777.233398,11755.598633,11732.531250,11681.640625,11671.694336,11618.668945,11583.567383,11578.945312,11564.208984,11542.913086,11535.156250,11512.127930,11500.441406,11456.506836,11423.557617,11413.018555,11375.726562,11369.773438,11350.739258,11309.808594,11291.496094,11266.558594,11232.666992,11216.951172,11200.560547,11182.000000,11133.595703,11092.950195,11090.716797,11075.027344,11048.114258,11027.558594,11000.686523,10980.439453,10960.300781,10944.479492,10941.668945,10921.802734,10913.167969,10912.361328,10898.110352,10888.097656,10869.021484,10851.725586,10824.653320,10809.436523,10792.984375,10778.045898,10735.839844,10733.023438,10717.759766,10673.269531,10660.708008,10654.485352,10602.074219,10598.859375,10565.380859,10531.555664,10506.334961,10473.792969,10449.625977,10392.494141,10371.556641,10361.200195,10346.420898,10302.116211,10285.761719,10279.341797,10251.433594,10244.645508,10223.097656,10206.051758,10174.931641,10148.783203,10137.120117,10103.586914,10094.226562,10058.065430,10030.647461,10020.534180,9993.041992,9991.901367,9970.284180,9949.836914,9939.171875,9923.553711,9900.290039,9892.670898,9866.435547,9851.451172,9834.193359,9747.775391,9709.364258,9671.426758,9651.865234,9633.855469,9587.921875,9577.837891,9555.292969,9548.302734,9496.198242,9484.289062,9482.347656,9444.515625,9427.111328,9419.163086,9405.471680,9396.697266,9375.520508,9366.051758,9328.832031,9320.282227,9293.361328,9270.208008,9253.005859,9240.984375,9224.929688,9209.375000,9193.382812,9187.052734,9186.512695,9179.536133,9172.736328,9170.283203,9143.768555,9123.994141,9098.875977,9060.265625,9055.240234,9015.431641,9013.168945,8997.404297,8984.409180,8980.126953,8908.147461,8907.769531,8892.287109,8888.164062,8884.530273,8868.994141,8854.126953,8821.833008,8768.564453,8766.064453,8765.004883,8763.135742,8752.410156,8734.230469,8721.139648,8716.017578,8704.249023,8699.580078,8692.817383,8689.065430,8677.388672,8674.406250,8673.065430,8666.059570,8664.997070,8636.395508,8628.175781,8621.885742,8621.885742]
}