{
"iteraciones": [25,50,75,100,125,150,175,200,225,250,275,300,325,350,375,425,450,475,500,550,575,600,625,650,675,725,750,775,825,875,900,925,950,975,1000,1025,1050,1075,1100,1150,1175,1200,1225,1250,1275,1300,1325,1350,1375,1400,1450,1475,1525,1550,1575,1600,1625,1650,1675,1700,1725,1750,1775,1800,1825,1875,1900,1925,1950,1975,2025,2050,2075,2100,2125,2150,2175,2250,2275,2325,2350,2375,2400,2425,2450,2475,2500,2525,2575,2600,2625,2650,2675,2700,2725,2750,2775,2800,2825,2850,2875,2900,2925,2975,3000,3025,3050,3075,3100,3125,3150,3200,3225,3250,3300,3325,3350,3375,3400,3425,3450,3500,3525,3575,3600,3625,3675,3725,3800,3825,3850,3875,3925,3975,4000,4025,4050,4075,4100,4200,4250,4275,4300,4325,4350,4375,4400,4450,4475,4550,4575,4625,4650,4675,4700,4725,4750,4775,4800,4825,4875,4900,4925,4950,4975,5050,5075,5100,5125,5150,5175,5225,5350,5375,5400,5475,5550,5650,5700,5725,5750,5775,5825,5850,5875,5900,5925,5950,6000,6050,6075,6100,6200,6225,6250,6300,6325,6525,6550,6575,6900,7225,7450,7500,7525,7650,7700,9575,9825,9925,12925],
"fitness": [15293.166016,14890.833008,14736.976562,14621.291992,14527.599609,14419.927734,14276.316406,14112.406250,14072.437500,13961.760742,13818.041016,13686.040039,13608.644531,13567.135742,13461.970703,13406.792969,13365.948242,13295.623047,13220.931641,13150.625000,13113.483398,13085.954102,13055.466797,13041.950195,12949.659180,12938.582031,12936.849609,12852.108398,12762.771484,12691.584961,12637.027344,12583.681641,12519.940430,12447.810547,12404.294922,12371.734375,12359.147461,12288.368164,12247.304688,12208.895508,12130.563477,12081.610352,12072.762695,12041.780273,12023.495117,11979.076172,11967.299805,11931.708984,11915.714844,11836.175781,11787.302734,11739.468750,11735.756836,11709.960938,11672.901367,11640.841797,11610.558594,11606.237305,11580.169922,11550.000000,11524.767578,11464.235352,11438.516602,11431.845703,11378.751953,11339.158203,11306.516602,11249.621094,11240.892578,11181.083008,11174.226562,11140.363281,11100.088867,11099.853516,11079.973633,11050.125977,11007.639648,10983.798828,10937.980469,10910.388672,10908.451172,10872.355469,10865.805664,10835.437500,10813.763672,10792.947266,10776.458008,10740.179688,10723.303711,10714.749023,10702.138672,10685.387695,10680.637695,10648.882812,10609.111328,10593.037109,10560.284180,10545.419922,10524.127930,10485.396484,10474.106445,10463.624023,10424.801758,10400.153320,10362.875000,10345.000000,10327.373047,10318.695312,10281.362305,10278.329102,10245.258789,10225.079102,10206.435547,10176.352539,10157.627930,10154.832031,10126.688477,10097.009766,10057.735352,10055.800781,10026.699219,10015.947266,9991.117188,9989.829102,9982.103516,9974.932617,9963.610352,9933.534180,9909.169922,9902.403320,9887.401367,9864.059570,9844.265625,9814.283203,9791.543945,9756.929688,9746.186523,9703.562500,9681.129883,9667.955078,9653.000000,9618.394531,9588.444336,9556.931641,9531.338867,9500.519531,9462.740234,9433.285156,9417.124023,9388.234375,9364.797852,9341.445312,9301.186523,9290.576172,9269.839844,9259.620117,9255.641602,9234.572266,9230.111328,9220.908203,9210.518555,9196.724609,9193.551758,9188.000000,9113.671875,9089.513672,9042.034180,9028.928711,9013.190430,9007.477539,8996.548828,8987.189453,8974.780273,8968.772461,8943.769531,8930.700195,8917.785156,8902.207031,8890.776367,8876.765625,8863.407227,8849.751953,8841.194336,8838.870117,8825.000000,8807.930664,8796.570312,8768.858398,8761.101562,8742.166992,8716.617188,8712.415039,8711.916992,8690.968750,8689.682617,8685.240234,8679.894531,8677.682617,8672.209961,8666.807617,8664.261719,8663.825195,8655.868164,8653.477539,8644.990234,8641.670898,8633.467773,8632.654297,8625.290039,8621.885742,8621.885742]
}