{
"iteraciones": [25,50,75,100,125,150,175,200,225,250,300,325,350,375,400,425,450,475,500,525,550,575,600,625,650,675,700,725,750,775,800,825,850,875,900,925,950,975,1000,1025,1075,1100,1125,1150,1175,1200,1225,1250,1275,1300,1325,1350,1375,1400,1425,1450,1475,1500,1525,1550,1600,1625,1650,1675,1700,1725,1750,1775,1800,1825,1850,1875,1900,1925,1950,1975,2025,2050,2075,2100,2150,2175,2200,2225,2250,2275,2300,2325,2350,2375,2400,2425,2450,2475,2500,2525,2550,2575,2650,2675,2700,2725,2750,2775,2800,2825,2850,2875,2900,2925,2950,2975,3000,3025,3050,3075,3100,3150,3175,3200,3225,3250,3275,3300,3325,3350,3375,3400,3425,3450,3475,3500,3525,3550,3575,3600,3625,3650,3675,3700,3725,3750,3825,3850,3875,3900,3925,3950,3975,4000,4050,4075,4100,4125,4150,4175,4200,4225,4250,4275,4300,4325,4375,4400,4425,4450,4475,4500,4525,4550,4575,4600,4625,4650,4675,4725,4750,4775,4800,4825,4875,4900,4950,5000,5050,5075,5100,5150,5175,5200,5350,5400,5425,5475,5500,5525,5700,5725,5750,5775,5800,6175,6325,6700,6725,7125,7200,7650,8150,8175,8200,11075,11825,14825],
"fitness": [15218.639648,14971.648438,14709.931641,14614.522461,14475.065430,14281.534180,14266.347656,14185.420898,14048.551758,13919.802734,13871.999023,13810.000000,13777.007812,13732.743164,13660.032227,13656.774414,13614.749023,13595.222656,13544.778320,13503.734375,13418.060547,13409.420898,13322.190430,13278.344727,13230.634766,13171.695312,13147.005859,13119.606445,13083.417969,13033.916992,12966.959961,12937.236328,12898.660156,12843.857422,12789.798828,12744.873047,12714.336914,12667.151367,12634.102539,12560.605469,12527.049805,12454.117188,12449.560547,12407.340820,12367.978516,12339.860352,12325.593750,12292.045898,12261.699219,12221.803711,12165.109375,12162.696289,12140.055664,12101.367188,12080.474609,12055.268555,12045.597656,11999.905273,11982.112305,11889.831055,11875.062500,11840.889648,11796.364258,11775.457031,11747.809570,11732.520508,11696.698242,11681.110352,11641.299805,11640.530273,11545.519531,11516.623047,11504.581055,11498.340820,11476.311523,11440.183594,11401.947266,11391.552734,11365.053711,11335.541992,11301.629883,11292.913086,11265.265625,11240.611328,11205.179688,11180.941406,11153.801758,11131.760742,11097.268555,11080.291016,11057.933594,11052.737305,11019.049805,10974.710938,10931.409180,10894.689453,10893.767578,10856.434570,10837.460938,10799.719727,10777.613281,10769.416992,10757.593750,10716.323242,10706.303711,10669.580078,10665.682617,10640.400391,10637.673828,10604.732422,10569.911133,10549.371094,10541.885742,10520.458984,10507.096680,10496.883789,10459.298828,10427.131836,10419.192383,10400.973633,10356.183594,10344.556641,10318.988281,10291.119141,10260.518555,10244.280273,10215.194336,10170.647461,10167.971680,10112.867188,10106.556641,10052.909180,10034.852539,10011.483398,9988.617188,9985.235352,9975.694336,9942.599609,9935.534180,9922.023438,9869.123047,9840.483398,9803.057617,9782.621094,9760.466797,9738.595703,9710.272461,9705.605469,9687.790039,9670.629883,9649.601562,9628.959961,9620.997070,9615.346680,9607.268555,9593.990234,9579.949219,9551.692383,9532.345703,9530.100586,9514.873047,9469.383789,9449.459961,9422.124023,9399.538086,9379.025391,9369.677734,9337.392578,9330.383789,9312.000000,9287.807617,9272.085938,9263.160156,9246.171875,9215.851562,9178.355469,9169.071289,9117.856445,9104.654297,9102.688477,9090.908203,9061.010742,9051.541992,9036.058594,9032.743164,9005.375977,8995.923828,8993.287109,8991.658203,8950.098633,8942.282227,8925.610352,8887.507812,8858.502930,8849.301758,8808.352539,8807.592773,8790.132812,8752.211914,8748.000000,8722.344727,8710.073242,8704.524414,8684.075195,8665.177734,8663.459961,8662.119141,8639.350586,8637.813477,8630.741211,8629.685547,8625.215820,8621.885742,8621.885742]
}