{
"iteraciones": [25,50,75,100,150,175,200,225,250,275,300,325,350,375,400,425,450,475,500,525,550,575,600,625,650,675,700,775,800,825,850,875,925,950,975,1000,1025,1050,1075,1100,1125,1150,1175,1200,1225,1250,1275,1325,1375,1400,1425,1450,1475,1500,1525,1575,1600,1625,1650,1675,1700,1725,1750,1775,1800,1850,1875,1900,1925,1950,1975,2025,2050,2075,2100,2175,2200,2225,2250,2275,2300,2350,2375,2425,2475,2500,2575,2600,2625,2650,2750,2775,2800,2875,2925,2950,3000,3025,3050,3075,3100,3150,3175,3200,3275,3350,3375,3400,3425,3450,3475,3500,3525,3550,3600,3625,3650,3675,3700,3725,3750,3800,3825,3850,3875,3925,3950,3975,4000,4025,4050,4075,4100,4125,4175,4225,4250,4275,4300,4325,4350,4375,4400,4425,4450,4475,4500,4525,4550,4600,4625,4650,4675,4700,4725,4750,4800,4825,4850,4875,4900,4925,4950,4975,5000,5025,5050,5150,5200,5225,5250,5275,5300,5325,5350,5375,5400,5425,5475,5500,5525,5550,5575,5600,5625,5650,5700,5725,5775,5800,5825,5875,5900,5925,5975,6000,6050,6100,6125,6150,6175,6225,6250,6300,6325,6350,6400,6425,6450,6475,6500,6525,6550,6575,6600,6650,6675,6700,6725,6750,6775,6875,6900,6925,6950,6975,7000,7025,7050,7075,7100,7225,7275,7325,7350,7375,7400,7450,7475,7500,7525,7600,7650,7675,7700,7725,7775,7800,7850,7900,7950,8125,8150,8175,8200,8275,8425,8675,8975,9000,9025,9100,9875,11300,12925,13025,16025],
"fitness": [15418.256836,15286.255859,15024.707031,14535.440430,14452.820312,14378.427734,14251.689453,14105.837891,13954.977539,13884.340820,13838.946289,13684.914062,13657.966797,13490.407227,13454.907227,13451.313477,13390.000000,13346.323242,13301.843750,13281.590820,13251.253906,13215.198242,13190.855469,13177.660156,13152.617188,13116.218750,12997.131836,12975.994141,12892.795898,12884.395508,12834.855469,12767.939453,12730.466797,12684.443359,12648.614258,12611.742188,12497.256836,12490.363281,12427.535156,12426.964844,12380.552734,12351.642578,12338.098633,12272.929688,12224.582031,12200.819336,12142.112305,12107.573242,12097.148438,12064.912109,12043.226562,12041.806641,12015.000000,11980.664062,11962.987305,11955.029297,11938.970703,11922.215820,11914.365234,11888.277344,11885.990234,11846.067383,11830.924805,11826.584961,11804.214844,11771.416016,11729.386719,11724.505859,11679.895508,11651.314453,11619.506836,11600.346680,11586.985352,11576.736328,11537.589844,11528.527344,11512.999023,11491.444336,11468.860352,11438.972656,11429.081055,11417.988281,11389.320312,11374.533203,11368.338867,11354.410156,11347.005859,11343.986328,11334.998047,11307.923828,11293.524414,11269.951172,11254.589844,11245.998047,11235.544922,11221.405273,11205.455078,11202.890625,11196.583984,11179.401367,11171.298828,11169.750977,11168.086914,11157.929688,11135.756836,11112.438477,11111.813477,11102.592773,11096.435547,11083.233398,11055.553711,11053.577148,11050.982422,11044.921875,11038.731445,11036.859375,11017.020508,10998.875977,10978.927734,10973.902344,10944.367188,10929.712891,10921.142578,10907.290039,10889.747070,10880.114258,10854.742188,10847.712891,10839.822266,10803.069336,10795.229492,10760.720703,10758.000000,10753.464844,10746.527344,10737.060547,10736.600586,10726.217773,10722.752930,10706.183594,10699.710938,10688.609375,10674.017578,10665.631836,10649.537109,10624.092773,10617.040039,10601.435547,10577.744141,10571.227539,10563.005859,10553.525391,10549.386719,10542.188477,10538.380859,10530.587891,10505.638672,10504.667969,10479.257812,10444.293945,10435.633789,10429.738281,10410.319336,10406.664062,10384.437500,10375.063477,10342.588867,10331.351562,10313.127930,10308.621094,10275.692383,10246.000000,10223.788086,10221.723633,10191.440430,10188.704102,10175.571289,10150.395508,10138.874023,10110.515625,10093.021484,10053.476562,10050.092773,10008.312500,9987.133789,9973.477539,9954.654297,9923.627930,9904.882812,9886.545898,9869.124023,9855.091797,9816.478516,9795.426758,9758.541992,9724.105469,9703.703125,9695.911133,9689.132812,9645.350586,9632.955078,9616.955078,9562.503906,9551.516602,9510.721680,9490.763672,9487.366211,9476.728516,9457.894531,9428.363281,9400.129883,9388.806641,9369.652344,9354.641602,9303.524414,9289.858398,9265.017578,9239.806641,9217.509766,9202.160156,9200.238281,9156.543945,9154.466797,9117.778320,9093.966797,9088.739258,9085.248047,9081.104492,9043.053711,9032.696289,9025.938477,9012.455078,8975.132812,8959.119141,8953.228516,8935.286133,8891.041016,8888.594727,8877.725586,8867.732422,8865.455078,8846.918945,8838.875000,8825.744141,8810.465820,8773.651367,8754.548828,8752.978516,8724.659180,8712.098633,8686.984375,8683.107422,8680.563477,8679.216797,8673.683594,8672.836914,8666.875977,8658.412109,8647.314453,8638.240234,8635.215820,8629.929688,8627.891602,8625.918945,8624.148438,8621.885742,8621.885742]
}