{
"iteraciones": [25,75,100,175,200,275,300,350,375,400,425,450,475,500,525,550,575,600,625,650,675,700,725,775,800,825,850,875,925,950,975,1000,1025,1050,1075,1100,1125,1150,1175,1200,1225,1250,1275,1300,1325,1350,1375,1400,1425,1450,1500,1525,1550,1575,1600,1625,1650,1675,1700,1725,1750,1775,1800,1825,1850,1875,1900,1925,1950,1975,2025,2075,2100,2125,2150,2175,2200,2225,2250,2275,2300,2325,2350,2375,2400,2425,2475,2500,2525,2575,2600,2625,2650,2675,2700,2725,2750,2775,2800,2825,2850,2900,2925,2975,3000,3025,3050,3075,3100,3125,3200,3225,3250,3275,3325,3350,3375,3425,3450,3475,3500,3525,3550,3575,3625,3650,3675,3700,3725,3750,3775,3825,3850,3875,3900,3925,3950,3975,4000,4050,4075,4100,4125,4150,4175,4200,4225,4250,4300,4350,4375,4400,4425,4475,4500,4525,4550,4575,4600,4625,4650,4700,4750,4825,4850,4875,4900,4950,4975,5000,5025,5075,5125,5175,5200,5250,5275,5300,5325,5350,5375,5425,5450,5550,5575,5600,5625,5700,5725,5750,5775,5800,5825,5850,5900,5925,5975,6175,6200,6225,6250,6275,6300,6425,6450,6600,6625,6650,6675,6725,6750,6775,6875,6950,7025,7050,7075,7100,7300,7525,7700,7900,7925,8000,8025,8050,8250,8850,9625,9825,11250,12425,14475,17475],
"fitness": [15195.040039,15059.209961,14768.673828,14751.471680,14581.608398,14519.932617,14387.702148,14339.066406,14312.671875,14286.659180,14234.991211,14168.446289,14128.074219,14107.744141,14045.612305,13983.909180,13886.694336,13804.645508,13797.688477,13704.106445,13694.215820,13635.267578,13558.674805,13521.641602,13453.180664,13420.039062,13332.796875,13270.937500,13246.688477,13209.171875,13205.463867,13153.019531,13103.613281,13058.236328,13020.904297,12980.264648,12920.664062,12899.279297,12852.809570,12827.324219,12801.757812,12742.320312,12723.152344,12697.000000,12643.548828,12637.095703,12612.836914,12589.505859,12568.242188,12522.870117,12489.866211,12451.788086,12438.733398,12418.041016,12379.421875,12316.373047,12300.428711,12251.618164,12207.735352,12184.404297,12166.477539,12138.156250,12127.461914,12121.054688,12088.625977,12026.432617,12017.589844,11996.467773,11975.145508,11935.783203,11868.323242,11860.093750,11837.297852,11791.111328,11783.734375,11749.157227,11733.188477,11700.445312,11693.921875,11676.500000,11650.783203,11633.000000,11595.847656,11567.085938,11519.504883,11487.413086,11460.102539,11423.817383,11403.546875,11371.630859,11364.244141,11332.447266,11318.000000,11292.066406,11259.872070,11234.263672,11200.227539,11199.323242,11176.264648,11161.884766,11106.080078,11088.320312,11049.378906,11029.500977,11028.861328,11015.900391,11004.000000,10987.275391,10966.560547,10919.023438,10906.000000,10883.691406,10849.431641,10804.410156,10803.459961,10788.619141,10732.132812,10725.856445,10688.539062,10667.430664,10623.940430,10598.251953,10571.607422,10547.573242,10531.059570,10496.273438,10468.692383,10462.177734,10446.840820,10442.116211,10427.152344,10405.657227,10388.571289,10370.897461,10353.689453,10344.539062,10311.875000,10291.962891,10275.017578,10256.604492,10235.353516,10209.924805,10174.824219,10165.134766,10149.671875,10147.650391,10129.036133,10121.159180,10100.798828,10095.809570,10088.088867,10078.659180,10040.222656,10027.759766,9993.754883,9938.710938,9931.971680,9883.270508,9880.431641,9839.148438,9822.142578,9809.298828,9771.393555,9759.127930,9713.330078,9710.917969,9655.988281,9634.959961,9619.120117,9616.319336,9595.561523,9563.333008,9517.070312,9500.784180,9474.041992,9468.411133,9421.266602,9384.045898,9366.035156,9347.292969,9334.371094,9318.264648,9301.438477,9293.613281,9264.548828,9252.227539,9198.252930,9193.747070,9173.840820,9145.236328,9130.516602,9085.315430,9072.000000,9046.000000,9007.713867,9001.625000,8940.619141,8931.794922,8924.650391,8891.807617,8873.899414,8858.674805,8854.141602,8836.333008,8826.922852,8816.144531,8808.481445,8798.132812,8790.342773,8768.212891,8762.766602,8761.873047,8753.791992,8725.502930,8723.959961,8714.762695,8710.710938,8706.008789,8704.620117,8703.106445,8685.488281,8665.433594,8646.259766,8645.574219,8644.125000,8641.790039,8640.173828,8634.763672,8633.041016,8629.272461,8628.142578,8625.349609,8621.885742,8621.885742]
}