{
"iteraciones": [25,50,75,100,125,150,175,200,225,250,275,300,325,350,375,400,425,450,475,500,525,550,600,625,650,675,700,725,750,775,825,850,875,900,925,950,975,1000,1025,1050,1075,1100,1125,1175,1200,1225,1250,1275,1300,1325,1350,1375,1400,1425,1475,1500,1525,1550,1575,1600,1625,1650,1675,1700,1725,1750,1775,1800,1825,1850,1875,1900,1925,1975,2025,2050,2075,2100,2125,2150,2175,2200,2225,2250,2275,2300,2325,2350,2375,2450,2475,2500,2525,2550,2625,2650,2675,2700,2725,2750,2800,2825,2850,2875,2900,2925,2950,2975,3000,3025,3050,3075,3150,3175,3200,3225,3250,3275,3300,3350,3375,3400,3450,3475,3500,3525,3550,3575,3600,3625,3750,3825,3875,3925,3950,3975,4000,4075,4100,4125,4200,4250,4275,4300,4325,4350,4400,4450,4475,4500,4525,4725,4925,5000,5025,5050,5100,5150,5175,5200,5225,5275,5300,5400,5525,5775,5800,5825,6825,7100,7125,8225,8875,8950,11950],
"fitness": [15322.010742,15158.748047,14859.972656,14629.530273,14433.988281,14396.571289,14235.178711,14071.782227,14038.914062,13972.693359,13879.434570,13795.327148,13749.460938,13720.031250,13668.026367,13615.276367,13592.543945,13515.736328,13467.925781,13419.357422,13362.211914,13293.675781,13277.332031,13198.973633,13139.184570,13123.554688,13085.360352,13066.267578,13052.312500,13004.863281,12945.192383,12915.657227,12839.666992,12777.076172,12740.190430,12684.067383,12673.095703,12573.260742,12490.965820,12444.029297,12443.455078,12410.166016,12373.456055,12352.887695,12297.457031,12281.416992,12231.429688,12205.875000,12153.239258,12118.602539,12066.357422,12014.599609,12005.612305,11944.448242,11910.869141,11853.888672,11798.142578,11779.814453,11711.044922,11659.141602,11653.573242,11577.166016,11503.849609,11465.196289,11444.652344,11395.035156,11348.331055,11332.948242,11275.787109,11226.047852,11176.995117,11171.950195,11122.665039,11037.900391,10996.461914,10949.956055,10887.196289,10855.149414,10828.896484,10803.062500,10710.711914,10699.884766,10649.886719,10648.000000,10566.081055,10542.938477,10526.688477,10496.588867,10431.836914,10411.284180,10382.563477,10333.844727,10315.297852,10258.733398,10213.503906,10185.768555,10155.710938,10125.502930,10114.871094,10042.398438,10018.969727,9965.854492,9938.093750,9909.992188,9892.767578,9879.971680,9875.418945,9850.812500,9803.718750,9778.699219,9775.928711,9723.521484,9703.104492,9668.968750,9656.700195,9626.875977,9613.699219,9586.980469,9575.947266,9569.506836,9561.393555,9548.652344,9464.495117,9458.885742,9402.236328,9384.693359,9365.154297,9340.623047,9331.215820,9298.843750,9256.392578,9214.916992,9133.881836,9093.955078,9081.284180,9075.762695,9037.333984,9002.497070,8996.477539,8979.767578,8977.441406,8946.936523,8938.547852,8914.500000,8890.696289,8883.329102,8872.682617,8861.735352,8855.463867,8837.250977,8825.201172,8814.684570,8790.933594,8757.304688,8751.921875,8739.109375,8736.279297,8728.247070,8725.016602,8722.000000,8717.993164,8706.719727,8703.630859,8686.921875,8675.807617,8671.387695,8653.524414,8640.394531,8634.658203,8628.327148,8627.012695,8625.918945,8623.406250,8621.885742,8621.885742]
}