{
"iteraciones": [25,50,75,100,125,150,175,200,225,250,275,300,325,350,375,400,425,450,475,500,550,575,600,625,650,675,700,725,750,775,800,825,850,875,900,925,950,975,1000,1025,1050,1075,1100,1125,1150,1175,1200,1225,1250,1275,1300,1325,1350,1375,1400,1425,1450,1475,1500,1525,1550,1575,1600,1625,1650,1675,1700,1725,1750,1775,1800,1825,1850,1875,1900,1975,2000,2050,2075,2100,2125,2150,2250,2275,2300,2325,2375,2400,2425,2450,2475,2500,2525,2550,2575,2600,2650,2700,2750,2800,2850,2875,2900,2950,3000,3050,3075,3125,3150,3175,3200,3250,3325,3350,3375,3400,3425,3475,3500,3525,3550,3575,3600,3625,3650,3675,3700,3725,3750,3775,3800,3825,3850,3875,3900,3925,3950,3975,4000,4025,4050,4075,4125,4150,4200,4225,4250,4275,4325,4350,4375,4400,4425,4450,4475,4500,4525,4550,4625,4650,4675,4700,4750,4775,4825,4850,4875,4900,4925,4950,4975,5000,5025,5050,5075,5100,5125,5150,5175,5200,5225,5250,5275,5300,5350,5375,5425,5450,5475,5500,5550,5575,5625,5675,5700,5725,5775,5800,5825,5850,5900,5925,5950,5975,6000,6025,6050,6075,6100,6125,6150,6200,6225,6250,6275,6300,6325,6350,6400,6475,6500,6525,6550,6575,6600,6650,6675,6700,6750,6775,6800,6825,6850,6900,6975,7000,7025,7050,7100,7150,7175,7225,7250,7275,7300,7325,7350,7375,7400,7425,7475,7525,7550,7600,7625,7675,7725,8125,8150,8175,8200,8225,8250,8275,8300,8325,8350,8375,8425,8475,8600,8650,8675,8700,8750,8800,8925,8975,9075,9100,9200,9300,9325,9350,9525,9650,10250,10275,10325,10775,10875,10925,11575,13275,13425,15725,15750,18750],
"fitness": [15290.983398,14977.814453,14768.740234,14621.375977,14569.195312,14393.064453,14314.425781,14268.721680,14129.025391,14057.556641,13938.016602,13882.503906,13828.708008,13758.464844,13734.243164,13677.917969,13647.000000,13610.918945,13521.044922,13399.849609,13387.394531,13339.380859,13269.791016,13233.485352,13214.822266,13183.210938,13170.322266,13129.014648,13091.192383,13053.316406,13035.754883,13003.767578,12968.614258,12932.813477,12872.892578,12827.041992,12802.899414,12769.629883,12728.647461,12692.010742,12635.652344,12615.241211,12574.242188,12550.071289,12511.123047,12493.698242,12429.822266,12411.925781,12380.445312,12374.557617,12329.468750,12292.862305,12272.234375,12258.340820,12236.215820,12223.930664,12173.115234,12131.123047,12082.352539,12070.706055,12051.087891,12044.420898,12021.466797,12014.786133,11969.911133,11952.591797,11947.778320,11921.654297,11909.308594,11889.158203,11871.144531,11852.065430,11838.246094,11835.550781,11807.767578,11805.136719,11779.960938,11773.040039,11765.993164,11758.723633,11748.907227,11715.888672,11703.183594,11669.350586,11658.836914,11608.345703,11595.546875,11591.381836,11579.307617,11573.536133,11557.188477,11545.600586,11523.973633,11509.877930,11500.041992,11482.591797,11465.903320,11459.274414,11445.009766,11441.760742,11433.049805,11429.847656,11404.387695,11391.589844,11378.931641,11375.245117,11364.091797,11351.703125,11343.079102,11336.000000,11323.638672,11289.322266,11287.445312,11267.549805,11261.083008,11252.730469,11250.112305,11240.842773,11236.818359,11230.862305,11226.076172,11220.707031,11208.912109,11198.620117,11180.805664,11174.973633,11169.679688,11163.344727,11157.101562,11153.998047,11152.056641,11141.876953,11138.375977,11125.015625,11114.778320,11111.239258,11093.734375,11090.501953,11073.885742,11067.727539,11051.691406,11042.789062,11028.181641,11015.124023,11010.813477,10988.892578,10979.982422,10967.000000,10957.772461,10950.554688,10937.884766,10916.151367,10913.012695,10907.218750,10905.729492,10885.634766,10875.137695,10841.305664,10821.650391,10797.041992,10791.000000,10756.711914,10749.132812,10717.205078,10708.957031,10696.607422,10682.344727,10663.071289,10660.363281,10658.161133,10644.759766,10624.510742,10620.937500,10592.102539,10581.748047,10569.701172,10558.362305,10546.410156,10533.496094,10523.554688,10501.873047,10493.415039,10490.000000,10469.419922,10461.818359,10444.107422,10430.451172,10416.205078,10408.957031,10396.074219,10391.104492,10378.839844,10362.274414,10352.128906,10317.987305,10303.012695,10291.755859,10276.835938,10256.821289,10229.833008,10212.092773,10203.971680,10175.933594,10167.451172,10156.826172,10133.544922,10126.814453,10111.318359,10086.230469,10077.890625,10044.134766,10003.562500,10000.769531,9985.570312,9969.785156,9950.405273,9916.358398,9891.433594,9851.500977,9831.982422,9818.203125,9804.750977,9784.717773,9776.908203,9763.083008,9760.168945,9745.159180,9702.954102,9686.193359,9651.143555,9624.033203,9622.765625,9574.610352,9534.757812,9520.783203,9481.570312,9462.951172,9419.766602,9416.058594,9415.848633,9376.516602,9371.834961,9363.425781,9335.793945,9286.095703,9262.167969,9253.520508,9220.703125,9195.839844,9167.936523,9113.134766,9107.957031,9092.690430,9090.085938,9070.834961,9052.348633,9017.390625,9003.858398,8981.000000,8958.554688,8957.791016,8947.658203,8942.688477,8940.492188,8931.352539,8919.219727,8915.980469,8910.320312,8904.266602,8897.278320,8877.364258,8862.412109,8846.636719,8839.755859,8829.445312,8815.110352,8774.307617,8769.623047,8767.986328,8764.343750,8761.505859,8759.727539,8731.910156,8728.651367,8718.359375,8705.944336,8691.320312,8682.981445,8681.697266,8679.119141,8673.194336,8652.892578,8647.572266,8646.941406,8635.726562,8624.148438,8621.885742,8621.885742]
}