{
"iteraciones": [25,50,75,100,125,150,175,200,225,250,275,300,325,350,375,400,425,450,475,500,525,550,575,600,625,675,700,725,775,800,825,875,900,925,950,975,1000,1025,1050,1075,1100,1125,1150,1175,1200,1225,1250,1275,1300,1325,1350,1375,1400,1425,1450,1475,1500,1525,1550,1575,1600,1625,1650,1675,1700,1725,1750,1800,1825,1850,1875,1900,1925,1950,1975,2000,2050,2075,2100,2150,2175,2200,2225,2250,2300,2325,2375,2400,2425,2450,2475,2500,2525,2550,2575,2600,2650,2700,2725,2750,2775,2800,2825,2850,2875,2900,2950,3025,3050,3100,3125,3150,3175,3200,3225,3250,3275,3300,3325,3350,3375,3425,3475,3500,3525,3550,3575,3625,3650,3675,3700,3725,3750,3775,3800,3850,3875,3950,4075,4125,4175,4200,4225,4250,4275,4300,4325,4375,4450,4475,4500,4550,4575,4600,4625,4650,4825,4850,4875,4900,5050,5175,5200,5425,5475,5500,5525,5550,5575,6075,6100,6225,6250,7125,7150,7350,7375,7425,8225,9300,9425,12425],
"fitness": [15316.108398,14946.686523,14860.874023,14462.239258,14337.479492,14269.445312,14094.809570,14014.614258,13912.218750,13829.678711,13753.241211,13648.618164,13553.697266,13512.186523,13470.546875,13417.394531,13378.200195,13343.347656,13289.110352,13246.577148,13209.153320,13188.718750,13165.264648,13116.126953,13064.604492,13003.222656,12958.940430,12863.054688,12829.131836,12776.441406,12719.372070,12672.064453,12656.226562,12619.791992,12564.974609,12560.804688,12517.507812,12497.065430,12455.095703,12424.678711,12363.224609,12357.977539,12320.960938,12277.635742,12253.634766,12204.883789,12145.749023,12131.002930,12089.102539,12061.485352,12012.139648,11978.813477,11900.989258,11869.680664,11843.518555,11806.476562,11801.567383,11747.981445,11731.729492,11659.164062,11656.797852,11636.736328,11542.289062,11539.600586,11510.004883,11483.614258,11448.344727,11421.125000,11398.856445,11373.373047,11366.625000,11319.198242,11315.570312,11251.224609,11189.273438,11156.942383,11123.388672,11113.931641,11042.059570,11004.568359,10996.010742,10985.800781,10964.103516,10894.868164,10872.485352,10791.473633,10745.119141,10706.334961,10700.666992,10623.201172,10580.487305,10551.288086,10536.056641,10475.875977,10459.963867,10382.681641,10325.770508,10290.555664,10288.981445,10245.518555,10235.455078,10233.335938,10219.735352,10213.820312,10166.782227,10159.364258,10079.572266,10071.118164,10047.838867,10021.580078,9982.225586,9929.550781,9928.312500,9923.937500,9871.256836,9827.787109,9824.225586,9821.694336,9806.909180,9769.804688,9733.853516,9668.441406,9629.005859,9609.874023,9599.929688,9543.816406,9496.208008,9451.791016,9414.934570,9390.285156,9383.268555,9363.747070,9336.155273,9288.248047,9254.897461,9253.202148,9248.073242,9215.811523,9214.130859,9193.467773,9190.277344,9177.442383,9165.589844,9146.843750,9141.349609,9133.196289,9130.202148,9087.695312,9085.633789,9068.313477,9047.409180,9024.658203,9009.420898,9003.499023,8976.567383,8965.150391,8914.209961,8913.985352,8908.519531,8902.762695,8878.242188,8857.267578,8817.091797,8805.877930,8792.884766,8787.335938,8786.118164,8750.372070,8747.303711,8720.688477,8712.747070,8710.801758,8696.062500,8667.284180,8649.562500,8645.158203,8644.100586,8638.802734,8635.308594,8624.373047,8621.885742,8621.885742]
}