{
"iteraciones": [25,75,100,125,150,200,225,250,275,300,325,350,375,400,425,450,475,500,550,575,600,625,650,675,700,725,750,775,800,825,850,875,900,925,950,975,1000,1025,1050,1075,1100,1125,1150,1175,1200,1225,1275,1300,1325,1350,1375,1425,1450,1500,1525,1550,1600,1625,1650,1675,1700,1725,1750,1775,1800,1825,1875,1925,1950,1975,2000,2025,2050,2075,2100,2125,2150,2175,2200,2225,2250,2275,2300,2325,2375,2400,2425,2450,2475,2500,2525,2550,2575,2600,2625,2650,2675,2700,2725,2750,2775,2825,2875,2900,2925,2950,2975,3000,3075,3100,3125,3150,3175,3200,3225,3250,3275,3300,3325,3350,3375,3400,3425,3450,3475,3500,3525,3550,3575,3600,3625,3650,3675,3725,3750,3775,3875,3900,3925,3950,3975,4000,4025,4050,4075,4100,4125,4150,4175,4200,4225,4250,4275,4300,4325,4350,4375,4450,4475,4500,4525,4550,4575,4600,4625,4650,4675,4700,4750,4775,4800,4825,4850,4900,4950,4975,5000,5050,5100,5125,5350,5375,5400,5425,5450,5475,5500,5525,5550,5575,5600,5650,5825,5850,5875,5950,5975,6125,6400,6475,6600,6625,6650,6750,6875,6925,7050,7125,7200,7625,7700,7900,7925,8025,8100,8325,8350,8375,8400,9075,12075],
"fitness": [15010.916992,14791.353516,14735.630859,14343.916992,14151.797852,14109.920898,14030.958008,13842.174805,13824.215820,13738.184570,13650.785156,13630.147461,13592.000000,13544.319336,13512.766602,13477.135742,13448.360352,13349.038086,13298.309570,13266.506836,13233.079102,13191.419922,13146.953125,13093.886719,13048.740234,12990.496094,12956.603516,12910.138672,12859.538086,12846.393555,12809.793945,12778.191406,12736.559570,12717.000000,12634.287109,12590.048828,12550.585938,12543.658203,12502.068359,12454.334961,12447.566406,12423.000000,12369.956055,12337.488281,12302.325195,12238.311523,12213.476562,12203.995117,12157.583008,12128.458008,12082.791016,12037.030273,12022.109375,11992.132812,11987.976562,11943.153320,11900.000977,11848.178711,11829.239258,11807.378906,11794.730469,11759.428711,11750.991211,11718.144531,11716.367188,11710.245117,11671.966797,11658.511719,11634.010742,11609.900391,11575.274414,11548.192383,11538.320312,11507.530273,11476.906250,11470.083008,11415.914062,11407.847656,11374.795898,11357.711914,11324.985352,11320.909180,11307.419922,11219.625977,11192.940430,11180.545898,11171.961914,11153.345703,11122.465820,11112.331055,11080.799805,11058.427734,11049.612305,11018.189453,10972.506836,10971.052734,10938.000000,10919.239258,10891.028320,10887.686523,10864.441406,10841.240234,10798.647461,10794.501953,10757.066406,10722.830078,10709.937500,10692.649414,10682.892578,10662.930664,10640.883789,10623.091797,10596.166992,10576.296875,10567.720703,10545.683594,10544.694336,10523.241211,10503.607422,10483.895508,10472.907227,10458.646484,10444.489258,10432.966797,10398.302734,10371.346680,10363.554688,10348.003906,10325.441406,10321.647461,10306.587891,10264.019531,10244.333984,10218.480469,10205.586914,10115.099609,10070.366211,10039.317383,9985.884766,9976.134766,9936.065430,9900.759766,9891.892578,9862.890625,9829.837891,9799.541992,9797.397461,9779.321289,9776.199219,9754.148438,9732.842773,9717.339844,9682.369141,9679.759766,9647.409180,9617.738281,9594.529297,9560.458008,9559.926758,9527.453125,9524.671875,9481.233398,9470.880859,9467.968750,9447.769531,9425.735352,9403.967773,9358.496094,9341.751953,9335.042969,9294.892578,9290.585938,9261.122070,9243.077148,9226.356445,9207.316406,9195.736328,9190.841797,9176.978516,9117.511719,9104.178711,9082.459961,9075.968750,9061.822266,9056.458984,9037.739258,9034.931641,9022.335938,9014.782227,8958.729492,8955.601562,8926.601562,8924.101562,8893.217773,8890.869141,8874.655273,8871.816406,8861.270508,8850.731445,8837.274414,8811.652344,8809.019531,8785.955078,8751.623047,8750.688477,8720.881836,8688.103516,8683.221680,8681.897461,8680.898438,8678.138672,8652.476562,8651.991211,8647.975586,8645.967773,8644.973633,8642.005859,8637.672852,8636.940430,8630.140625,8630.140625]
}