{
"iteraciones": [25,50,75,100,125,150,175,200,225,250,275,325,350,375,400,425,450,475,500,525,550,575,625,650,675,700,725,750,775,800,825,850,900,925,975,1000,1025,1050,1100,1125,1150,1175,1200,1225,1250,1275,1300,1325,1350,1375,1400,1425,1450,1475,1525,1550,1575,1600,1625,1650,1675,1700,1750,1775,1800,1825,1875,1925,1950,1975,2000,2025,2050,2075,2100,2125,2150,2175,2275,2300,2325,2350,2375,2400,2425,2450,2475,2500,2525,2550,2575,2600,2650,2675,2700,2725,2750,2775,2800,2825,2875,2925,2975,3000,3050,3100,3125,3150,3175,3200,3225,3250,3275,3300,3325,3350,3375,3400,3450,3475,3500,3525,3550,3575,3600,3650,3675,3700,3725,3750,3775,3800,3825,3850,3900,3925,3950,3975,4000,4025,4050,4075,4100,4125,4150,4175,4200,4225,4275,4300,4325,4350,4375,4400,4425,4450,4475,4500,4525,4575,4600,4675,4700,4725,4750,4775,4825,4850,4950,4975,5175,5200,5225,5325,5350,5375,5400,5425,5450,5625,5650,5800,5850,5925,5975,6050,6075,6175,6250,6325,6350,6400,6725,7225,7250,7300,7325,7350,7950,8300,8325,8375,8400,8425,10850,13850],
"fitness": [15190.109375,15157.576172,15053.785156,14804.166016,14644.146484,14487.594727,14357.131836,14178.042969,14037.795898,14003.773438,13808.933594,13756.847656,13682.364258,13631.835938,13551.990234,13541.039062,13489.063477,13468.274414,13424.810547,13396.250977,13376.219727,13280.156250,13207.430664,13168.607422,13094.955078,13044.954102,12995.098633,12966.237305,12924.905273,12835.585938,12809.569336,12702.136719,12679.034180,12617.625977,12584.767578,12548.431641,12484.948242,12462.411133,12447.194336,12413.254883,12367.107422,12338.009766,12291.983398,12276.255859,12233.099609,12202.777344,12182.030273,12165.239258,12137.268555,12126.040039,12089.056641,12048.596680,12025.616211,11947.629883,11868.595703,11841.719727,11809.544922,11781.862305,11780.630859,11761.134766,11760.708008,11711.241211,11645.983398,11636.996094,11614.297852,11579.668945,11514.889648,11502.902344,11454.771484,11430.284180,11421.008789,11403.735352,11391.099609,11381.895508,11340.326172,11319.281250,11307.921875,11211.249023,11198.901367,11164.500000,11126.619141,11093.010742,11065.031250,11050.328125,11048.950195,11037.534180,11018.496094,10995.735352,10979.337891,10965.693359,10922.130859,10903.664062,10884.797852,10872.481445,10871.521484,10829.550781,10810.876953,10762.365234,10760.769531,10706.439453,10677.865234,10617.945312,10591.278320,10545.625977,10487.917969,10449.542969,10433.232422,10413.551758,10372.802734,10335.250000,10318.816406,10304.877930,10290.379883,10267.411133,10265.661133,10258.066406,10245.035156,10212.853516,10191.629883,10181.249023,10170.799805,10152.107422,10144.097656,10117.313477,10100.537109,10086.894531,10047.484375,10038.832031,10021.731445,10013.000000,9996.930664,9979.976562,9972.217773,9960.242188,9940.558594,9932.399414,9916.000977,9908.507812,9885.421875,9868.940430,9820.415039,9771.821289,9711.390625,9695.617188,9673.371094,9664.875000,9617.812500,9594.305664,9558.287109,9547.623047,9538.408203,9522.469727,9521.377930,9510.206055,9502.907227,9463.849609,9450.208008,9437.194336,9402.366211,9363.401367,9351.681641,9302.593750,9296.263672,9228.871094,9179.718750,9165.964844,9153.706055,9136.105469,9117.607422,9072.274414,9057.047852,9031.874023,9007.687500,8970.018555,8956.259766,8931.351562,8911.166016,8894.588867,8855.305664,8852.287109,8837.903320,8834.607422,8832.250977,8823.071289,8800.364258,8788.921875,8787.935547,8780.092773,8766.074219,8755.644531,8747.000000,8723.899414,8707.426758,8693.244141,8688.625977,8672.399414,8660.605469,8654.980469,8644.939453,8641.963867,8636.940430,8630.140625,8629.929688,8627.891602,8621.885742,8621.885742]
}