{
"iteraciones": [25,50,75,100,125,150,175,200,225,250,275,300,325,350,375,400,450,475,525,575,600,625,650,675,750,775,825,850,875,900,925,950,975,1000,1025,1050,1075,1100,1125,1150,1175,1200,1225,1250,1275,1300,1325,1350,1375,1400,1425,1500,1525,1550,1575,1600,1625,1675,1700,1725,1750,1775,1800,1825,1850,1900,1925,1950,1975,2000,2025,2050,2075,2100,2125,2200,2225,2250,2275,2300,2325,2375,2425,2475,2500,2525,2550,2575,2600,2625,2650,2675,2700,2725,2750,2775,2800,2825,2850,2875,2925,2975,3000,3025,3125,3150,3175,3200,3225,3250,3275,3300,3325,3350,3375,3400,3425,3475,3500,3525,3550,3575,3625,3650,3675,3700,3725,3750,3775,3825,3850,3875,3900,3925,4000,4050,4075,4100,4150,4200,4225,4250,4275,4300,4325,4375,4400,4425,4450,4550,4625,4650,4675,4700,4725,4800,4825,4900,4925,4950,4975,5000,5200,5225,5300,5325,5425,5500,5550,5575,6075,6100,6450,6750,6875,7500,8225,8550,8600,9300,9575,12575],
"fitness": [15111.607422,14957.505859,14776.350586,14623.819336,14574.663086,14362.443359,14132.049805,14078.553711,13995.174805,13867.784180,13826.922852,13738.459961,13617.242188,13538.823242,13497.888672,13391.010742,13273.321289,13220.962891,13129.190430,13096.829102,13039.341797,13013.723633,13000.641602,12859.752930,12784.593750,12641.271484,12617.209961,12564.277344,12526.570312,12455.385742,12399.234375,12369.969727,12331.471680,12302.126953,12248.713867,12234.457031,12199.956055,12190.282227,12147.798828,12112.428711,12061.538086,12049.434570,11992.719727,11979.104492,11931.364258,11911.021484,11856.582031,11847.171875,11797.761719,11774.314453,11721.084961,11663.175781,11658.462891,11631.081055,11573.154297,11518.701172,11436.984375,11363.877930,11362.454102,11316.888672,11291.258789,11277.971680,11253.631836,11219.418945,11171.416016,11168.510742,11120.334961,11097.211914,11072.016602,11066.223633,11047.063477,11001.764648,10969.448242,10966.065430,10914.079102,10892.277344,10862.304688,10848.525391,10765.407227,10763.324219,10710.339844,10656.346680,10613.463867,10570.281250,10539.516602,10517.384766,10481.240234,10451.145508,10417.648438,10394.396484,10392.341797,10367.263672,10310.840820,10254.330078,10237.397461,10229.913086,10201.389648,10178.279297,10156.851562,10113.845703,10084.174805,10066.123047,10031.840820,9974.244141,9961.821289,9940.218750,9894.229492,9884.373047,9879.724609,9807.307617,9799.607422,9736.387695,9728.575195,9700.340820,9690.044922,9657.554688,9623.055664,9600.853516,9581.091797,9534.445312,9521.235352,9514.111328,9489.250977,9485.744141,9479.744141,9457.000000,9445.795898,9402.576172,9379.398438,9336.714844,9329.957031,9289.091797,9281.711914,9247.654297,9235.975586,9230.595703,9193.391602,9183.506836,9171.370117,9163.735352,9151.320312,9116.540039,9096.108398,9078.320312,9050.935547,9037.547852,9001.458984,8992.693359,8980.069336,8963.897461,8959.113281,8925.145508,8921.124023,8871.691406,8848.178711,8845.809570,8826.958984,8818.895508,8795.106445,8787.295898,8784.869141,8752.500000,8740.170898,8739.871094,8732.899414,8725.370117,8723.090820,8721.887695,8719.822266,8715.859375,8714.399414,8709.006836,8675.091797,8670.092773,8668.726562,8657.691406,8651.119141,8650.051758,8649.849609,8625.290039,8624.148438,8624.148438]
}