{
"iteraciones": [25,50,75,125,150,175,200,225,250,300,325,350,375,400,425,450,475,500,525,550,575,600,625,650,675,700,725,750,775,800,825,850,875,900,925,950,975,1025,1050,1075,1100,1125,1150,1175,1200,1225,1250,1275,1300,1325,1350,1375,1400,1425,1450,1475,1500,1525,1550,1575,1600,1625,1650,1700,1725,1750,1775,1800,1850,1900,1925,1950,1975,2000,2050,2075,2100,2125,2150,2175,2200,2225,2250,2275,2300,2325,2350,2400,2425,2450,2475,2500,2525,2550,2575,2600,2625,2650,2675,2700,2725,2775,2800,2825,2850,2875,2900,2950,2975,3000,3025,3050,3075,3100,3150,3175,3200,3250,3300,3425,3450,3475,3500,3525,3550,3575,3600,3625,3650,3700,3750,3775,3800,3825,4000,4025,4075,4225,4275,4300,4350,4375,4450,4600,4650,4800,5275,5325,5750,6450,6525,6575,6975,9725,12725],
"fitness": [15421.469727,15210.357422,14860.530273,14741.250977,14504.469727,14437.087891,14272.480469,14165.994141,14052.248047,13973.258789,13864.872070,13825.736328,13742.726562,13687.780273,13680.941406,13611.837891,13547.189453,13516.162109,13415.038086,13376.903320,13302.512695,13275.589844,13225.269531,13128.318359,13078.145508,13005.944336,13002.962891,12905.035156,12896.099609,12853.601562,12833.192383,12805.910156,12686.402344,12672.919922,12625.632812,12576.848633,12511.750000,12443.936523,12372.255859,12349.436523,12272.164062,12241.222656,12158.382812,12133.087891,12111.047852,12072.885742,12042.945312,12004.867188,11954.239258,11892.792969,11887.393555,11848.340820,11742.444336,11740.499023,11685.325195,11601.777344,11558.332031,11533.827148,11495.266602,11479.822266,11455.769531,11425.985352,11364.127930,11325.246094,11237.144531,11207.410156,11167.629883,11098.102539,10970.156250,10968.138672,10920.651367,10901.511719,10866.695312,10837.682617,10818.867188,10808.415039,10762.762695,10691.158203,10655.925781,10596.620117,10587.135742,10553.891602,10529.680664,10510.338867,10476.071289,10443.035156,10357.867188,10316.538086,10281.000000,10226.807617,10201.164062,10144.259766,10132.000000,10098.609375,10064.722656,10049.122070,10033.569336,9963.548828,9943.622070,9883.092773,9845.390625,9841.734375,9813.081055,9802.324219,9788.374023,9759.328125,9696.848633,9681.533203,9647.048828,9609.959961,9597.563477,9520.593750,9491.736328,9453.584961,9423.360352,9410.348633,9388.904297,9370.853516,9331.650391,9306.957031,9303.956055,9276.960938,9271.869141,9240.661133,9219.472656,9214.291992,9185.818359,9173.796875,9156.689453,9113.025391,9096.117188,9049.788086,9048.768555,8969.638672,8968.586914,8904.288086,8873.165039,8872.580078,8831.676758,8823.136719,8820.184570,8813.457031,8774.772461,8740.093750,8691.388672,8684.147461,8645.981445,8642.923828,8635.254883,8634.146484,8629.929688,8625.215820,8624.373047,8621.885742,8621.885742]
}