{
"iteraciones": [25,50,75,100,125,150,175,200,225,250,275,300,325,350,375,400,425,450,475,500,525,550,575,600,625,675,700,725,750,775,800,825,850,875,925,975,1000,1025,1050,1075,1100,1150,1175,1200,1225,1250,1275,1300,1325,1350,1375,1400,1450,1475,1500,1525,1550,1600,1625,1650,1675,1700,1725,1750,1775,1800,1825,1850,1875,1900,1925,1950,1975,2000,2025,2050,2075,2100,2125,2150,2175,2200,2225,2250,2275,2300,2325,2350,2375,2400,2475,2500,2525,2550,2575,2600,2625,2650,2700,2725,2750,2775,2800,2825,2850,2875,2900,2925,2950,2975,3000,3025,3050,3075,3100,3125,3150,3175,3250,3275,3300,3325,3350,3375,3400,3425,3450,3475,3500,3525,3550,3575,3600,3625,3650,3675,3700,3725,3775,3825,3850,3875,3900,3925,3975,4000,4025,4050,4075,4100,4125,4150,4175,4200,4225,4250,4300,4350,4375,4400,4450,4475,4500,4525,4550,4625,4650,4675,4700,4725,4750,4800,4825,4850,4875,4900,4925,4950,4975,5000,5025,5050,5075,5125,5150,5200,5225,5250,5275,5300,5325,5350,5450,5475,5500,5575,5625,5650,5675,5700,5725,5750,5825,5900,5925,5950,5975,6000,6025,6125,6150,6200,6250,6275,6325,6450,6500,6575,6600,6625,6650,6675,6750,6925,6950,6975,7025,7050,7075,7125,7250,7425,7450,7475,7550,7750,8000,8475,8500,8525,8950,8975,9025,9150,9275,9925,11400,14400],
"fitness": [15242.368164,15081.408203,14696.367188,14663.577148,14488.579102,14427.760742,14292.845703,14134.057617,14075.579102,13991.119141,13918.274414,13867.370117,13824.922852,13775.963867,13717.985352,13628.675781,13574.965820,13529.657227,13502.786133,13464.006836,13442.978516,13383.379883,13313.504883,13274.916992,13205.965820,13163.337891,13125.258789,13070.753906,13019.472656,12965.969727,12948.794922,12879.155273,12846.140625,12782.232422,12722.352539,12702.316406,12639.416016,12594.945312,12570.595703,12523.566406,12489.810547,12481.582031,12443.593750,12411.874023,12384.342773,12351.769531,12307.404297,12287.766602,12275.031250,12254.013672,12244.205078,12206.185547,12199.615234,12191.443359,12156.000000,12136.158203,12103.829102,12074.355469,12044.647461,12041.151367,12026.707031,12014.917969,11995.760742,11985.122070,11969.555664,11952.352539,11940.814453,11924.112305,11902.114258,11889.628906,11882.373047,11862.210938,11839.920898,11831.494141,11825.664062,11812.726562,11788.710938,11768.886719,11754.516602,11735.911133,11709.209961,11696.597656,11686.723633,11663.008789,11656.795898,11637.500977,11627.845703,11597.406250,11575.908203,11550.418945,11530.744141,11525.399414,11520.406250,11515.788086,11495.950195,11491.053711,11474.614258,11445.625977,11437.324219,11425.394531,11416.612305,11399.270508,11397.603516,11372.577148,11361.710938,11359.463867,11326.346680,11316.263672,11310.821289,11300.249023,11295.752930,11268.645508,11264.479492,11247.192383,11225.344727,11198.957031,11176.000000,11166.156250,11148.333984,11147.099609,11136.536133,11126.000000,11119.739258,11115.024414,11108.184570,11091.927734,11076.892578,11074.308594,11056.992188,11047.106445,11025.176758,11024.962891,11003.334961,10987.256836,10982.102539,10977.333008,10962.519531,10951.956055,10942.124023,10928.635742,10912.378906,10900.720703,10875.979492,10847.516602,10846.764648,10828.814453,10806.941406,10798.888672,10778.354492,10755.423828,10750.299805,10733.711914,10707.990234,10693.685547,10681.546875,10652.180664,10627.044922,10617.577148,10595.496094,10572.000000,10556.484375,10543.787109,10529.907227,10523.033203,10491.531250,10482.538086,10464.068359,10455.000000,10437.822266,10436.378906,10411.229492,10393.925781,10390.612305,10364.280273,10351.743164,10323.633789,10304.000000,10279.713867,10271.260742,10268.409180,10250.170898,10246.231445,10235.546875,10222.093750,10202.954102,10188.782227,10185.358398,10173.871094,10159.002930,10152.505859,10138.266602,10101.787109,10095.273438,10083.009766,10031.710938,9984.431641,9970.869141,9940.000000,9907.812500,9904.417969,9871.822266,9854.752930,9836.766602,9829.527344,9827.178711,9819.771484,9816.397461,9799.413086,9785.162109,9779.287109,9747.625000,9725.250000,9707.101562,9698.334961,9685.470703,9678.072266,9657.750000,9646.426758,9629.690430,9622.624023,9617.758789,9599.303711,9597.969727,9589.767578,9588.628906,9576.978516,9555.625000,9546.231445,9536.393555,9529.884766,9502.546875,9498.864258,9484.000000,9450.792969,9437.957031,9431.905273,9406.943359,9402.510742,9394.345703,9373.480469,9351.766602,9344.647461,9325.331055,9324.383789,9321.976562,9317.590820,9315.638672,9315.638672]
}