{
"iteraciones": [25,50,75,100,125,150,175,200,225,250,275,300,325,350,375,400,425,450,475,500,525,550,575,600,625,650,675,700,725,750,775,800,825,850,900,925,950,975,1000,1025,1050,1075,1100,1125,1150,1175,1200,1225,1250,1275,1300,1325,1350,1375,1400,1425,1450,1475,1500,1525,1550,1575,1600,1625,1650,1675,1700,1725,1775,1800,1825,1850,1875,1900,1925,1950,1975,2000,2025,2050,2075,2100,2125,2150,2175,2200,2225,2250,2275,2300,2325,2375,2400,2425,2450,2475,2500,2525,2550,2575,2600,2625,2675,2725,2775,2800,2825,2850,2875,2900,2975,3000,3025,3050,3075,3100,3125,3150,3175,3200,3225,3275,3300,3325,3350,3375,3400,3425,3450,3475,3500,3525,3550,3600,3625,3650,3675,3725,3750,3775,3800,3825,3850,3875,3900,3925,3950,3975,4000,4125,4150,4175,4200,4225,4275,4450,4475,4500,4525,4575,4600,4625,4800,4925,5050,5100,5175,5200,5300,5325,5425,5450,5475,5525,5550,5575,5700,5750,5775,5825,5900,6025,6050,6075,6125,6225,6525,6575,6625,6650,6750,6775,6800,6875,6975,7025,7925,8050,8150,8200,8250,11250],
"fitness": [15309.149414,15211.969727,14988.985352,14703.416016,14611.499023,14418.347656,14385.750977,14182.150391,14040.510742,14004.964844,13922.592773,13798.667969,13758.773438,13657.931641,13603.483398,13505.242188,13454.635742,13443.000000,13377.833008,13249.576172,13238.007812,13183.979492,13143.716797,13104.316406,13016.981445,13004.284180,12975.938477,12935.794922,12867.364258,12851.082031,12814.652344,12762.580078,12734.408203,12657.147461,12605.998047,12569.892578,12540.711914,12534.175781,12498.416992,12460.324219,12442.137695,12402.788086,12331.011719,12312.799805,12288.128906,12236.868164,12225.330078,12188.958008,12149.661133,12132.860352,12090.139648,12041.090820,11995.750000,11985.564453,11912.392578,11883.677734,11851.667969,11820.238281,11786.979492,11739.642578,11716.129883,11687.812500,11631.031250,11552.685547,11533.000000,11498.321289,11454.359375,11428.896484,11401.816406,11382.478516,11337.487305,11319.507812,11295.487305,11264.321289,11230.497070,11186.195312,11171.233398,11148.363281,11125.224609,11114.075195,11090.152344,11073.557617,11013.341797,10978.537109,10973.651367,10940.879883,10899.739258,10853.610352,10832.277344,10790.179688,10767.401367,10738.965820,10703.958984,10660.651367,10616.181641,10600.334961,10568.405273,10546.973633,10499.168945,10454.975586,10428.655273,10396.427734,10359.930664,10314.236328,10297.159180,10274.552734,10267.108398,10243.766602,10212.000000,10189.145508,10159.161133,10126.104492,10102.666016,10100.615234,10096.001953,10082.075195,10026.420898,10018.926758,9969.719727,9936.458984,9881.137695,9846.487305,9811.250977,9799.964844,9786.280273,9774.401367,9740.540039,9722.842773,9697.116211,9678.244141,9638.416992,9632.521484,9615.000000,9601.128906,9584.395508,9563.526367,9503.878906,9483.544922,9458.166992,9454.631836,9443.452148,9431.958008,9420.784180,9389.827148,9382.508789,9353.038086,9347.884766,9325.993164,9294.837891,9275.852539,9260.031250,9244.299805,9242.367188,9211.110352,9194.329102,9189.460938,9172.083984,9170.142578,9165.875000,9158.219727,9135.885742,9128.712891,9110.325195,9074.772461,9038.535156,9013.846680,9011.370117,8974.057617,8956.435547,8933.772461,8930.048828,8924.596680,8902.634766,8897.604492,8874.910156,8858.829102,8839.668945,8836.849609,8807.993164,8782.640625,8758.249023,8749.020508,8742.310547,8732.173828,8730.490234,8723.865234,8711.708008,8710.762695,8709.797852,8689.521484,8661.408203,8659.947266,8643.323242,8641.472656,8635.726562,8634.395508,8632.234375,8630.865234,8627.891602,8625.116211,8623.272461,8623.272461]
}