{
"iteraciones": [25,50,75,125,150,175,200,225,250,275,300,325,350,375,400,425,450,475,500,525,550,575,600,625,650,675,700,725,750,775,800,825,850,875,925,950,975,1000,1025,1050,1075,1100,1125,1150,1175,1200,1225,1250,1275,1300,1350,1375,1400,1425,1450,1475,1500,1525,1550,1575,1600,1625,1650,1675,1700,1725,1750,1775,1800,1825,1850,1875,1900,1925,1950,1975,2000,2025,2050,2075,2100,2125,2150,2175,2225,2250,2275,2300,2325,2350,2375,2400,2425,2450,2475,2500,2525,2550,2575,2600,2625,2650,2675,2700,2725,2750,2775,2800,2850,2875,2900,2925,2950,2975,3000,3050,3075,3100,3125,3175,3225,3250,3275,3300,3350,3375,3400,3425,3475,3500,3525,3550,3575,3600,3625,3650,3700,3725,3750,3775,3800,3825,3875,3925,3950,3975,4025,4050,4075,4125,4150,4175,4200,4275,4300,4325,4350,4400,4425,4450,4475,4525,4550,4575,4600,4625,4675,4700,4725,4750,4775,4800,4850,4875,4925,4975,5000,5025,5050,5075,5125,5150,5200,5225,5250,5300,5325,5375,5400,5450,5475,5500,5525,5550,5625,5650,5675,5700,5725,5750,5800,5875,5900,5925,6000,6075,6100,6200,6225,6250,6325,6400,6450,6475,6575,6600,6650,6675,6700,6825,7250,7275,7450,7725,7750,7775,7850,8625,9650,10950,10975,13975],
"fitness": [15233.789062,14973.152344,14629.378906,14570.244141,14413.342773,14247.905273,14117.434570,13921.926758,13902.433594,13718.414062,13697.535156,13645.272461,13597.870117,13479.036133,13400.494141,13388.688477,13358.198242,13326.045898,13271.422852,13237.539062,13138.152344,13109.554688,13104.010742,13076.000000,13051.199219,13042.792969,12999.092773,12968.804688,12880.036133,12877.765625,12844.193359,12821.256836,12775.258789,12720.225586,12703.327148,12668.323242,12650.775391,12623.177734,12587.593750,12569.708008,12553.237305,12533.463867,12497.772461,12463.169922,12452.394531,12424.233398,12391.452148,12357.135742,12332.604492,12275.669922,12247.535156,12229.052734,12186.915039,12183.087891,12153.689453,12140.944336,12118.577148,12080.777344,12033.354492,12031.346680,11989.829102,11964.189453,11963.964844,11927.726562,11896.978516,11890.375977,11858.456055,11842.981445,11798.325195,11789.728516,11770.000000,11749.855469,11721.866211,11718.777344,11698.875977,11683.733398,11669.931641,11637.044922,11622.999023,11618.378906,11611.911133,11605.909180,11556.625977,11529.750977,11523.000000,11503.547852,11496.179688,11471.499023,11451.408203,11428.789062,11406.188477,11393.526367,11378.453125,11365.408203,11361.397461,11340.492188,11328.236328,11302.127930,11283.873047,11275.157227,11247.673828,11236.275391,11218.375977,11208.096680,11178.064453,11165.505859,11149.211914,11124.359375,11076.752930,11069.493164,11042.580078,11041.069336,11025.888672,10995.827148,10969.113281,10946.693359,10937.511719,10922.862305,10901.507812,10875.193359,10862.408203,10850.998047,10838.872070,10820.864258,10807.930664,10788.576172,10754.528320,10736.010742,10713.809570,10707.168945,10685.161133,10679.279297,10666.772461,10659.314453,10646.739258,10629.791992,10614.990234,10606.932617,10598.083008,10580.477539,10577.270508,10545.705078,10518.553711,10489.122070,10467.577148,10423.078125,10408.676758,10382.257812,10376.500000,10340.418945,10336.031250,10319.207031,10254.635742,10242.069336,10206.861328,10172.180664,10138.363281,10123.612305,10092.125000,10088.220703,10056.112305,10032.919922,10017.540039,9996.598633,9970.293945,9954.394531,9933.067383,9929.988281,9899.939453,9881.091797,9865.424805,9831.814453,9814.580078,9791.530273,9764.067383,9754.100586,9746.577148,9710.609375,9706.246094,9643.908203,9616.936523,9568.711914,9561.368164,9517.494141,9452.644531,9429.569336,9399.566406,9357.539062,9319.833984,9313.682617,9273.522461,9248.941406,9238.446289,9227.569336,9207.153320,9203.286133,9186.696289,9163.149414,9142.476562,9117.999023,9067.047852,9057.680664,9041.775391,9019.648438,8988.226562,8979.958984,8934.047852,8930.444336,8922.690430,8890.426758,8874.008789,8860.073242,8850.565430,8836.332031,8830.548828,8813.489258,8761.375977,8753.119141,8749.285156,8714.018555,8712.110352,8705.543945,8681.235352,8673.142578,8643.989258,8635.649414,8633.077148,8629.623047,8626.728516,8624.148438,8621.885742,8621.885742]
}