{
"iteraciones": [50,125,150,175,200,225,275,300,325,350,375,400,425,450,475,500,525,550,575,600,625,650,675,700,725,750,775,800,825,850,875,925,950,975,1000,1025,1050,1100,1125,1150,1175,1200,1225,1250,1275,1300,1325,1350,1375,1400,1425,1450,1475,1500,1525,1550,1575,1600,1625,1650,1675,1700,1725,1750,1775,1800,1825,1850,1875,1900,1925,1950,1975,2000,2025,2050,2075,2100,2125,2150,2175,2225,2250,2300,2325,2350,2375,2400,2425,2450,2475,2500,2525,2550,2575,2600,2625,2650,2700,2775,2800,2825,2850,2875,2925,2975,3000,3025,3050,3075,3100,3150,3175,3225,3275,3300,3325,3375,3400,3425,3450,3475,3500,3550,3575,3600,3625,3650,3675,3700,3725,3750,3800,3825,3850,3925,3950,4000,4025,4050,4150,4175,4200,4225,4275,4300,4350,4375,4425,4475,4500,4525,4550,4600,4725,4775,4800,4850,4875,4900,4925,4950,4975,5075,5100,5175,5225,5375,5400,5600,5675,5825,5850,5875,5900,6250,6650,6675,6725,6800,6925,7025,7350,7500,8475,11475],
"fitness": [14677.042969,14590.940430,14402.218750,14324.355469,14205.534180,14103.140625,14058.478516,13987.136719,13930.455078,13863.589844,13816.803711,13775.876953,13717.263672,13681.601562,13639.469727,13590.853516,13503.335938,13481.462891,13441.400391,13388.720703,13370.348633,13347.477539,13302.104492,13241.798828,13227.658203,13175.489258,13164.172852,13093.323242,13061.793945,13037.881836,12953.577148,12926.608398,12857.298828,12838.222656,12797.674805,12749.334961,12686.351562,12625.600586,12537.457031,12514.376953,12503.577148,12462.777344,12413.054688,12367.548828,12336.279297,12309.537109,12263.453125,12236.776367,12162.069336,12157.351562,12079.262695,12058.430664,12026.684570,11931.073242,11893.357422,11884.529297,11846.764648,11805.291992,11786.360352,11753.054688,11704.172852,11652.241211,11601.256836,11554.750977,11515.812500,11512.037109,11467.875000,11461.817383,11393.978516,11383.152344,11360.042969,11275.841797,11241.430664,11227.235352,11183.076172,11140.109375,11119.218750,11099.433594,11072.208984,11020.872070,10986.204102,10971.601562,10884.352539,10870.658203,10824.849609,10799.237305,10784.538086,10750.009766,10693.063477,10692.249023,10649.054688,10632.348633,10599.465820,10584.642578,10556.775391,10514.774414,10512.500000,10461.080078,10429.860352,10415.437500,10391.096680,10362.726562,10346.908203,10315.342773,10264.251953,10237.477539,10231.716797,10223.459961,10196.954102,10145.143555,10111.450195,10080.085938,10034.999023,10020.215820,9992.697266,9990.518555,9933.630859,9881.493164,9873.380859,9857.916016,9838.978516,9812.900391,9784.099609,9756.440430,9736.705078,9699.333008,9675.972656,9624.822266,9602.701172,9564.281250,9563.298828,9511.608398,9493.245117,9470.852539,9435.214844,9432.049805,9406.643555,9404.819336,9386.467773,9339.525391,9326.789062,9288.525391,9281.063477,9229.543945,9218.031250,9193.263672,9174.117188,9136.599609,9105.652344,9098.218750,9092.238281,9037.571289,9009.831055,8990.108398,8968.210938,8955.703125,8907.985352,8902.513672,8901.175781,8890.312500,8877.848633,8850.404297,8833.863281,8831.991211,8821.174805,8818.056641,8811.357422,8806.496094,8803.552734,8794.985352,8772.461914,8755.383789,8743.761719,8742.129883,8710.407227,8677.846680,8674.341797,8638.910156,8637.276367,8634.626953,8631.793945,8630.554688,8629.225586,8628.142578,8621.885742,8621.885742]
}