{
"iteraciones": [50,75,100,150,175,200,225,250,275,300,325,350,375,400,425,450,475,500,525,550,575,600,625,650,675,725,750,775,800,825,850,875,900,925,950,975,1000,1025,1050,1075,1100,1125,1150,1175,1200,1225,1250,1275,1300,1325,1375,1400,1425,1450,1475,1500,1525,1550,1575,1600,1625,1650,1725,1750,1800,1825,1850,1875,1900,1925,1950,1975,2000,2025,2050,2075,2100,2150,2175,2200,2225,2250,2275,2300,2325,2350,2375,2400,2425,2450,2475,2500,2525,2550,2575,2600,2625,2650,2675,2725,2750,2775,2800,2825,2850,2875,2900,2925,2950,2975,3000,3025,3050,3100,3125,3150,3200,3225,3275,3325,3350,3375,3400,3425,3450,3475,3525,3575,3600,3625,3650,3700,3725,3750,3775,3825,3875,3900,3925,3950,3975,4000,4025,4050,4075,4150,4175,4200,4225,4250,4300,4325,4350,4375,4400,4425,4450,4500,4525,4550,4575,4600,4625,4650,4675,4700,4725,4750,4775,4850,4975,5000,5025,5050,5100,5125,5150,5200,5225,5250,5300,5325,5350,5375,5400,5425,5450,5475,5550,5625,5700,5750,6200,6500,6550,6625,6725,6800,7100,7575,7975,9150,9250,12250],
"fitness": [14994.721680,14860.000977,14447.741211,14272.529297,14111.977539,14078.440430,14041.380859,13975.814453,13908.307617,13841.349609,13779.637695,13743.245117,13701.295898,13658.153320,13622.831055,13600.851562,13547.522461,13477.317383,13457.188477,13410.445312,13401.181641,13369.166016,13328.396484,13264.013672,13168.551758,13130.716797,13075.735352,13048.248047,13009.513672,12965.177734,12942.992188,12891.015625,12872.313477,12791.168945,12780.645508,12727.473633,12677.106445,12661.987305,12625.731445,12610.864258,12548.752930,12504.528320,12497.778320,12455.200195,12440.875000,12411.945312,12389.923828,12346.718750,12322.104492,12254.827148,12248.154297,12211.266602,12176.317383,12135.288086,12118.941406,12104.705078,12063.654297,12050.535156,12010.636719,11934.902344,11916.092773,11835.728516,11816.537109,11762.499023,11730.947266,11725.286133,11672.134766,11650.415039,11632.695312,11629.409180,11601.599609,11590.779297,11568.558594,11545.000000,11519.137695,11503.081055,11456.272461,11423.453125,11402.630859,11368.634766,11367.537109,11349.415039,11311.618164,11260.508789,11259.556641,11240.345703,11197.041016,11188.831055,11175.387695,11139.030273,11128.099609,11106.000000,11068.916016,11024.691406,11014.596680,10989.527344,10973.908203,10960.536133,10927.110352,10896.736328,10870.041016,10866.280273,10822.282227,10813.375000,10788.389648,10767.640625,10741.763672,10723.250977,10695.000000,10634.529297,10620.416016,10614.606445,10551.170898,10539.717773,10527.840820,10456.826172,10443.958984,10412.714844,10390.092773,10357.198242,10330.309570,10273.858398,10253.189453,10192.906250,10167.866211,10141.531250,10123.023438,10120.160156,10110.884766,10088.854492,10068.488281,10040.377930,10011.500977,10007.288086,9989.199219,9974.141602,9963.991211,9935.097656,9920.278320,9914.196289,9877.111328,9866.025391,9855.760742,9831.492188,9739.684570,9728.920898,9690.182617,9668.812500,9665.047852,9645.053711,9636.120117,9626.564453,9595.696289,9583.439453,9569.349609,9551.554688,9523.747070,9504.025391,9445.683594,9414.485352,9402.771484,9374.851562,9334.940430,9304.498047,9289.475586,9275.750977,9234.350586,9223.014648,9214.963867,9195.398438,9154.494141,9129.441406,9118.683594,9095.512695,9087.824219,9075.491211,9026.244141,9014.650391,9000.685547,8990.232422,8966.000000,8954.661133,8937.895508,8923.997070,8899.606445,8883.431641,8845.043945,8833.065430,8809.719727,8806.753906,8758.253906,8745.300781,8721.229492,8704.180664,8700.682617,8672.797852,8667.552734,8664.498047,8659.586914,8657.530273,8653.216797,8624.148438,8621.885742,8621.885742]
}