{
"iteraciones": [50,75,100,125,150,175,200,225,250,275,300,325,375,400,425,450,475,500,525,600,625,650,675,700,725,750,775,800,825,850,875,900,925,950,975,1000,1025,1050,1075,1100,1125,1150,1175,1200,1225,1250,1275,1300,1325,1350,1375,1400,1425,1450,1500,1550,1575,1600,1625,1650,1675,1700,1725,1750,1775,1800,1825,1850,1875,1900,1925,1950,1975,2000,2025,2050,2075,2100,2125,2150,2175,2225,2275,2325,2350,2375,2400,2425,2450,2475,2500,2525,2550,2575,2600,2625,2650,2675,2700,2725,2750,2775,2825,2850,2875,2900,2925,3000,3025,3050,3075,3125,3150,3175,3200,3250,3275,3300,3350,3375,3450,3475,3500,3525,3550,3575,3600,3625,3650,3700,3725,3750,3800,3875,3900,3950,3975,4000,4025,4100,4175,4200,4225,4300,4375,4450,4475,4550,4575,4600,4625,4675,4800,5050,5075,5125,5150,5175,5225,5450,5475,5500,5700,6350,6400,6425,6450,6725,7200,9525,12525],
"fitness": [14962.148438,14738.454102,14723.666016,14532.316406,14163.367188,14069.641602,14030.267578,13862.371094,13748.989258,13702.790039,13686.307617,13461.868164,13431.336914,13375.737305,13335.229492,13279.526367,13206.000000,13169.394531,13062.964844,13000.677734,12945.573242,12902.185547,12874.272461,12846.533203,12776.466797,12723.007812,12667.206055,12627.512695,12562.030273,12499.122070,12443.988281,12430.378906,12376.656250,12358.160156,12312.327148,12285.230469,12238.810547,12211.831055,12143.719727,12119.882812,12059.103516,12019.760742,11968.000000,11942.591797,11895.192383,11881.000000,11828.671875,11793.565430,11742.455078,11702.932617,11678.584961,11611.898438,11607.383789,11551.467773,11457.335938,11440.802734,11367.661133,11350.648438,11309.178711,11248.179688,11227.866211,11165.839844,11105.697266,11076.086914,11045.375000,11008.315430,10944.936523,10905.890625,10884.463867,10846.000000,10840.826172,10809.656250,10783.248047,10767.125000,10715.112305,10683.937500,10625.997070,10611.217773,10576.976562,10461.177734,10445.963867,10418.306641,10355.355469,10344.858398,10343.237305,10295.076172,10279.158203,10250.566406,10236.377930,10213.806641,10194.451172,10178.943359,10134.320312,10115.528320,10094.311523,10050.916992,10033.030273,10006.795898,9974.793945,9963.242188,9942.570312,9885.629883,9860.809570,9831.656250,9804.430664,9803.956055,9760.981445,9732.605469,9669.496094,9659.476562,9641.715820,9592.652344,9579.703125,9563.837891,9530.429688,9504.856445,9445.942383,9377.838867,9342.702148,9326.740234,9314.881836,9310.507812,9290.015625,9259.216797,9252.457031,9240.752930,9232.217773,9216.242188,9202.505859,9186.848633,9162.783203,9106.821289,9078.496094,9071.033203,9062.604492,9054.644531,9044.134766,9036.794922,9035.445312,9021.001953,9013.062500,9007.907227,8974.500977,8955.930664,8927.930664,8918.715820,8886.722656,8857.643555,8844.248047,8838.667969,8822.562500,8798.636719,8763.061523,8737.864258,8723.214844,8687.753906,8686.788086,8683.052734,8674.364258,8668.281250,8666.439453,8663.871094,8642.938477,8640.344727,8638.264648,8636.287109,8634.842773,8626.661133,8624.148438,8621.885742,8621.885742]
}