{
"iteraciones": [25,50,75,100,125,150,175,200,225,250,275,300,325,350,375,400,425,450,500,525,550,575,600,625,650,675,700,725,750,775,800,825,850,875,900,925,950,975,1000,1025,1050,1075,1100,1125,1150,1175,1200,1225,1250,1275,1300,1325,1350,1375,1400,1450,1475,1500,1525,1550,1575,1600,1625,1650,1675,1700,1725,1750,1775,1800,1825,1850,1875,1900,1925,1950,1975,2000,2025,2050,2075,2100,2125,2150,2175,2225,2250,2275,2300,2325,2350,2375,2400,2425,2450,2500,2525,2550,2575,2600,2625,2650,2675,2725,2750,2775,2800,2825,2850,2875,2900,2925,2950,2975,3000,3025,3050,3075,3100,3125,3150,3200,3250,3275,3300,3350,3375,3400,3425,3450,3475,3500,3525,3575,3600,3625,3650,3675,3700,3725,3750,3775,3800,3850,3875,3925,3950,3975,4000,4050,4075,4100,4150,4175,4200,4225,4250,4275,4300,4400,4525,4550,4575,4600,4650,4675,4700,4750,4925,4950,4975,5000,5075,5125,5150,5250,5350,5375,5400,5425,5450,5475,5525,5550,5650,5850,5875,5925,5975,6075,6150,6250,6275,6500,7025,7050,7075,8475,11475],
"fitness": [15267.521484,14849.416992,14826.601562,14474.745117,14366.389648,14296.736328,14202.663086,14066.264648,14009.834961,13945.009766,13894.047852,13837.042969,13806.901367,13746.450195,13721.488281,13672.565430,13652.254883,13572.163086,13537.759766,13530.840820,13483.945312,13428.959961,13332.069336,13320.293945,13243.441406,13216.464844,13184.693359,13173.929688,13122.704102,13081.883789,13018.147461,12982.653320,12943.115234,12880.330078,12789.005859,12765.735352,12737.260742,12678.738281,12648.722656,12601.826172,12547.831055,12543.000000,12490.326172,12414.484375,12364.087891,12342.693359,12264.447266,12258.757812,12190.312500,12167.440430,12158.526367,12123.743164,12091.839844,12078.482422,12036.615234,12023.721680,11969.746094,11940.289062,11920.905273,11905.060547,11883.934570,11862.661133,11840.499023,11831.493164,11814.777344,11765.697266,11741.000000,11710.354492,11700.001953,11660.000000,11631.181641,11615.185547,11606.040039,11562.897461,11507.972656,11458.215820,11433.363281,11405.400391,11358.337891,11325.728516,11272.874023,11268.544922,11244.619141,11198.317383,11171.027344,11141.585938,11098.489258,11097.518555,11077.120117,11053.848633,11037.148438,11033.660156,11004.887695,10951.873047,10896.839844,10860.623047,10820.244141,10782.682617,10704.721680,10693.914062,10650.310547,10614.875000,10584.043945,10575.476562,10551.311523,10544.352539,10529.250977,10521.504883,10499.287109,10448.791992,10440.235352,10422.341797,10412.251953,10377.583984,10350.525391,10328.059570,10305.606445,10299.610352,10281.017578,10251.385742,10247.553711,10234.096680,10220.881836,10187.344727,10167.083008,10135.873047,10133.724609,10117.308594,10113.125977,10074.995117,10073.589844,10002.767578,9974.353516,9942.716797,9930.780273,9889.587891,9869.674805,9863.773438,9848.388672,9826.324219,9805.519531,9778.652344,9719.759766,9718.173828,9646.703125,9644.419922,9633.677734,9619.027344,9612.859375,9610.734375,9602.115234,9591.746094,9587.194336,9579.160156,9549.048828,9501.680664,9482.635742,9457.692383,9405.508789,9363.178711,9336.398438,9326.680664,9307.694336,9298.942383,9283.906250,9239.704102,9215.819336,9167.942383,9160.818359,9117.267578,9109.523438,9062.464844,9031.481445,9000.814453,8958.049805,8938.753906,8920.568359,8880.537109,8857.734375,8853.753906,8832.264648,8815.469727,8803.216797,8799.518555,8736.708008,8682.444336,8678.856445,8660.132812,8654.691406,8652.117188,8645.679688,8642.581055,8638.598633,8636.963867,8635.979492,8631.255859,8629.929688,8625.215820,8625.215820]
}