{
"iteraciones": [50,75,100,125,150,175,200,225,250,275,300,325,350,375,400,425,475,500,525,550,575,600,625,650,675,700,725,750,775,800,825,850,875,900,925,950,975,1000,1025,1050,1075,1100,1125,1150,1175,1200,1225,1250,1275,1300,1325,1350,1375,1400,1425,1500,1525,1550,1575,1600,1625,1650,1675,1700,1725,1750,1775,1800,1825,1850,1875,1900,1925,1950,1975,2000,2025,2075,2100,2125,2150,2175,2200,2250,2275,2300,2325,2350,2375,2400,2425,2450,2475,2500,2550,2575,2600,2675,2725,2750,2800,2825,2900,2975,3000,3025,3050,3075,3125,3150,3200,3225,3250,3275,3300,3350,3375,3400,3425,3475,3500,3525,3550,3600,3625,3650,3675,3700,3725,3750,3775,3800,3825,3850,3875,3900,3925,3950,3975,4025,4050,4075,4100,4150,4175,4200,4250,4275,4300,4325,4375,4400,4425,4475,4550,4575,4600,4625,4675,4700,4725,4750,4800,4850,4875,4900,4925,4975,5050,5075,5100,5125,5150,5175,5200,5225,5300,5325,5375,5400,5425,5450,5475,5625,5675,5700,5725,5800,5900,5950,6100,6125,6150,6175,6200,6225,6350,6375,6400,6425,6475,6525,6775,6800,6825,6875,6925,6975,7000,7025,7200,7250,7275,7300,7325,7350,7375,7475,7500,7525,7550,7750,7825,7875,8025,8050,8075,8125,8325,8800,8825,8850,8875,9650,9750,9775,12775],
"fitness": [15071.262695,14864.526367,14706.625977,14609.526367,14329.854492,14259.384766,14142.985352,14098.170898,13997.356445,13936.875977,13845.795898,13790.769531,13696.732422,13693.078125,13604.469727,13563.806641,13477.972656,13476.782227,13441.751953,13381.664062,13334.906250,13323.583984,13295.451172,13241.288086,13189.944336,13175.000000,13128.968750,13067.684570,13066.689453,13044.672852,13014.899414,12975.686523,12941.311523,12910.373047,12876.296875,12840.616211,12827.791016,12813.815430,12778.378906,12761.104492,12702.397461,12686.489258,12647.265625,12635.426758,12590.178711,12542.486328,12499.283203,12478.070312,12418.960938,12336.000000,12313.296875,12310.587891,12268.047852,12251.713867,12200.585938,12189.209961,12160.881836,12141.670898,12131.873047,12096.593750,12092.856445,12045.146484,12021.967773,12001.607422,11936.072266,11913.114258,11890.294922,11885.316406,11853.199219,11846.785156,11822.069336,11810.041016,11808.128906,11753.622070,11745.008789,11716.303711,11697.116211,11653.309570,11644.217773,11636.000000,11618.308594,11586.104492,11553.707031,11551.078125,11532.686523,11522.304688,11513.965820,11494.170898,11479.288086,11473.000000,11449.278320,11436.439453,11428.015625,11415.000000,11408.754883,11402.000000,11373.259766,11363.698242,11328.527344,11320.164062,11306.452148,11287.446289,11257.456055,11238.044922,11226.531250,11193.265625,11190.289062,11169.539062,11163.246094,11141.194336,11135.988281,11118.818359,11107.668945,11100.684570,11083.060547,11076.001953,11060.892578,11057.645508,11034.693359,11026.905273,11020.418945,11018.000000,10993.038086,10989.488281,10972.482422,10951.782227,10944.736328,10924.193359,10885.690430,10880.858398,10851.716797,10839.022461,10827.225586,10824.972656,10793.087891,10790.662109,10751.163086,10745.000000,10701.737305,10691.578125,10685.168945,10681.982422,10658.492188,10640.958008,10634.628906,10605.355469,10592.008789,10560.902344,10545.183594,10514.762695,10511.888672,10489.619141,10471.150391,10440.460938,10438.108398,10431.937500,10416.757812,10391.073242,10381.187500,10354.245117,10348.918945,10296.518555,10262.699219,10257.731445,10241.041016,10232.183594,10201.220703,10178.188477,10169.148438,10146.400391,10145.974609,10099.515625,10097.117188,10077.438477,10075.913086,10036.693359,10000.579102,9973.747070,9962.545898,9957.458008,9941.181641,9919.868164,9912.783203,9887.930664,9886.446289,9866.988281,9851.873047,9815.715820,9809.965820,9783.050781,9778.244141,9759.199219,9752.897461,9741.994141,9732.586914,9696.793945,9695.921875,9680.178711,9666.363281,9648.799805,9643.046875,9626.979492,9619.191406,9595.072266,9587.668945,9567.413086,9558.219727,9548.213867,9545.616211,9535.162109,9509.244141,9502.904297,9495.121094,9487.008789,9479.583984,9477.139648,9471.777344,9470.215820,9459.145508,9449.853516,9444.405273,9439.041016,9431.708984,9416.014648,9415.808594,9395.166016,9382.721680,9365.865234,9347.492188,9342.610352,9338.742188,9324.394531,9321.391602,9319.696289,9318.303711,9316.329102,9316.329102]
}