{
"iteraciones": [25,50,75,100,125,150,175,200,225,250,275,300,325,350,375,400,425,450,475,500,525,550,575,600,625,650,675,700,725,750,800,825,850,875,900,925,950,975,1000,1025,1050,1075,1100,1125,1150,1175,1250,1275,1300,1325,1350,1375,1400,1425,1450,1475,1500,1525,1550,1575,1600,1625,1650,1675,1700,1725,1750,1775,1800,1875,1900,1925,1950,1975,2000,2025,2050,2075,2100,2150,2175,2200,2225,2250,2275,2300,2325,2350,2375,2425,2450,2475,2500,2525,2550,2575,2600,2625,2650,2675,2700,2725,2775,2800,2850,2875,2900,2925,2950,2975,3000,3025,3050,3075,3100,3125,3150,3175,3225,3250,3275,3300,3325,3350,3375,3400,3425,3450,3475,3500,3525,3550,3575,3600,3625,3650,3675,3700,3725,3750,3775,3825,3850,3925,3975,4000,4025,4050,4075,4100,4125,4150,4225,4250,4275,4300,4325,4350,4400,4425,4450,4500,4525,4575,4625,4650,4675,4700,4725,4775,4800,4825,4875,4925,4975,5025,5050,5075,5100,5125,5150,5175,5200,5250,5350,5375,5400,5425,5450,5475,5500,5525,5575,5625,5650,5700,5725,5750,5800,5825,5850,5900,6125,6150,6175,6300,6425,6450,6675,6750,7075,7125,7150,7175,7550,7600,7675,7775,8275,8500,11500],
"fitness": [15519.239258,15267.481445,15055.257812,14945.841797,14738.242188,14651.390625,14490.962891,14354.159180,14225.672852,14114.289062,14093.111328,13979.919922,13949.997070,13852.401367,13752.295898,13659.172852,13642.150391,13616.746094,13559.631836,13488.090820,13456.905273,13393.259766,13385.980469,13322.912109,13293.303711,13266.602539,13225.239258,13221.559570,13155.000000,13101.044922,13059.433594,13029.432617,13005.140625,12981.894531,12957.555664,12938.058594,12912.708008,12844.074219,12808.411133,12746.377930,12701.306641,12653.375977,12602.132812,12579.449219,12549.240234,12485.214844,12453.588867,12414.104492,12355.724609,12319.627930,12301.449219,12264.435547,12241.068359,12210.461914,12159.664062,12149.667969,12102.846680,12083.136719,12028.339844,12024.185547,11962.336914,11942.618164,11916.253906,11858.784180,11854.836914,11793.301758,11741.906250,11710.281250,11649.258789,11608.167969,11571.032227,11543.346680,11538.408203,11524.152344,11494.291016,11470.195312,11436.624023,11426.645508,11383.609375,11357.409180,11332.355469,11324.701172,11278.228516,11260.558594,11233.795898,11186.644531,11155.661133,11139.523438,11099.109375,11080.809570,11069.282227,11048.843750,11025.331055,11009.301758,11001.305664,10980.999023,10949.110352,10899.359375,10851.153320,10824.901367,10775.753906,10741.325195,10731.457031,10703.942383,10680.223633,10671.337891,10663.702148,10644.771484,10627.205078,10613.942383,10585.316406,10569.738281,10539.038086,10538.334961,10499.316406,10471.283203,10427.592773,10391.322266,10372.012695,10342.958008,10329.250000,10305.161133,10295.508789,10275.185547,10264.970703,10228.346680,10192.589844,10186.604492,10176.415039,10169.322266,10142.450195,10141.867188,10115.134766,10094.056641,10067.339844,10048.117188,9991.252930,9988.557617,9948.422852,9895.860352,9877.268555,9825.974609,9774.163086,9755.712891,9734.785156,9687.877930,9679.527344,9658.181641,9637.654297,9621.427734,9593.852539,9573.564453,9568.608398,9547.213867,9534.043945,9522.445312,9504.253906,9483.921875,9477.989258,9452.752930,9442.720703,9437.546875,9425.436523,9386.802734,9370.755859,9347.709961,9307.142578,9294.081055,9262.997070,9261.750977,9257.313477,9250.662109,9245.323242,9223.694336,9203.245117,9185.961914,9174.507812,9160.507812,9122.214844,9100.430664,9069.530273,9041.233398,9040.667969,9032.917969,9024.338867,8994.396484,8991.095703,8955.794922,8952.593750,8913.056641,8903.705078,8899.445312,8892.624023,8883.858398,8881.081055,8870.338867,8860.284180,8845.040039,8840.269531,8804.058594,8786.350586,8778.113281,8754.284180,8753.827148,8724.411133,8712.500977,8711.354492,8677.997070,8676.369141,8671.536133,8666.859375,8657.053711,8642.747070,8638.888672,8637.854492,8636.409180,8632.234375,8629.272461,8628.142578,8621.885742,8621.885742]
}