{
"iteraciones": [50,75,100,125,150,175,200,225,250,300,325,350,375,400,425,450,475,500,525,550,575,600,625,650,675,700,725,750,800,825,850,875,900,925,950,975,1000,1025,1050,1075,1100,1125,1150,1175,1200,1225,1250,1275,1300,1325,1350,1375,1400,1450,1475,1500,1525,1550,1575,1600,1625,1650,1675,1700,1725,1750,1775,1800,1825,1875,1900,1925,1975,2000,2025,2050,2075,2100,2125,2150,2175,2200,2225,2250,2275,2300,2375,2400,2450,2500,2550,2625,2675,2700,2725,2750,2775,2825,2900,2925,2950,2975,3000,3025,3050,3075,3100,3125,3150,3175,3200,3250,3275,3325,3350,3450,3525,3550,3650,3675,3700,3750,3775,3875,3900,3925,3950,3975,4000,4025,4050,4100,4125,4150,4175,4200,4225,4250,4275,4300,4325,4375,4400,4425,4450,4475,4500,4525,4550,4575,4625,4650,4725,4750,4775,4825,4850,4875,4900,4950,5025,5050,5075,5100,5125,5150,5200,5250,5275,5300,5325,5350,5375,5400,5425,5450,5500,5525,5550,5575,5600,5625,5675,5725,5750,5775,5850,5900,5950,6000,6025,6050,6075,6100,6125,6150,6175,6200,6225,6275,6300,6325,6350,6375,6400,6450,6550,6575,6600,6625,6650,6675,6700,6725,6750,6775,6800,6825,6875,6900,6950,6975,7025,7050,7075,7175,7200,7250,7275,7350,7375,7450,7475,7550,7625,7650,7675,7700,7725,7750,7775,7825,7925,7950,8000,8100,8150,8300,8500,8525,8550,8575,8625,8650,8675,8750,8775,9300,9325,9350,10375,10425,11175,11200,14200],
"fitness": [15098.937500,14830.873047,14713.385742,14492.057617,14222.625000,14052.818359,13923.710938,13819.444336,13703.357422,13649.634766,13580.798828,13534.857422,13483.027344,13412.235352,13394.871094,13332.000000,13251.932617,13219.379883,13206.149414,13134.005859,13104.027344,13086.762695,13070.001953,13017.429688,12996.550781,12943.334961,12901.874023,12857.071289,12807.237305,12796.183594,12785.228516,12765.177734,12723.419922,12676.653320,12652.693359,12628.000000,12616.393555,12582.736328,12567.140625,12542.155273,12519.696289,12505.151367,12488.000000,12436.158203,12385.678711,12345.586914,12297.307617,12290.171875,12269.055664,12255.658203,12222.755859,12191.446289,12175.206055,12161.777344,12132.313477,12108.764648,12071.863281,12067.934570,12030.047852,12018.185547,11999.926758,11990.767578,11959.551758,11941.272461,11926.952148,11891.621094,11853.316406,11787.463867,11752.490234,11728.500000,11713.250977,11701.038086,11681.615234,11680.696289,11677.573242,11666.754883,11664.717773,11653.381836,11646.059570,11642.605469,11623.710938,11606.412109,11597.390625,11582.057617,11568.814453,11547.832031,11515.885742,11508.035156,11499.765625,11479.984375,11476.585938,11446.042969,11430.968750,11427.619141,11423.035156,11422.750000,11406.759766,11390.127930,11376.269531,11362.974609,11361.815430,11338.436523,11322.415039,11310.045898,11302.418945,11291.562500,11286.174805,11284.051758,11274.583984,11265.670898,11257.532227,11256.787109,11253.639648,11248.675781,11244.799805,11235.068359,11221.391602,11211.127930,11207.000000,11206.418945,11202.849609,11199.578125,11192.356445,11191.006836,11185.000000,11172.631836,11163.753906,11160.115234,11157.956055,11147.744141,11134.392578,11133.733398,11116.172852,11112.845703,11106.258789,11105.739258,11099.791016,11098.652344,11094.171875,11089.611328,11082.225586,11066.583984,11059.572266,11057.754883,11044.232422,11035.442383,11033.250000,11019.895508,11015.931641,11002.408203,10996.307617,10985.205078,10956.368164,10953.573242,10945.549805,10926.000000,10908.137695,10901.081055,10900.491211,10873.673828,10870.561523,10862.399414,10858.038086,10852.128906,10843.440430,10821.237305,10802.561523,10777.241211,10776.317383,10763.039062,10741.009766,10732.356445,10715.813477,10688.289062,10687.275391,10665.320312,10660.035156,10640.029297,10633.434570,10627.470703,10617.000000,10564.470703,10527.453125,10507.198242,10471.547852,10443.798828,10441.836914,10413.612305,10397.447266,10364.684570,10350.846680,10345.892578,10337.688477,10322.189453,10317.325195,10302.075195,10300.762695,10292.535156,10256.162109,10238.262695,10218.616211,10208.252930,10198.383789,10191.019531,10187.717773,10176.359375,10160.932617,10150.667969,10137.056641,10099.251953,10093.940430,10069.505859,10053.193359,9992.102539,9980.492188,9946.078125,9942.254883,9873.690430,9863.736328,9854.110352,9850.000000,9830.777344,9806.711914,9783.928711,9769.800781,9763.136719,9751.948242,9745.246094,9729.047852,9718.986328,9702.724609,9675.138672,9659.207031,9649.708008,9645.555664,9628.850586,9600.242188,9589.192383,9588.557617,9575.032227,9562.090820,9545.548828,9541.399414,9531.146484,9490.921875,9480.542969,9471.719727,9462.935547,9453.548828,9448.910156,9446.392578,9428.065430,9417.477539,9412.242188,9409.989258,9408.826172,9382.806641,9379.015625,9377.062500,9352.476562,9333.784180,9329.533203,9317.697266,9315.907227,9315.000000]
}