{
"iteraciones": [25,50,75,100,125,150,175,200,225,250,275,300,325,350,375,400,425,450,475,500,525,550,575,600,625,650,675,700,725,750,775,800,825,850,875,900,925,950,975,1000,1025,1050,1075,1100,1125,1150,1175,1200,1225,1275,1300,1325,1350,1375,1400,1425,1450,1500,1525,1550,1575,1600,1625,1650,1675,1725,1750,1775,1800,1850,1875,1900,1975,2000,2025,2075,2100,2125,2150,2175,2225,2250,2275,2300,2325,2350,2375,2400,2425,2500,2525,2550,2575,2600,2625,2650,2700,2725,2750,2775,2800,2825,2875,2900,2925,2950,2975,3000,3025,3050,3075,3125,3150,3175,3200,3225,3250,3275,3300,3375,3400,3425,3450,3475,3500,3525,3550,3575,3625,3650,3675,3700,3725,3750,3775,3800,3825,3850,3875,3900,3925,3950,3975,4025,4075,4100,4125,4150,4175,4250,4275,4325,4350,4375,4400,4475,4500,4600,4750,4775,4850,4875,4925,4950,4975,5000,5175,5250,5275,5325,5375,5550,5575,5600,5650,5675,5850,6150,6175,6225,6275,6600,6625,6650,7050,7075,7175,7200,7225,7575,7700,7750,10750],
"fitness": [15153.726562,15081.122070,14875.416992,14463.166992,14319.293945,14276.320312,14197.399414,13946.257812,13822.599609,13679.791016,13645.305664,13506.394531,13461.282227,13343.973633,13228.734375,13142.538086,13103.226562,13079.353516,13001.932617,12980.000000,12888.738281,12870.044922,12831.901367,12808.590820,12779.613281,12743.636719,12707.240234,12694.884766,12651.962891,12610.122070,12572.003906,12549.868164,12534.721680,12488.434570,12459.779297,12433.601562,12405.821289,12369.150391,12332.698242,12310.047852,12282.273438,12249.055664,12211.851562,12177.345703,12163.604492,12125.092773,12083.870117,12052.083008,12004.499023,11988.364258,11943.607422,11917.990234,11911.935547,11886.673828,11854.799805,11830.935547,11773.666016,11703.909180,11687.736328,11677.627930,11637.139648,11621.821289,11582.081055,11539.308594,11520.272461,11502.267578,11476.117188,11448.648438,11380.452148,11365.781250,11290.602539,11267.718750,11201.695312,11169.171875,11121.082031,11096.432617,11037.698242,11009.425781,11006.768555,10943.551758,10903.087891,10891.600586,10873.195312,10863.339844,10855.565430,10845.141602,10793.499023,10787.000000,10693.343750,10680.310547,10649.125977,10638.574219,10620.446289,10571.819336,10562.620117,10511.634766,10456.923828,10429.946289,10411.440430,10387.372070,10376.388672,10334.458008,10330.341797,10298.145508,10297.866211,10276.209961,10263.988281,10223.475586,10205.298828,10187.833984,10152.829102,10132.956055,10092.921875,10065.994141,10054.416992,10019.046875,9984.698242,9976.670898,9935.623047,9910.897461,9906.665039,9888.370117,9871.410156,9827.163086,9789.560547,9768.720703,9747.393555,9745.425781,9692.769531,9677.454102,9657.515625,9650.861328,9634.321289,9624.306641,9582.014648,9562.512695,9552.755859,9547.987305,9544.663086,9519.580078,9489.149414,9487.339844,9460.748047,9449.291016,9420.422852,9372.305664,9331.511719,9310.439453,9237.736328,9233.564453,9190.685547,9165.641602,9161.391602,9155.522461,9103.201172,9089.535156,9053.701172,9021.950195,9017.221680,9001.323242,8998.346680,8950.984375,8919.714844,8909.447266,8905.912109,8863.244141,8841.989258,8840.669922,8833.995117,8827.790039,8785.039062,8781.495117,8765.288086,8743.965820,8710.155273,8708.743164,8701.934570,8700.477539,8683.666016,8680.217773,8656.387695,8645.651367,8639.901367,8638.998047,8635.392578,8632.890625,8630.741211,8629.929688,8627.891602,8626.612305,8624.148438,8621.885742,8621.885742]
}