{
"iteraciones": [25,50,75,100,125,150,175,250,275,325,350,375,400,425,450,475,500,525,550,575,600,625,675,700,725,750,775,800,825,850,875,900,925,950,975,1000,1025,1050,1075,1100,1125,1150,1175,1200,1225,1250,1275,1300,1325,1350,1375,1400,1425,1450,1475,1500,1525,1550,1575,1600,1625,1675,1725,1750,1775,1825,1900,1925,1950,1975,2000,2050,2075,2100,2125,2150,2175,2200,2225,2250,2275,2300,2325,2350,2375,2400,2425,2450,2475,2525,2550,2575,2600,2625,2650,2675,2700,2725,2800,2825,2850,2875,2900,2950,2975,3000,3050,3075,3100,3125,3150,3175,3200,3225,3250,3275,3300,3325,3350,3375,3450,3475,3500,3525,3575,3600,3625,3650,3675,3725,3750,3775,3825,3875,3900,3925,3950,3975,4050,4075,4100,4125,4150,4175,4200,4225,4300,4325,4400,4425,4475,4500,4550,4575,4600,4625,4650,4675,4700,4725,4775,4800,4850,4875,4900,4925,4950,4975,5000,5025,5075,5100,5200,5225,5250,5275,5300,5325,5350,5425,5475,5500,5525,5550,5575,5675,5700,5725,5750,5875,5900,5925,5975,6000,6025,6050,6075,6100,6300,6425,6475,6550,6575,6600,6650,6725,7250,7300,7325,7400,7650,7925,9125,10025,10250,10275,13275],
"fitness": [15288.500977,15069.122070,14727.609375,14591.390625,14562.446289,14345.968750,13775.989258,13735.240234,13552.064453,13436.534180,13347.851562,13255.864258,13213.730469,13145.735352,13057.209961,13021.000000,12909.306641,12864.109375,12811.295898,12778.660156,12725.600586,12657.400391,12637.493164,12593.887695,12588.328125,12518.881836,12494.397461,12457.084961,12448.334961,12423.319336,12375.634766,12328.759766,12315.066406,12240.199219,12229.636719,12194.023438,12184.018555,12154.572266,12133.340820,12108.225586,12071.374023,12062.244141,12017.596680,11999.574219,11977.000000,11943.570312,11905.095703,11895.155273,11841.693359,11829.917969,11777.331055,11768.262695,11709.806641,11697.963867,11626.600586,11604.508789,11586.457031,11578.313477,11564.877930,11560.601562,11534.024414,11491.337891,11445.514648,11421.742188,11396.024414,11351.956055,11344.226562,11323.233398,11320.100586,11308.804688,11275.889648,11270.327148,11257.093750,11224.175781,11207.289062,11182.129883,11171.399414,11162.118164,11146.882812,11137.976562,11115.731445,11107.324219,11069.400391,11063.831055,11054.586914,11019.444336,11002.500977,10972.713867,10950.772461,10935.877930,10929.146484,10912.819336,10903.152344,10882.584961,10871.230469,10831.916992,10813.000000,10755.498047,10746.642578,10707.216797,10701.117188,10671.131836,10649.382812,10645.476562,10637.766602,10617.802734,10589.340820,10586.159180,10570.394531,10538.958008,10523.488281,10508.254883,10502.260742,10476.740234,10441.630859,10419.943359,10413.629883,10393.300781,10366.513672,10344.812500,10326.195312,10308.000000,10291.785156,10277.256836,10219.234375,10209.500000,10198.914062,10160.201172,10148.246094,10128.564453,10111.000000,10093.420898,10073.091797,10054.349609,10038.255859,10032.471680,10013.362305,9948.810547,9934.111328,9912.295898,9911.336914,9872.022461,9844.585938,9833.791016,9821.756836,9782.365234,9750.881836,9703.895508,9667.462891,9628.140625,9598.541016,9581.655273,9551.540039,9536.844727,9509.966797,9501.678711,9495.805664,9452.310547,9432.165039,9421.681641,9397.401367,9360.457031,9320.687500,9310.221680,9305.000000,9250.833008,9242.577148,9187.916992,9178.500000,9140.671875,9138.382812,9106.566406,9088.346680,9081.453125,9068.220703,9054.106445,9047.688477,9025.588867,9005.182617,8986.645508,8982.795898,8965.396484,8953.804688,8949.170898,8948.000000,8937.915039,8934.826172,8908.406250,8885.523438,8871.072266,8868.853516,8812.927734,8800.801758,8783.792969,8781.488281,8766.110352,8753.398438,8741.262695,8736.743164,8723.348633,8717.593750,8716.497070,8708.440430,8702.645508,8693.278320,8685.801758,8668.748047,8664.775391,8651.618164,8647.688477,8631.742188,8630.659180,8629.205078,8628.142578,8624.148438,8621.885742,8621.885742]
}