{
"iteraciones": [25,50,75,100,125,150,175,200,225,250,275,300,325,350,375,400,425,450,475,500,525,575,600,625,650,675,700,750,775,800,825,850,875,900,925,950,975,1000,1025,1050,1075,1100,1125,1150,1175,1200,1225,1250,1275,1300,1325,1350,1375,1400,1425,1450,1475,1500,1525,1550,1575,1600,1625,1650,1700,1725,1750,1775,1800,1825,1850,1875,1900,1925,1950,1975,2000,2025,2050,2075,2100,2125,2150,2175,2200,2225,2250,2300,2325,2350,2375,2450,2475,2500,2525,2550,2575,2600,2625,2650,2675,2700,2725,2750,2775,2800,2825,2850,2875,2900,2925,2950,2975,3000,3025,3050,3075,3100,3125,3150,3175,3200,3225,3250,3300,3325,3375,3425,3475,3525,3550,3575,3600,3625,3675,3700,3725,3750,3775,3800,3825,3850,3875,3950,3975,4000,4025,4050,4075,4100,4150,4175,4200,4275,4325,4350,4400,4425,4450,4475,4500,4550,4625,4650,4700,4725,4750,4775,4800,4950,4975,5000,5050,5075,5100,5150,5200,5225,5275,5325,5350,5625,5675,5775,5800,6075,6125,6200,6275,6375,6525,6900,6975,7075,7275,7475,7550,7625,7675,9675,12675],
"fitness": [15384.443359,15180.019531,14906.881836,14807.825195,14689.376953,14473.489258,14412.020508,14309.542969,14229.235352,14160.019531,14060.804688,13977.668945,13944.876953,13873.451172,13797.350586,13756.771484,13694.250977,13617.216797,13608.217773,13570.674805,13490.242188,13459.839844,13392.901367,13367.529297,13303.024414,13281.738281,13220.943359,13108.739258,13100.428711,13061.669922,13011.337891,12990.336914,12965.464844,12896.718750,12862.416992,12828.280273,12760.720703,12719.509766,12696.232422,12668.598633,12650.485352,12616.759766,12570.000000,12552.310547,12535.347656,12499.769531,12483.882812,12441.324219,12439.620117,12418.987305,12390.500000,12361.841797,12299.955078,12278.583984,12242.466797,12202.976562,12176.801758,12152.833984,12127.636719,12089.241211,12083.035156,12048.279297,12002.642578,11944.928711,11917.695312,11895.880859,11854.937500,11848.383789,11824.099609,11792.046875,11771.390625,11758.781250,11722.123047,11697.430664,11672.043945,11648.235352,11642.517578,11616.867188,11594.648438,11564.995117,11549.384766,11547.906250,11530.354492,11517.084961,11504.256836,11497.902344,11482.041016,11458.972656,11445.000000,11390.111328,11342.178711,11310.396484,11286.449219,11245.122070,11210.600586,11189.297852,11160.710938,11119.657227,11104.959961,11067.596680,11058.000000,11043.305664,11025.611328,10998.798828,10986.171875,10945.021484,10919.473633,10888.852539,10860.832031,10823.776367,10807.830078,10799.875977,10794.397461,10778.919922,10757.008789,10732.903320,10716.921875,10699.841797,10668.695312,10661.622070,10626.175781,10606.326172,10594.888672,10552.452148,10535.924805,10514.431641,10492.021484,10485.175781,10457.749023,10434.198242,10420.243164,10415.024414,10386.075195,10358.134766,10332.175781,10317.215820,10263.186523,10257.674805,10226.231445,10217.285156,10200.816406,10178.921875,10145.947266,10142.185547,10121.827148,10097.173828,10095.463867,10091.345703,10063.850586,10042.431641,10033.990234,9984.943359,9942.963867,9903.173828,9886.133789,9872.992188,9867.973633,9828.189453,9827.667969,9771.340820,9751.542969,9726.892578,9723.048828,9681.337891,9678.690430,9675.486328,9662.605469,9656.424805,9653.224609,9640.541016,9628.706055,9615.958008,9601.433594,9579.292969,9557.912109,9539.386719,9521.314453,9510.504883,9509.686523,9506.330078,9485.562500,9484.378906,9480.191406,9479.702148,9472.300781,9448.886719,9440.570312,9407.393555,9389.461914,9373.161133,9372.943359,9362.802734,9350.836914,9349.741211,9347.664062,9332.539062,9324.283203,9319.513672,9317.697266,9315.638672,9315.638672]
}