{
"iteraciones": [25,50,75,100,125,150,175,200,225,275,300,325,350,375,400,425,450,475,500,525,550,575,600,625,650,675,700,725,750,775,800,825,850,875,900,925,950,975,1000,1025,1050,1075,1100,1125,1150,1175,1200,1225,1250,1275,1300,1325,1350,1375,1400,1425,1450,1475,1500,1525,1550,1575,1600,1625,1650,1675,1700,1725,1775,1800,1825,1850,1875,1950,1975,2025,2050,2075,2125,2175,2200,2225,2250,2275,2300,2350,2375,2425,2475,2525,2600,2625,2650,2675,2700,2725,2750,2775,2800,2825,2850,2875,2925,2950,2975,3025,3075,3100,3125,3175,3200,3225,3250,3275,3325,3350,3375,3400,3425,3475,3525,3575,3600,3625,3650,3700,3725,3750,3775,3800,3825,3850,3900,3950,3975,4000,4025,4050,4075,4100,4125,4150,4175,4200,4225,4250,4275,4300,4350,4400,4425,4475,4500,4525,4550,4575,4600,4625,4650,4675,4725,4750,4775,4800,4850,5075,5100,5150,5175,5225,5250,5300,5325,5350,5475,5500,5525,5550,5625,5650,5675,5700,5800,5825,5850,5875,5900,5975,6000,6025,6050,6075,6100,6125,6150,6175,6200,6250,6325,6350,6400,6425,6475,6525,6575,6625,6700,6750,6800,6825,6850,6875,6975,7000,7050,7575,7850,7925,7975,8000,8025,8075,8100,8275,8750,8775,9000,9025,9050,9125,9150,9175,12175],
"fitness": [15467.704102,15144.247070,14982.151367,14801.047852,14690.421875,14550.229492,14516.561523,14452.941406,14276.436523,14220.617188,14138.122070,13978.000977,13928.839844,13826.385742,13760.030273,13700.631836,13697.958008,13646.277344,13623.525391,13587.228516,13535.682617,13518.092773,13484.590820,13470.797852,13437.644531,13386.121094,13332.811523,13308.082031,13285.124023,13204.565430,13148.953125,13138.575195,13075.728516,13060.160156,12998.036133,12991.179688,12934.246094,12912.600586,12881.291992,12856.797852,12814.596680,12783.176758,12762.157227,12732.286133,12705.295898,12689.284180,12651.057617,12621.904297,12605.486328,12542.600586,12504.307617,12489.897461,12440.093750,12402.495117,12398.000000,12354.715820,12337.922852,12309.935547,12308.410156,12266.165039,12226.905273,12225.138672,12204.621094,12185.930664,12153.162109,12149.688477,12122.988281,12080.225586,12063.919922,12047.072266,11993.995117,11983.000000,11938.380859,11917.003906,11881.074219,11854.403320,11835.422852,11768.458008,11756.862305,11748.532227,11726.650391,11707.570312,11701.867188,11683.911133,11647.864258,11622.422852,11561.082031,11529.881836,11521.579102,11493.668945,11486.386719,11466.603516,11458.474609,11454.283203,11418.986328,11413.739258,11411.644531,11373.625977,11368.482422,11353.000000,11333.136719,11304.634766,11295.713867,11274.304688,11257.157227,11218.175781,11215.543945,11200.693359,11180.853516,11179.811523,11171.303711,11156.388672,11132.759766,11121.895508,11108.050781,11098.666016,11087.716797,11072.480469,11036.365234,11016.145508,11004.986328,10983.713867,10979.427734,10967.992188,10953.873047,10945.406250,10937.794922,10931.436523,10912.544922,10893.807617,10868.164062,10853.322266,10815.632812,10803.473633,10782.483398,10771.710938,10753.051758,10751.775391,10718.830078,10705.124023,10690.115234,10663.000977,10627.790039,10626.147461,10595.836914,10571.521484,10570.811523,10514.659180,10512.119141,10495.886719,10481.654297,10475.947266,10474.703125,10444.248047,10426.423828,10396.756836,10392.070312,10382.535156,10348.353516,10347.107422,10327.985352,10288.037109,10271.366211,10233.219727,10225.929688,10218.423828,10205.356445,10203.805664,10177.315430,10152.896484,10127.126953,10122.144531,10100.613281,10075.518555,10038.091797,10015.461914,9996.000000,9976.982422,9975.187500,9939.496094,9935.970703,9912.194336,9897.693359,9870.317383,9854.186523,9827.747070,9804.562500,9803.987305,9780.412109,9766.964844,9755.183594,9750.798828,9711.819336,9688.505859,9671.722656,9662.877930,9657.093750,9601.935547,9576.931641,9564.754883,9553.984375,9547.676758,9526.992188,9523.805664,9510.171875,9498.256836,9494.695312,9484.536133,9465.793945,9463.115234,9451.503906,9447.307617,9437.686523,9436.194336,9433.500000,9429.414062,9421.354492,9410.137695,9393.972656,9384.459961,9373.493164,9355.913086,9337.256836,9336.697266,9335.132812,9334.851562,9333.227539,9325.630859,9320.629883,9318.302734,9317.697266,9315.638672,9315.000000]
}