{
"iteraciones": [25,50,75,100,125,150,175,200,225,250,275,300,325,350,375,400,425,475,500,525,550,575,600,625,650,675,700,725,750,775,800,825,850,875,900,925,950,975,1000,1025,1050,1075,1100,1125,1150,1175,1200,1225,1250,1275,1300,1325,1350,1375,1400,1425,1450,1475,1525,1575,1600,1625,1650,1675,1700,1725,1750,1775,1800,1825,1850,1875,1900,1925,1950,1975,2000,2025,2050,2075,2125,2150,2175,2200,2225,2250,2275,2300,2325,2350,2400,2425,2450,2525,2550,2625,2650,2675,2700,2725,2750,2800,2825,2850,2875,2900,2925,2950,2975,3025,3050,3075,3100,3125,3175,3200,3225,3250,3350,3375,3425,3475,3500,3525,3550,3650,3675,3725,3750,3825,3950,3975,4000,4025,4050,4100,4125,4175,4225,4250,4275,4300,4325,4400,4525,4550,4600,4800,4875,4900,4950,5125,5175,5200,5225,5425,5550,5600,6050,6100,6125,6250,6825,7950,8075,8125,8225,8275,10975,13975],
"fitness": [15085.277344,15013.548828,14867.001953,14677.485352,14615.096680,14449.685547,14299.801758,14108.148438,14057.641602,13945.910156,13865.957031,13779.021484,13647.114258,13571.546875,13526.834961,13424.579102,13288.750977,13248.337891,13207.910156,13162.538086,13079.436523,13031.656250,12990.652344,12963.691406,12946.607422,12910.657227,12885.976562,12834.953125,12776.092773,12717.081055,12669.218750,12596.458984,12570.521484,12559.043945,12518.775391,12475.590820,12458.165039,12423.881836,12362.921875,12303.385742,12281.745117,12251.629883,12231.881836,12133.545898,12069.907227,12047.318359,12007.107422,11949.069336,11909.377930,11835.176758,11752.092773,11723.869141,11660.238281,11623.819336,11558.481445,11534.470703,11477.331055,11388.559570,11316.781250,11311.001953,11289.161133,11250.587891,11187.869141,11175.761719,11121.578125,11097.047852,11094.524414,11041.063477,11004.249023,10971.400391,10916.233398,10910.600586,10866.179688,10798.224609,10795.940430,10748.506836,10712.473633,10673.475586,10666.168945,10582.799805,10571.764648,10543.899414,10513.294922,10467.677734,10434.868164,10420.771484,10392.489258,10367.548828,10344.300781,10296.733398,10274.482422,10270.591797,10253.876953,10235.634766,10183.206055,10136.607422,10095.788086,10068.480469,10005.131836,9975.309570,9932.511719,9904.262695,9872.536133,9829.766602,9817.403320,9785.258789,9775.375000,9761.426758,9748.179688,9746.852539,9728.851562,9719.555664,9693.156250,9670.648438,9666.627930,9636.063477,9597.589844,9544.902344,9535.589844,9481.548828,9439.180664,9438.526367,9394.946289,9373.592773,9321.590820,9289.087891,9285.160156,9262.833008,9249.311523,9207.661133,9194.216797,9176.681641,9172.074219,9165.610352,9119.556641,9067.813477,9037.943359,8982.235352,8936.148438,8916.011719,8893.312500,8855.218750,8854.997070,8852.598633,8847.383789,8798.618164,8790.256836,8769.270508,8755.511719,8726.652344,8722.685547,8720.478516,8712.662109,8709.361328,8705.330078,8701.389648,8697.735352,8686.866211,8667.561523,8666.166992,8643.208984,8638.202148,8634.484375,8632.297852,8628.098633,8627.821289,8626.728516,8624.148438,8621.885742,8621.885742]
}