{
"iteraciones": [25,50,75,100,125,150,175,200,225,250,275,300,325,350,375,400,425,450,475,500,525,550,575,600,625,650,700,725,750,775,800,825,850,875,900,925,950,975,1000,1050,1075,1100,1125,1150,1175,1200,1225,1250,1275,1300,1325,1350,1375,1400,1425,1450,1475,1500,1525,1550,1600,1625,1650,1675,1700,1725,1750,1775,1800,1825,1850,1875,1900,1925,1950,1975,2000,2025,2050,2075,2100,2125,2150,2175,2200,2225,2250,2275,2300,2325,2350,2375,2400,2425,2450,2475,2525,2575,2600,2625,2650,2675,2700,2725,2800,2825,2850,2875,2900,2975,3000,3025,3050,3075,3100,3150,3175,3200,3225,3275,3300,3325,3350,3375,3400,3425,3450,3475,3500,3525,3550,3575,3600,3625,3650,3675,3700,3725,3750,3775,3800,3825,3875,3900,3925,3975,4000,4025,4075,4100,4125,4150,4175,4200,4225,4250,4300,4325,4350,4375,4400,4425,4450,4475,4500,4525,4550,4575,4600,4625,4650,4675,4700,4725,4750,4775,4800,4825,4850,4875,4900,4950,4975,5000,5075,5125,5150,5175,5200,5250,5275,5300,5375,5400,5425,5450,5550,5675,5700,5750,5800,6000,6100,6125,6325,6350,6375,6400,6450,6600,6675,6725,6925,7075,7100,7150,7250,7325,7350,7375,7750,7800,8325,8425,8475,8500,8625,8750,8925,11925],
"fitness": [15203.441406,14978.314453,14882.812500,14721.630859,14506.446289,14418.036133,14340.833984,14236.360352,14117.480469,14085.111328,14020.196289,13906.074219,13874.185547,13819.728516,13793.344727,13733.367188,13690.471680,13660.813477,13599.749023,13537.718750,13511.335938,13454.714844,13422.788086,13368.043945,13351.203125,13227.222656,13198.726562,13191.039062,13161.517578,13118.585938,13105.307617,13073.699219,13034.029297,13013.645508,12979.833008,12946.791016,12921.000000,12865.677734,12778.067383,12767.664062,12750.958008,12700.654297,12635.525391,12604.125977,12565.063477,12548.302734,12516.704102,12483.686523,12462.921875,12411.078125,12392.653320,12371.025391,12329.632812,12316.339844,12255.991211,12223.050781,12191.751953,12175.668945,12126.277344,12096.890625,12093.783203,12049.555664,12020.783203,11980.522461,11971.231445,11941.776367,11904.473633,11870.275391,11835.193359,11796.216797,11781.958984,11722.767578,11698.666016,11688.529297,11666.325195,11654.529297,11636.076172,11589.009766,11574.421875,11558.439453,11547.095703,11503.884766,11490.495117,11471.154297,11461.840820,11443.017578,11434.426758,11420.594727,11385.708008,11378.213867,11341.989258,11310.088867,11292.176758,11287.027344,11259.221680,11227.619141,11185.065430,11180.402344,11157.018555,11133.827148,11118.299805,11108.839844,11104.614258,11052.383789,11037.878906,11017.958008,10976.188477,10963.521484,10916.371094,10903.281250,10883.434570,10865.408203,10840.532227,10826.774414,10811.489258,10790.902344,10767.416016,10757.526367,10727.040039,10681.755859,10663.925781,10651.055664,10622.505859,10608.125977,10592.442383,10563.079102,10551.312500,10531.375977,10514.654297,10498.777344,10474.184570,10464.265625,10434.622070,10419.808594,10397.316406,10378.633789,10321.106445,10316.793945,10292.489258,10257.687500,10247.174805,10236.035156,10215.218750,10214.550781,10210.633789,10187.180664,10173.974609,10143.086914,10114.000000,10073.304688,10044.000000,10023.649414,10014.716797,9987.361328,9972.909180,9935.539062,9929.716797,9889.701172,9853.400391,9850.981445,9823.737305,9805.427734,9777.509766,9755.898438,9717.792969,9709.000977,9694.000000,9669.222656,9632.168945,9602.508789,9567.280273,9537.346680,9519.796875,9504.654297,9481.958984,9477.465820,9436.200195,9418.135742,9362.048828,9340.559570,9315.125977,9309.947266,9267.692383,9239.808594,9212.179688,9170.125977,9144.279297,9121.450195,9110.946289,9107.929688,9081.881836,9079.161133,9078.023438,9062.523438,9022.377930,8996.224609,8967.516602,8962.311523,8950.917969,8941.347656,8930.373047,8896.153320,8879.136719,8865.415039,8863.371094,8842.834961,8834.565430,8804.171875,8782.433594,8767.453125,8764.355469,8743.343750,8740.670898,8708.151367,8705.401367,8703.268555,8700.352539,8671.454102,8668.519531,8665.947266,8653.693359,8649.777344,8642.663086,8639.654297,8638.526367,8637.725586,8633.030273,8630.704102,8621.885742,8621.885742]
}