{
"iteraciones": [25,50,75,100,125,150,175,200,225,250,275,300,325,350,375,400,425,450,475,500,525,550,575,600,625,650,675,700,725,750,775,800,825,850,875,900,925,950,975,1000,1025,1050,1075,1100,1125,1150,1175,1200,1225,1250,1275,1325,1350,1375,1400,1425,1450,1475,1500,1525,1550,1575,1600,1625,1650,1675,1700,1750,1775,1825,1850,1875,1900,1925,1950,2000,2025,2050,2075,2125,2150,2175,2200,2225,2250,2275,2300,2325,2350,2375,2400,2425,2450,2475,2500,2525,2550,2575,2600,2650,2675,2700,2725,2750,2800,2825,2850,2875,2900,2925,2950,2975,3000,3025,3050,3075,3100,3125,3150,3175,3200,3225,3250,3275,3300,3350,3375,3475,3500,3550,3600,3625,3650,3675,3700,3725,3750,3775,3800,3875,3900,3925,3950,3975,4000,4025,4100,4150,4175,4225,4275,4300,4325,4350,4400,4425,4450,4475,4500,4525,4550,4575,4600,4625,4700,4725,4750,4800,4825,4850,4875,4900,4925,5000,5025,5050,5075,5175,5225,5450,5500,5525,5575,5650,5750,5800,5825,5850,5875,5900,6200,6425,6625,7225,7250,7275,7350,7650,8250,8775,8800,10550,12250,15250],
"fitness": [15232.246094,15020.053711,14812.533203,14735.883789,14562.389648,14405.784180,14354.857422,14276.975586,14157.265625,14011.092773,13963.379883,13897.622070,13836.655273,13768.498047,13724.208984,13711.602539,13629.352539,13622.878906,13579.136719,13501.765625,13481.214844,13452.497070,13411.849609,13410.882812,13368.906250,13346.415039,13301.791016,13270.066406,13213.198242,13207.203125,13160.145508,13135.419922,13094.329102,13054.413086,13030.192383,13004.071289,12959.641602,12928.905273,12891.541016,12865.781250,12808.223633,12781.765625,12755.113281,12708.061523,12682.242188,12640.083008,12592.791016,12566.457031,12551.785156,12516.143555,12451.111328,12416.457031,12406.279297,12385.560547,12349.343750,12315.982422,12303.714844,12256.448242,12232.370117,12176.601562,12160.024414,12102.941406,12081.220703,12057.217773,11992.964844,11932.593750,11886.762695,11863.488281,11784.833984,11750.443359,11726.031250,11682.354492,11625.813477,11597.568359,11540.419922,11508.431641,11465.443359,11430.032227,11357.139648,11337.541016,11323.950195,11280.350586,11240.780273,11203.743164,11201.453125,11146.041016,11130.951172,11076.326172,11048.714844,11022.480469,11012.470703,11004.733398,10973.856445,10961.318359,10945.687500,10912.322266,10896.364258,10877.879883,10849.080078,10818.938477,10792.236328,10751.064453,10709.320312,10684.729492,10671.087891,10648.912109,10632.691406,10615.796875,10587.466797,10575.647461,10539.473633,10526.366211,10520.259766,10492.753906,10476.417969,10447.364258,10429.237305,10388.650391,10380.794922,10345.147461,10291.190430,10270.625977,10212.673828,10135.595703,10112.639648,10048.959961,10036.202148,10017.812500,9967.774414,9904.854492,9881.643555,9838.962891,9812.926758,9773.400391,9766.322266,9740.181641,9733.961914,9732.656250,9686.736328,9684.171875,9682.230469,9641.572266,9637.833008,9596.988281,9575.461914,9542.449219,9499.585938,9494.325195,9472.598633,9424.559570,9422.258789,9392.299805,9370.364258,9352.112305,9331.770508,9314.541992,9284.566406,9268.543945,9237.385742,9226.606445,9171.116211,9160.279297,9149.712891,9117.069336,9109.067383,9104.754883,9049.761719,9026.803711,9022.958008,8998.014648,8977.079102,8944.391602,8913.835938,8909.159180,8902.304688,8872.934570,8850.370117,8845.528320,8831.947266,8802.890625,8796.121094,8774.492188,8763.658203,8741.903320,8728.555664,8712.528320,8707.224609,8697.936523,8696.916016,8676.446289,8665.852539,8662.986328,8661.864258,8657.097656,8655.101562,8648.286133,8647.196289,8642.905273,8637.812500,8634.146484,8632.373047,8631.165039,8621.885742,8621.885742]
}