{
"iteraciones": [25,50,75,100,125,150,175,200,225,250,275,325,350,400,425,450,475,500,525,550,575,600,625,650,675,700,725,750,775,800,825,850,875,900,925,950,975,1000,1025,1050,1075,1100,1125,1150,1175,1200,1225,1250,1275,1300,1325,1350,1375,1400,1425,1450,1500,1525,1550,1575,1600,1625,1650,1675,1700,1725,1750,1775,1800,1825,1850,1875,1900,1925,1950,1975,2000,2025,2050,2075,2100,2125,2175,2200,2225,2250,2275,2300,2325,2350,2375,2400,2425,2450,2475,2500,2525,2550,2575,2600,2650,2700,2750,2775,2825,2850,2875,2900,2925,2950,2975,3000,3025,3050,3075,3100,3125,3175,3200,3225,3250,3275,3300,3350,3375,3400,3425,3525,3550,3575,3600,3625,3650,3675,3700,3725,3750,3775,3800,3825,3850,3900,3925,3950,3975,4025,4050,4100,4125,4150,4175,4225,4300,4325,4350,4375,4400,4425,4450,4475,4500,4525,4550,4600,4650,4675,4700,4725,4750,4775,4925,5050,5075,5125,5150,5275,5375,5400,5450,5550,5600,5700,5775,5850,5875,5900,5925,5950,5975,6150,6250,6450,6675,6725,6750,6775,6800,6825,6850,6925,7000,7550,7600,8150,8175,8550,10250,13250],
"fitness": [15260.439453,15154.610352,14687.915039,14589.578125,14397.988281,14194.783203,13988.359375,13983.782227,13853.592773,13713.298828,13589.029297,13527.504883,13408.387695,13340.298828,13290.294922,13272.085938,13237.387695,13230.655273,13176.475586,13127.266602,13122.562500,13078.304688,13054.244141,13026.650391,12990.616211,12935.493164,12832.536133,12808.410156,12794.652344,12765.891602,12711.176758,12661.607422,12643.961914,12581.056641,12529.730469,12480.058594,12434.220703,12431.925781,12353.951172,12336.047852,12267.771484,12237.295898,12189.678711,12140.810547,12127.213867,12070.301758,12034.306641,12010.397461,11959.078125,11920.662109,11872.121094,11856.811523,11813.174805,11741.639648,11678.878906,11659.603516,11619.410156,11584.983398,11556.335938,11528.744141,11512.876953,11468.511719,11431.836914,11415.472656,11384.916992,11379.588867,11353.156250,11332.577148,11313.927734,11300.261719,11263.689453,11237.314453,11205.489258,11165.980469,11156.693359,11111.947266,11098.875000,11061.631836,11037.076172,11026.748047,10994.322266,10967.547852,10963.214844,10919.128906,10903.537109,10889.415039,10870.343750,10853.356445,10827.000000,10816.912109,10793.908203,10751.192383,10709.663086,10701.577148,10664.336914,10628.774414,10620.090820,10596.736328,10595.710938,10550.324219,10537.081055,10524.225586,10509.898438,10464.166016,10442.039062,10404.580078,10384.990234,10361.000000,10338.767578,10288.514648,10280.492188,10266.843750,10241.484375,10212.878906,10186.048828,10161.980469,10151.150391,10133.417969,10123.281250,10099.426758,10076.442383,10066.023438,10042.734375,10022.301758,10015.000000,9988.060547,9940.469727,9916.277344,9875.977539,9844.274414,9839.805664,9812.812500,9792.291016,9784.952148,9756.764648,9734.829102,9703.592773,9685.031250,9664.425781,9643.295898,9612.045898,9565.502930,9542.173828,9533.948242,9508.108398,9490.091797,9480.119141,9452.808594,9430.354492,9419.166016,9418.505859,9393.634766,9386.000000,9366.097656,9358.574219,9334.789062,9294.915039,9254.014648,9241.250977,9237.562500,9208.618164,9160.572266,9133.617188,9122.204102,9101.623047,9087.805664,9067.163086,9051.535156,9036.358398,9025.821289,9018.089844,9011.883789,8992.018555,8970.145508,8923.970703,8902.177734,8884.505859,8875.688477,8872.060547,8851.519531,8842.451172,8817.243164,8812.656250,8800.317383,8794.804688,8785.875977,8784.478516,8768.142578,8749.522461,8721.668945,8688.349609,8682.090820,8681.772461,8679.968750,8675.515625,8670.519531,8666.313477,8665.091797,8657.664062,8655.801758,8639.217773,8638.526367,8633.030273,8630.696289,8624.148438,8623.272461,8621.885742,8621.885742]
}