{
"iteraciones": [25,50,100,125,150,175,200,225,250,275,300,325,350,375,400,425,450,475,500,525,550,575,600,625,650,675,700,725,750,775,800,825,850,875,900,925,950,975,1000,1025,1050,1075,1100,1125,1150,1175,1200,1225,1250,1275,1300,1325,1375,1400,1425,1450,1475,1500,1525,1550,1575,1600,1625,1650,1675,1700,1725,1750,1775,1800,1825,1850,1875,1900,1925,1950,1975,2000,2025,2050,2075,2100,2125,2150,2175,2200,2250,2275,2300,2325,2350,2375,2400,2425,2475,2500,2550,2575,2600,2625,2675,2700,2750,2775,2800,2825,2900,2925,2950,2975,3000,3025,3050,3100,3125,3175,3200,3225,3250,3275,3325,3350,3375,3400,3425,3450,3500,3525,3575,3600,3625,3675,3725,3750,3775,3875,3900,3925,3950,3975,4025,4075,4100,4125,4150,4175,4300,4325,4375,4425,4475,4500,4550,4600,4800,4825,4950,5000,5100,5150,5175,5200,5225,5275,5325,5350,5375,5475,5675,5700,5750,5825,6175,6700,6725,6750,6775,6800,7600,7675,7750,8450,8925,8975,9875,12875],
"fitness": [15001.726562,14488.471680,14342.756836,14213.054688,14139.295898,14000.504883,13879.851562,13839.465820,13784.518555,13760.147461,13720.407227,13656.643555,13624.182617,13576.741211,13539.663086,13499.352539,13461.083984,13422.313477,13352.309570,13345.085938,13251.700195,13243.256836,13189.833984,13128.212891,13114.368164,13065.458008,13025.000000,12981.992188,12951.369141,12904.951172,12890.482422,12859.687500,12851.751953,12794.395508,12722.222656,12663.703125,12649.987305,12584.254883,12529.251953,12486.438477,12460.426758,12432.819336,12399.900391,12365.292969,12298.904297,12275.431641,12231.696289,12187.399414,12171.150391,12142.684570,12056.915039,11983.852539,11955.432617,11894.073242,11883.412109,11864.208008,11854.550781,11816.667969,11780.075195,11744.192383,11722.105469,11667.902344,11614.582031,11597.360352,11553.766602,11533.043945,11507.970703,11457.784180,11420.342773,11372.672852,11357.240234,11314.468750,11295.957031,11259.756836,11209.240234,11128.986328,11112.700195,11080.767578,11060.254883,11006.402344,10989.600586,10954.109375,10892.094727,10889.923828,10862.881836,10818.622070,10806.642578,10784.592773,10776.083008,10766.601562,10724.380859,10718.880859,10709.434570,10669.015625,10652.328125,10622.332031,10546.119141,10526.609375,10487.390625,10442.003906,10393.038086,10336.936523,10296.589844,10262.726562,10256.514648,10124.273438,10108.333008,10080.161133,10061.258789,10044.340820,10019.750000,10003.199219,9947.676758,9917.590820,9910.586914,9884.340820,9867.632812,9837.626953,9802.046875,9773.137695,9763.841797,9722.584961,9710.144531,9677.609375,9670.778320,9636.339844,9606.843750,9588.547852,9571.910156,9544.787109,9515.390625,9480.744141,9460.807617,9439.229492,9405.706055,9387.175781,9356.008789,9345.750000,9325.379883,9286.460938,9217.967773,9210.225586,9170.922852,9157.541016,9123.245117,9081.041992,9068.518555,9028.546875,9008.111328,9006.796875,8986.061523,8949.820312,8931.471680,8871.157227,8865.465820,8850.060547,8844.315430,8842.544922,8837.369141,8834.421875,8828.572266,8824.988281,8821.310547,8816.898438,8800.315430,8795.900391,8793.595703,8754.614258,8746.410156,8727.157227,8725.281250,8709.482422,8707.952148,8705.068359,8704.362305,8700.352539,8699.000977,8679.933594,8676.028320,8653.606445,8633.496094,8630.810547,8629.354492,8625.349609,8621.885742,8621.885742]
}