{
"iteraciones": [25,50,75,100,125,150,175,200,225,250,275,300,325,350,375,400,425,450,475,500,525,550,575,600,625,650,675,700,725,750,775,800,825,850,875,900,925,950,975,1000,1025,1050,1075,1100,1125,1150,1175,1200,1225,1250,1275,1300,1350,1375,1400,1425,1450,1475,1500,1525,1550,1575,1600,1625,1650,1700,1725,1750,1775,1800,1825,1850,1875,1900,1925,1950,2000,2025,2050,2075,2100,2125,2150,2175,2200,2225,2250,2275,2300,2325,2350,2375,2400,2450,2475,2500,2550,2600,2625,2650,2675,2700,2725,2750,2775,2800,2825,2850,2950,2975,3000,3025,3075,3100,3125,3150,3175,3200,3225,3250,3275,3300,3325,3350,3375,3400,3425,3450,3475,3500,3525,3575,3600,3625,3650,3675,3700,3750,3775,3800,3825,3850,3875,3900,3925,3950,3975,4000,4025,4050,4075,4100,4200,4250,4275,4300,4325,4400,4450,4475,4500,4525,4550,4575,4625,4650,4675,4700,4725,4750,4775,4800,4875,4900,4925,4975,5000,5050,5100,5125,5150,5350,5375,5400,5425,5450,5475,5625,5675,5725,6100,6125,6175,6375,6650,6675,6700,6800,6850,7325,7750,7775,7800,8050,8475,11475],
"fitness": [15290.202148,15039.376953,14770.765625,14434.554688,14331.185547,14248.286133,14191.333008,14080.448242,13976.780273,13882.289062,13847.496094,13789.058594,13774.446289,13709.201172,13610.001953,13592.038086,13552.189453,13498.709961,13463.962891,13431.407227,13368.197266,13290.916016,13242.129883,13212.415039,13201.481445,13166.053711,13083.645508,13061.689453,13040.844727,12975.909180,12950.619141,12908.568359,12893.411133,12859.189453,12799.246094,12794.021484,12768.893555,12719.206055,12699.445312,12678.313477,12632.195312,12574.597656,12537.314453,12497.050781,12471.586914,12432.291992,12375.737305,12324.890625,12273.681641,12262.253906,12219.417969,12174.790039,12140.617188,12104.855469,12087.268555,12043.528320,12017.070312,11992.178711,11974.487305,11942.859375,11923.000000,11895.398438,11885.639648,11841.651367,11799.668945,11774.216797,11721.267578,11708.753906,11691.529297,11660.461914,11647.111328,11595.789062,11573.260742,11549.000000,11528.155273,11455.433594,11439.806641,11395.892578,11376.123047,11363.251953,11320.453125,11307.984375,11280.986328,11258.421875,11223.893555,11164.997070,11147.096680,11133.111328,11119.419922,11101.429688,11080.133789,11070.482422,11035.483398,11006.581055,10993.638672,10965.720703,10941.297852,10921.290039,10899.820312,10889.000000,10857.428711,10809.313477,10752.632812,10737.159180,10710.858398,10696.089844,10639.398438,10534.076172,10525.000000,10455.689453,10410.786133,10406.020508,10392.496094,10338.407227,10329.080078,10324.517578,10303.447266,10298.382812,10279.426758,10251.192383,10236.000000,10223.931641,10166.627930,10157.488281,10150.142578,10109.289062,10092.411133,10076.886719,10037.291016,10029.891602,10018.922852,9983.084961,9979.241211,9934.278320,9933.755859,9883.379883,9882.848633,9849.595703,9832.203125,9762.462891,9754.798828,9728.305664,9698.753906,9691.078125,9654.635742,9641.656250,9599.847656,9589.932617,9573.374023,9565.825195,9552.318359,9537.775391,9493.260742,9473.006836,9454.449219,9437.247070,9403.872070,9379.303711,9351.780273,9340.072266,9312.859375,9299.614258,9283.291992,9258.784180,9204.352539,9188.854492,9145.692383,9138.041992,9127.993164,9112.582031,9101.330078,9052.018555,9042.865234,9038.141602,9030.720703,9023.577148,9020.938477,8999.229492,8987.778320,8986.184570,8947.648438,8938.121094,8905.529297,8884.276367,8880.370117,8852.101562,8850.859375,8848.388672,8845.526367,8818.562500,8806.919922,8766.009766,8757.398438,8704.894531,8690.285156,8672.897461,8643.700195,8639.843750,8636.486328,8634.763672,8633.539062,8632.517578,8625.349609,8624.148438,8621.885742,8621.885742]
}