{
"iteraciones": [25,50,75,100,125,150,175,200,225,250,275,300,325,350,425,450,475,500,525,550,600,650,675,700,725,750,775,800,825,850,875,900,925,975,1025,1050,1075,1100,1125,1150,1175,1200,1225,1250,1275,1300,1325,1350,1375,1400,1450,1475,1500,1525,1550,1575,1600,1625,1650,1675,1700,1725,1750,1775,1800,1825,1850,1875,1900,1925,1950,1975,2000,2025,2050,2075,2100,2125,2150,2175,2200,2225,2250,2300,2325,2350,2375,2400,2425,2475,2500,2525,2550,2575,2600,2625,2650,2700,2725,2775,2800,2825,2850,2875,2900,2925,2950,2975,3000,3025,3050,3100,3125,3150,3175,3275,3300,3325,3375,3400,3425,3450,3475,3500,3525,3550,3575,3600,3625,3650,3675,3700,3725,3750,3800,3825,3850,3875,3900,3975,4000,4050,4075,4125,4200,4225,4250,4275,4300,4350,4375,4400,4425,4450,4475,4500,4550,4575,4850,4975,5000,5025,5675,5700,5725,5750,5800,5875,6400,6425,6450,6650,6700,7300,7575,8325,9300,9625,12625],
"fitness": [15419.875977,15107.394531,14984.380859,14851.261719,14695.411133,14528.135742,14344.749023,14192.794922,14068.583984,14000.232422,13931.719727,13836.611328,13737.021484,13557.780273,13521.180664,13476.393555,13402.345703,13340.467773,13267.314453,13202.641602,13085.286133,13002.600586,12989.652344,12917.045898,12883.759766,12859.360352,12809.159180,12792.557617,12747.111328,12693.305664,12659.774414,12629.073242,12523.786133,12494.511719,12440.448242,12359.003906,12354.259766,12329.160156,12262.203125,12224.091797,12192.643555,12166.080078,12126.704102,12084.129883,12050.270508,12025.235352,12000.790039,11962.636719,11942.108398,11884.140625,11854.000000,11803.965820,11760.836914,11721.321289,11678.403320,11630.944336,11602.877930,11579.317383,11574.096680,11546.508789,11513.659180,11482.623047,11415.148438,11369.166992,11323.336914,11299.112305,11267.229492,11247.361328,11167.321289,11166.095703,11144.466797,11116.219727,11078.860352,11065.000000,11014.712891,11012.000000,10960.766602,10936.440430,10898.458008,10887.888672,10847.491211,10814.043945,10783.000000,10742.406250,10734.940430,10724.336914,10689.985352,10688.220703,10652.876953,10621.487305,10604.190430,10569.095703,10552.607422,10525.883789,10496.066406,10470.505859,10441.282227,10389.713867,10348.032227,10323.469727,10298.968750,10263.127930,10242.793945,10183.140625,10122.771484,10110.838867,10071.831055,10059.715820,10021.792969,10009.839844,9948.155273,9939.803711,9879.291016,9871.647461,9845.964844,9826.623047,9819.084961,9784.328125,9751.047852,9698.833984,9687.000000,9651.419922,9637.336914,9589.366211,9586.047852,9550.929688,9501.942383,9480.112305,9477.877930,9431.016602,9417.581055,9387.458008,9371.332031,9312.339844,9290.987305,9273.054688,9258.663086,9211.528320,9191.699219,9180.709961,9125.131836,9119.725586,9112.651367,9094.336914,9081.607422,9071.617188,9059.389648,9046.958008,9022.460938,8999.052734,8974.240234,8960.614258,8952.239258,8929.685547,8925.673828,8924.723633,8903.107422,8882.611328,8852.020508,8815.562500,8814.866211,8803.806641,8797.310547,8782.215820,8772.386719,8767.968750,8760.945312,8739.843750,8727.360352,8715.881836,8679.000000,8677.541992,8673.502930,8638.766602,8637.655273,8630.554688,8628.142578,8621.885742,8621.885742]
}