{
"iteraciones": [25,50,75,100,125,150,175,200,225,250,275,300,325,350,375,400,425,450,500,525,550,575,600,625,650,675,700,725,750,775,800,825,850,875,900,925,975,1000,1025,1050,1075,1100,1125,1150,1175,1200,1225,1250,1275,1300,1325,1375,1450,1475,1500,1525,1550,1575,1600,1625,1650,1675,1700,1725,1750,1775,1800,1850,1875,1900,1925,1950,1975,2000,2050,2075,2100,2150,2175,2200,2225,2250,2275,2300,2325,2350,2375,2400,2425,2450,2475,2500,2525,2550,2575,2600,2625,2650,2675,2700,2725,2750,2775,2825,2850,2875,2900,2925,2950,2975,3000,3025,3050,3075,3100,3125,3150,3175,3225,3250,3275,3300,3325,3375,3400,3425,3450,3500,3525,3550,3575,3625,3650,3675,3700,3825,3850,3875,3900,3925,4050,4100,4125,4150,4175,4200,4225,4250,4300,4325,4350,4450,4550,4625,4675,4700,4725,4750,4775,4800,4825,4850,4875,4900,4925,5000,5025,5050,5075,5125,5150,5175,5225,5250,5300,5325,5350,5575,5625,5650,5700,5725,5850,6125,6250,6275,6325,6550,7000,7025,7075,7225,8275,8800,11800],
"fitness": [15017.831055,14984.667969,14901.944336,14745.861328,14612.216797,14506.473633,14423.679688,14341.846680,14317.229492,14237.278320,14170.923828,14097.221680,14000.889648,13971.532227,13854.073242,13841.599609,13787.074219,13659.632812,13634.677734,13569.816406,13532.358398,13496.144531,13420.003906,13391.652344,13363.801758,13323.179688,13244.364258,13228.661133,13193.666992,13139.293945,13109.834961,13065.036133,13029.025391,12933.629883,12915.560547,12859.934570,12850.540039,12813.257812,12758.484375,12716.547852,12681.281250,12651.837891,12597.867188,12533.679688,12521.094727,12496.734375,12479.131836,12454.296875,12434.171875,12411.625977,12354.340820,12226.375977,12213.449219,12109.156250,12046.730469,12028.402344,12003.532227,11949.206055,11947.332031,11908.792969,11872.585938,11846.000000,11794.728516,11740.865234,11723.625977,11684.332031,11664.469727,11623.970703,11578.502930,11576.188477,11560.090820,11497.597656,11482.410156,11457.896484,11418.833008,11393.294922,11358.764648,11354.803711,11320.903320,11288.655273,11274.281250,11229.125977,11205.457031,11176.529297,11150.789062,11135.935547,11077.666016,11068.823242,11011.010742,11002.477539,10967.338867,10929.666992,10928.810547,10880.417969,10862.902344,10826.055664,10821.247070,10770.817383,10738.179688,10729.599609,10685.827148,10649.492188,10604.843750,10590.270508,10555.089844,10531.093750,10488.733398,10470.834961,10422.122070,10389.632812,10377.916992,10344.771484,10330.900391,10281.791016,10254.534180,10217.324219,10185.242188,10105.164062,10082.711914,10049.054688,10017.108398,10007.114258,9928.287109,9867.160156,9818.678711,9744.637695,9728.435547,9710.661133,9705.289062,9667.420898,9605.855469,9592.914062,9546.897461,9533.578125,9505.457031,9501.664062,9460.583008,9427.592773,9421.380859,9393.103516,9373.558594,9348.817383,9332.793945,9295.971680,9294.747070,9287.125977,9285.743164,9247.889648,9199.701172,9178.317383,9132.037109,9099.076172,9080.465820,9056.594727,9036.616211,9003.880859,8980.090820,8968.758789,8956.306641,8954.834961,8943.799805,8924.043945,8890.255859,8886.427734,8860.826172,8848.299805,8839.159180,8821.885742,8812.526367,8808.741211,8801.042969,8795.680664,8793.598633,8791.990234,8790.568359,8785.565430,8780.434570,8750.107422,8737.250000,8731.196289,8710.642578,8702.695312,8698.581055,8671.710938,8667.608398,8662.906250,8660.028320,8639.277344,8634.693359,8632.440430,8628.453125,8625.290039,8624.148438,8621.885742,8621.885742]
}