{
"iteraciones": [25,50,75,100,125,150,175,250,275,300,325,375,400,425,450,475,500,525,550,575,600,625,650,675,700,725,750,775,800,825,850,900,925,950,975,1000,1025,1050,1075,1100,1150,1175,1200,1250,1275,1300,1325,1350,1375,1400,1425,1450,1475,1500,1525,1550,1575,1600,1625,1650,1675,1700,1725,1750,1775,1800,1825,1850,1875,1900,1925,1950,1975,2000,2025,2050,2075,2100,2125,2175,2200,2225,2250,2275,2325,2350,2375,2400,2450,2475,2500,2525,2575,2600,2625,2650,2700,2725,2750,2775,2800,2825,2850,2875,2900,2925,2950,2975,3025,3075,3100,3125,3150,3175,3200,3225,3250,3275,3300,3325,3350,3375,3400,3425,3450,3475,3525,3550,3575,3625,3650,3700,3725,3750,3775,3800,3875,3900,3925,3950,4025,4050,4100,4125,4150,4175,4225,4275,4300,4375,4425,4450,4475,4525,4575,4625,4650,4675,4700,4850,4900,5050,5825,5875,5900,5925,5950,5975,6250,6300,6350,6500,6525,6550,7250,7575,8500,8525,8550,11550],
"fitness": [15155.146484,15140.443359,14922.107422,14676.417969,14654.156250,14586.590820,14269.507812,14230.230469,14065.589844,13987.421875,13917.742188,13845.173828,13823.877930,13742.141602,13710.475586,13667.640625,13615.410156,13543.041992,13497.516602,13432.224609,13390.673828,13340.704102,13313.148438,13264.489258,13236.907227,13151.577148,13096.631836,13062.087891,13022.148438,12956.443359,12851.058594,12828.461914,12754.757812,12682.670898,12667.776367,12656.504883,12605.071289,12578.375000,12567.456055,12515.232422,12488.648438,12442.163086,12386.882812,12379.093750,12320.974609,12260.178711,12251.711914,12190.700195,12170.028320,12100.228516,12090.150391,12030.298828,12015.331055,11944.123047,11925.749023,11845.670898,11843.142578,11823.000000,11782.781250,11744.031250,11721.084961,11652.929688,11650.259766,11608.353516,11553.882812,11532.918945,11497.840820,11478.425781,11446.043945,11390.093750,11370.724609,11342.000000,11296.054688,11256.410156,11218.495117,11209.496094,11146.049805,11098.291016,11023.633789,10959.678711,10929.700195,10875.750000,10795.756836,10760.475586,10706.000000,10643.654297,10623.027344,10526.391602,10501.717773,10474.025391,10432.081055,10400.880859,10395.147461,10328.486328,10276.744141,10225.481445,10192.548828,10180.570312,10128.513672,10120.700195,10098.400391,10067.053711,10062.107422,9998.649414,9989.833008,9965.283203,9942.603516,9905.437500,9873.357422,9861.065430,9846.608398,9821.943359,9789.926758,9758.820312,9740.738281,9726.428711,9696.567383,9671.378906,9659.596680,9620.207031,9577.654297,9568.324219,9560.383789,9551.041016,9535.609375,9529.649414,9498.618164,9469.315430,9444.035156,9438.776367,9419.436523,9382.657227,9364.423828,9329.509766,9323.228516,9269.166992,9252.573242,9232.259766,9201.000000,9184.120117,9179.183594,9161.061523,9150.915039,9140.721680,9137.443359,9097.306641,9080.580078,9060.810547,9030.763672,8989.150391,8980.693359,8959.025391,8899.513672,8893.738281,8877.773438,8872.580078,8870.872070,8865.562500,8851.316406,8830.132812,8824.591797,8779.799805,8753.534180,8720.602539,8718.848633,8716.980469,8714.049805,8683.052734,8682.222656,8659.000000,8650.163086,8648.834961,8645.076172,8640.911133,8635.699219,8629.306641,8625.349609,8624.148438,8621.885742,8621.885742]
}