{
"iteraciones": [25,50,75,100,125,150,175,200,225,250,275,300,325,350,375,400,425,450,475,500,525,550,575,600,625,650,675,700,725,750,775,800,825,850,875,900,925,950,975,1000,1025,1050,1075,1100,1125,1150,1175,1200,1225,1250,1275,1300,1325,1350,1375,1400,1450,1475,1500,1525,1550,1575,1600,1675,1725,1750,1775,1825,1850,1900,1925,1975,2000,2025,2050,2075,2100,2125,2150,2175,2200,2225,2250,2275,2300,2325,2350,2375,2400,2425,2450,2500,2525,2550,2575,2600,2625,2650,2675,2700,2725,2750,2775,2800,2825,2850,2875,2900,2925,2950,3000,3050,3075,3125,3175,3200,3225,3250,3275,3300,3325,3350,3375,3400,3425,3450,3475,3550,3600,3625,3650,3675,3700,3725,3775,3800,3825,3850,3875,3900,3950,3975,4000,4025,4050,4075,4100,4125,4150,4200,4225,4250,4275,4300,4325,4350,4400,4425,4475,4500,4550,4575,4600,4675,4700,4725,4750,4775,4800,4825,4850,4875,4900,4950,4975,5000,5025,5075,5100,5125,5150,5200,5225,5250,5275,5300,5325,5350,5375,5400,5425,5450,5475,5500,5550,5575,5600,5625,5650,5675,5700,5750,5775,5800,5900,5925,5950,5975,6075,6100,6125,6175,6200,6225,6250,6350,6375,6400,6475,6500,6525,6625,6650,6675,6700,6725,6750,6775,6800,6975,7000,7025,7050,7075,7100,7150,7200,7250,7300,7350,7375,7425,7450,7475,7500,7575,7625,7775,7800,7925,8025,8300,8600,8625,8850,8925,8950,8975,9025,9150,9400,9700,9725,9750,9975,11250,11275,11975,12125,15125],
"fitness": [15171.680664,15150.019531,14995.457031,14663.531250,14472.696289,14438.780273,14209.922852,14102.825195,14039.725586,14004.791016,13861.816406,13797.305664,13705.768555,13650.226562,13630.456055,13550.815430,13489.608398,13462.086914,13378.800781,13360.194336,13327.878906,13266.281250,13250.354492,13214.561523,13186.671875,13128.285156,13067.861328,13018.923828,12987.372070,12973.270508,12881.272461,12875.240234,12799.366211,12791.993164,12742.531250,12719.943359,12685.534180,12644.866211,12602.902344,12547.541992,12524.458984,12506.299805,12477.131836,12471.118164,12432.196289,12423.208984,12385.521484,12355.687500,12293.541016,12252.356445,12232.216797,12186.762695,12169.932617,12124.192383,12116.432617,12083.134766,12070.565430,12039.876953,12015.203125,11985.581055,11959.097656,11911.720703,11893.648438,11844.592773,11839.208008,11825.196289,11788.116211,11785.910156,11728.962891,11700.355469,11683.717773,11663.959961,11632.452148,11630.290039,11604.360352,11592.483398,11581.694336,11561.797852,11549.355469,11524.024414,11521.483398,11500.752930,11478.782227,11477.675781,11457.875977,11446.954102,11441.028320,11433.491211,11421.808594,11410.605469,11406.312500,11393.332031,11384.724609,11380.648438,11373.840820,11362.427734,11350.124023,11342.914062,11335.661133,11330.738281,11319.104492,11316.333984,11312.661133,11297.663086,11289.170898,11276.695312,11258.766602,11256.666016,11235.802734,11230.689453,11217.778320,11209.682617,11204.995117,11196.875000,11181.539062,11171.871094,11165.120117,11158.351562,11144.616211,11141.644531,11133.383789,11129.000000,11114.625000,11111.535156,11093.359375,11089.333008,11074.484375,11063.474609,11058.603516,11056.148438,11043.451172,11033.500000,11019.677734,11012.118164,11005.000000,10998.858398,10989.799805,10981.843750,10977.047852,10954.708008,10949.316406,10929.764648,10925.423828,10895.576172,10889.673828,10869.637695,10859.824219,10850.787109,10849.146484,10823.743164,10813.253906,10798.977539,10778.731445,10759.026367,10749.818359,10726.150391,10722.000000,10694.289062,10680.788086,10662.021484,10658.227539,10623.671875,10606.786133,10598.761719,10588.741211,10575.386719,10559.731445,10554.066406,10551.269531,10541.558594,10532.183594,10522.626953,10503.745117,10497.693359,10494.613281,10468.541016,10450.738281,10434.224609,10425.169922,10399.289062,10392.089844,10382.041016,10369.083008,10368.551758,10352.278320,10342.112305,10325.138672,10296.193359,10293.465820,10271.041016,10269.946289,10268.017578,10248.467773,10242.690430,10237.268555,10219.985352,10207.729492,10193.809570,10172.305664,10163.279297,10128.965820,10119.352539,10115.582031,10097.483398,10080.995117,10075.580078,10053.743164,10025.073242,10024.842773,9997.000000,9976.123047,9962.615234,9926.740234,9890.521484,9886.341797,9877.675781,9859.833984,9827.161133,9819.659180,9800.047852,9792.521484,9789.271484,9788.457031,9781.325195,9771.072266,9758.656250,9755.300781,9748.720703,9744.252930,9737.882812,9726.200195,9711.315430,9674.122070,9670.915039,9654.603516,9651.000000,9637.787109,9628.947266,9590.572266,9580.332031,9578.776367,9575.546875,9531.968750,9527.757812,9522.294922,9517.286133,9516.819336,9509.261719,9504.130859,9501.000000,9500.235352,9466.738281,9448.000000,9444.098633,9428.883789,9419.844727,9414.810547,9404.649414,9388.583984,9386.932617,9383.731445,9379.774414,9376.144531,9369.931641,9343.827148,9335.831055,9319.513672,9317.697266,9315.638672,9315.000000]
}