{
"iteraciones": [25,75,100,125,150,175,200,225,250,275,300,325,350,375,400,425,450,475,500,525,550,575,600,625,650,675,700,725,750,775,800,850,875,900,925,950,975,1000,1025,1075,1100,1125,1150,1175,1200,1225,1250,1275,1300,1325,1350,1375,1400,1425,1450,1475,1500,1525,1550,1575,1600,1625,1650,1675,1700,1725,1750,1775,1800,1825,1875,1900,1925,1950,1975,2000,2025,2050,2075,2100,2125,2150,2175,2225,2250,2300,2325,2350,2375,2400,2425,2450,2500,2525,2550,2575,2600,2625,2650,2700,2725,2750,2775,2800,2825,2850,2875,2900,2925,2950,2975,3000,3025,3050,3075,3100,3125,3150,3175,3200,3225,3250,3300,3375,3400,3425,3450,3475,3500,3525,3550,3575,3600,3625,3650,3675,3700,3725,3750,3775,3800,3850,3875,3925,3950,3975,4000,4075,4100,4125,4150,4200,4225,4250,4275,4300,4350,4375,4425,4450,4475,4525,4550,4575,4600,4625,4675,4725,4750,4775,4800,4825,4850,4900,4925,4950,4975,5025,5050,5075,5100,5175,5200,5225,5250,5275,5325,5350,5375,5400,5425,5475,5525,5550,5575,5600,5625,5650,5725,5750,5775,5800,5825,5850,5875,5900,5975,6000,6050,6075,6100,6125,6150,6175,6225,6275,6325,6375,6400,6425,6525,6550,6600,6775,6825,6850,6875,7000,7050,7150,7175,7225,7275,7350,7500,7550,7600,7625,7650,7725,8000,8075,8325,8350,8400,8425,8825,9225,11775,11825,14825],
"fitness": [15102.743164,15034.043945,14834.627930,14792.602539,14662.985352,14515.344727,14371.093750,14341.432617,14200.398438,14151.067383,14099.431641,14046.216797,13986.503906,13925.080078,13877.916992,13777.255859,13760.673828,13702.470703,13670.610352,13626.549805,13607.045898,13548.777344,13475.106445,13437.914062,13401.558594,13368.992188,13353.938477,13304.064453,13242.190430,13224.497070,13155.646484,13087.119141,13081.497070,13049.347656,12993.048828,12952.687500,12934.121094,12873.356445,12803.655273,12774.709961,12719.267578,12698.987305,12669.114258,12621.119141,12600.394531,12561.233398,12519.326172,12450.999023,12418.469727,12380.814453,12331.467773,12311.297852,12296.650391,12288.515625,12260.075195,12235.505859,12217.456055,12213.316406,12179.162109,12125.666016,12108.000000,12050.190430,12030.309570,11998.594727,11950.233398,11944.063477,11899.597656,11882.273438,11881.848633,11864.679688,11837.952148,11825.886719,11810.756836,11792.922852,11768.356445,11749.291016,11725.096680,11705.590820,11700.039062,11699.548828,11686.560547,11651.992188,11640.774414,11635.041992,11597.103516,11586.881836,11584.593750,11574.972656,11547.702148,11528.872070,11506.912109,11475.885742,11458.571289,11430.995117,11418.555664,11404.077148,11382.583008,11366.476562,11337.970703,11320.333984,11309.049805,11305.621094,11283.446289,11273.417969,11262.256836,11244.521484,11214.475586,11211.108398,11194.980469,11170.168945,11166.532227,11156.378906,11132.242188,11122.182617,11113.691406,11101.260742,11085.900391,11076.592773,11067.875977,11052.230469,11026.848633,11014.328125,10986.411133,10944.914062,10931.741211,10923.976562,10919.088867,10898.703125,10855.544922,10850.624023,10837.015625,10809.493164,10790.294922,10789.748047,10769.259766,10726.944336,10725.772461,10697.046875,10675.256836,10669.671875,10655.557617,10627.215820,10615.237305,10597.346680,10584.927734,10560.246094,10535.477539,10525.050781,10507.431641,10506.048828,10486.149414,10461.166016,10452.404297,10429.935547,10410.755859,10386.966797,10370.805664,10354.676758,10319.265625,10315.167969,10244.992188,10210.792969,10192.401367,10170.872070,10157.072266,10119.389648,10075.807617,10044.020508,10042.560547,10014.454102,10012.459961,9967.011719,9944.644531,9931.009766,9903.658203,9879.356445,9855.128906,9809.061523,9800.704102,9750.076172,9730.130859,9696.855469,9675.935547,9666.535156,9646.347656,9614.246094,9595.283203,9580.874023,9565.291016,9556.041992,9522.517578,9493.579102,9489.543945,9476.115234,9472.315430,9463.512695,9440.319336,9407.771484,9382.625977,9369.853516,9336.615234,9335.036133,9285.968750,9270.757812,9265.264648,9251.957031,9240.751953,9223.119141,9199.299805,9197.396484,9193.958984,9167.036133,9145.666016,9140.722656,9118.728516,9080.715820,9039.289062,8995.804688,8973.710938,8905.094727,8868.941406,8840.341797,8808.288086,8790.030273,8783.924805,8768.069336,8763.287109,8744.747070,8728.938477,8709.000000,8689.090820,8686.061523,8679.011719,8673.758789,8672.674805,8670.675781,8669.000000,8666.629883,8664.282227,8656.233398,8655.291016,8650.399414,8646.021484,8640.883789,8634.693359,8631.742188,8629.205078,8625.290039,8624.373047,8621.885742,8621.885742]
}