{
"iteraciones": [25,50,75,100,125,150,175,200,225,250,275,300,325,350,375,400,425,450,475,500,525,550,575,600,625,650,675,700,725,750,775,800,825,850,900,925,950,975,1000,1025,1050,1075,1100,1125,1175,1200,1225,1250,1275,1300,1325,1350,1375,1400,1425,1475,1500,1525,1575,1600,1625,1650,1675,1700,1725,1750,1775,1800,1825,1850,1875,1900,1925,1950,1975,2000,2025,2050,2075,2100,2125,2150,2175,2200,2225,2250,2275,2300,2325,2350,2400,2425,2475,2500,2525,2550,2575,2600,2625,2650,2675,2725,2750,2800,2825,2850,2900,2925,2950,2975,3000,3025,3050,3075,3125,3150,3200,3225,3250,3275,3300,3325,3350,3375,3400,3425,3450,3475,3500,3525,3550,3625,3675,3700,3725,3750,3775,3800,3825,3850,3875,3900,3925,3950,3975,4025,4050,4075,4100,4150,4175,4200,4250,4350,4400,4425,4600,4625,4650,4675,4700,4800,4925,5100,5225,5250,5325,5400,5475,6050,6075,6825,9075,9700,9925,9950,12950],
"fitness": [15102.606445,14936.331055,14814.774414,14652.206055,14471.012695,14256.877930,13822.370117,13730.952148,13728.050781,13583.970703,13531.770508,13453.364258,13403.109375,13346.149414,13226.148438,13171.441406,13120.385742,13065.510742,13024.647461,12986.532227,12935.562500,12886.781250,12830.451172,12811.710938,12793.476562,12714.949219,12674.475586,12603.955078,12554.442383,12544.160156,12483.323242,12455.829102,12403.741211,12366.494141,12310.102539,12264.383789,12262.652344,12220.130859,12174.578125,12152.106445,12118.359375,12088.254883,12054.523438,12010.455078,11958.298828,11917.756836,11874.708008,11864.115234,11813.232422,11784.841797,11717.053711,11689.762695,11671.470703,11619.201172,11545.824219,11538.186523,11490.871094,11440.049805,11414.313477,11395.690430,11359.365234,11324.484375,11266.814453,11238.047852,11222.510742,11170.378906,11145.621094,11132.559570,11103.252930,11070.286133,11055.789062,10997.750977,10967.670898,10933.136719,10918.148438,10859.014648,10813.813477,10799.000000,10764.286133,10693.007812,10691.342773,10655.632812,10653.000000,10595.860352,10574.416016,10550.813477,10527.513672,10513.110352,10468.521484,10393.012695,10379.256836,10327.959961,10299.261719,10265.688477,10229.405273,10213.498047,10186.860352,10179.257812,10152.654297,10115.457031,10085.078125,10023.308594,9978.058594,9949.087891,9920.684570,9868.043945,9862.908203,9848.230469,9809.640625,9795.428711,9780.958984,9735.459961,9722.208984,9664.682617,9661.689453,9588.980469,9549.752930,9532.528320,9522.414062,9515.877930,9477.300781,9472.286133,9454.613281,9448.749023,9427.122070,9413.406250,9410.000000,9379.509766,9369.501953,9350.169922,9276.846680,9252.447266,9251.630859,9237.827148,9232.593750,9201.598633,9183.463867,9170.038086,9151.893555,9144.851562,9128.548828,9116.373047,9091.541016,9068.848633,9055.807617,9048.427734,9026.041992,9024.522461,9010.810547,8993.191406,8986.452148,8975.239258,8920.033203,8886.480469,8874.875977,8857.834961,8854.200195,8806.503906,8801.072266,8793.199219,8785.000000,8776.347656,8773.864258,8746.206055,8735.304688,8708.630859,8705.707031,8689.772461,8684.628906,8682.682617,8655.298828,8631.255859,8627.891602,8624.373047,8623.272461,8621.885742,8621.885742]
}