{
"iteraciones": [25,50,75,100,125,150,175,200,225,250,275,300,325,375,400,425,450,475,500,525,550,600,625,650,675,700,725,750,775,800,825,875,900,925,950,975,1025,1050,1075,1100,1125,1150,1175,1200,1225,1250,1275,1300,1325,1375,1400,1425,1450,1475,1500,1525,1550,1575,1600,1625,1650,1675,1700,1725,1750,1775,1800,1825,1850,1875,1900,1925,1950,1975,2000,2025,2075,2100,2125,2150,2175,2200,2225,2250,2275,2300,2325,2350,2375,2425,2450,2475,2500,2525,2550,2575,2600,2625,2650,2675,2700,2725,2750,2775,2825,2850,2875,2900,2950,2975,3000,3025,3050,3075,3125,3150,3175,3200,3225,3300,3325,3350,3375,3400,3425,3450,3475,3500,3525,3550,3575,3600,3625,3650,3675,3700,3725,3750,3775,3800,3850,3875,3900,3950,3975,4000,4025,4050,4075,4100,4125,4150,4175,4200,4225,4250,4275,4300,4325,4350,4400,4425,4450,4475,4500,4525,4550,4575,4600,4625,4650,4675,4700,4725,4775,4875,4900,4925,5000,5050,5075,5100,5125,5150,5175,5200,5225,5275,5300,5350,5375,5400,5425,5500,5525,5550,5575,5600,5625,5675,5750,5775,5950,6100,6175,6250,6275,6300,6325,6400,6475,6500,6525,6550,6650,6675,6700,6950,7225,7400,7575,8450,8475,8500,8550,8775,9325,9350,9525,12525],
"fitness": [15186.002930,15058.022461,14901.175781,14724.160156,14516.131836,14440.785156,14325.059570,14114.552734,14079.708984,13990.893555,13961.251953,13758.788086,13691.170898,13637.684570,13589.310547,13537.232422,13488.231445,13451.355469,13388.080078,13315.265625,13259.847656,13204.082031,13178.047852,13157.203125,13128.918945,13069.227539,13020.724609,13001.173828,12963.207031,12957.554688,12880.032227,12826.526367,12821.587891,12767.050781,12757.025391,12667.530273,12641.969727,12624.299805,12593.755859,12537.643555,12500.397461,12453.602539,12425.909180,12395.863281,12352.644531,12314.900391,12296.665039,12249.569336,12208.827148,12163.053711,12131.583984,12121.959961,12052.931641,12042.340820,12011.547852,11965.722656,11919.286133,11891.025391,11858.036133,11839.272461,11821.258789,11813.337891,11792.773438,11779.844727,11740.183594,11739.667969,11694.194336,11680.670898,11662.852539,11649.873047,11620.517578,11615.000000,11568.815430,11549.376953,11539.629883,11491.001953,11461.315430,11458.013672,11433.588867,11392.120117,11373.879883,11347.518555,11320.280273,11313.649414,11293.966797,11266.094727,11248.922852,11237.954102,11218.412109,11209.765625,11202.780273,11199.466797,11171.598633,11156.125000,11134.676758,11104.436523,11098.161133,11074.291992,11038.286133,11003.336914,10988.778320,10934.923828,10902.381836,10868.440430,10848.683594,10839.903320,10829.662109,10793.076172,10764.958984,10756.921875,10733.379883,10697.933594,10691.912109,10669.906250,10652.936523,10618.063477,10610.062500,10584.191406,10511.930664,10475.923828,10454.246094,10423.896484,10418.066406,10408.314453,10391.797852,10372.873047,10342.829102,10334.915039,10312.232422,10299.051758,10262.979492,10253.350586,10239.861328,10224.701172,10189.179688,10137.334961,10135.002930,10106.049805,10075.756836,10067.050781,10025.991211,10013.791016,9947.862305,9895.113281,9878.964844,9846.666992,9834.899414,9804.748047,9789.537109,9765.970703,9728.379883,9706.048828,9651.051758,9626.861328,9618.819336,9586.065430,9580.280273,9559.186523,9548.886719,9536.062500,9524.605469,9518.984375,9500.234375,9478.719727,9451.749023,9444.816406,9405.457031,9393.246094,9388.144531,9374.248047,9362.515625,9350.584961,9342.183594,9323.358398,9285.183594,9276.095703,9259.347656,9254.212891,9215.262695,9214.409180,9186.251953,9167.089844,9142.712891,9136.000000,9132.239258,9126.985352,9100.741211,9091.541016,9085.852539,9078.594727,9077.868164,9063.177734,9043.410156,9039.000000,9027.458984,9002.406250,8994.458984,8986.445312,8975.197266,8954.750977,8948.439453,8899.119141,8896.372070,8873.415039,8806.233398,8782.810547,8764.570312,8755.155273,8750.140625,8748.891602,8739.142578,8737.842773,8732.541992,8705.963867,8703.250977,8700.394531,8697.023438,8695.711914,8669.349609,8642.905273,8639.240234,8638.000000,8637.155273,8633.072266,8631.165039,8630.140625,8625.116211,8624.148438,8621.885742,8621.885742]
}