{
"iteraciones": [25,50,100,125,150,175,200,225,250,275,300,325,350,375,400,425,450,475,500,525,550,575,625,650,675,700,725,750,775,825,850,875,900,925,975,1000,1025,1050,1075,1100,1125,1175,1200,1225,1250,1275,1300,1350,1375,1400,1425,1450,1500,1525,1550,1575,1600,1625,1650,1675,1700,1725,1750,1775,1800,1825,1850,1875,1950,1975,2000,2025,2050,2075,2100,2125,2150,2175,2200,2225,2250,2275,2300,2350,2375,2400,2450,2500,2525,2550,2575,2600,2625,2650,2675,2700,2750,2800,2850,2875,2900,2925,2950,2975,3000,3025,3050,3075,3100,3150,3175,3200,3225,3250,3275,3300,3350,3375,3400,3425,3450,3475,3500,3525,3550,3575,3600,3650,3675,3700,3725,3750,3775,3825,3850,3875,3900,3925,3950,4000,4025,4075,4100,4150,4175,4200,4225,4250,4275,4325,4350,4375,4400,4425,4450,4475,4500,4550,4575,4600,4625,4650,4675,4700,4725,4750,4775,4800,4825,4875,4900,4925,4950,4975,5000,5025,5050,5075,5100,5125,5150,5175,5200,5225,5275,5325,5350,5425,5475,5525,5575,5650,5675,5700,5725,5750,5800,5875,5900,5925,5950,6000,6025,6050,6075,6125,6250,6275,6300,6325,6350,6375,6400,6475,6500,6550,6625,6650,6675,6700,6725,6750,6775,6800,6875,6925,7050,7075,7100,7125,7150,7175,7400,7500,7550,7575,7600,7625,7700,7900,7925,7950,8025,8150,8800,8825,8850,8950,9100,9200,9225,10025,10225,12350,15350],
"fitness": [15300.436523,14890.923828,14720.723633,14577.747070,14281.853516,14188.474609,14054.666016,13959.735352,13848.622070,13786.846680,13677.381836,13638.790039,13533.491211,13503.298828,13459.148438,13394.409180,13341.999023,13310.441406,13300.122070,13279.360352,13258.515625,13183.987305,13170.787109,13144.031250,13113.335938,13085.400391,13079.224609,13045.530273,12958.764648,12946.208008,12870.529297,12828.935547,12826.104492,12757.110352,12717.085938,12683.010742,12631.110352,12613.576172,12596.422852,12554.398438,12474.493164,12450.660156,12421.796875,12370.070312,12358.270508,12318.620117,12263.860352,12242.668945,12201.761719,12185.458984,12151.301758,12132.959961,12080.376953,12065.297852,12051.424805,12026.226562,12012.041016,11998.289062,11973.684570,11954.531250,11918.929688,11882.213867,11880.108398,11836.192383,11832.386719,11801.203125,11792.209961,11744.910156,11731.012695,11700.852539,11681.906250,11657.088867,11646.604492,11642.614258,11613.476562,11603.838867,11587.576172,11563.719727,11538.000000,11516.552734,11494.437500,11493.929688,11455.067383,11444.979492,11435.304688,11413.852539,11383.462891,11371.591797,11344.133789,11327.417969,11315.685547,11308.954102,11291.238281,11272.415039,11259.720703,11252.968750,11235.990234,11222.623047,11214.875000,11206.358398,11204.272461,11193.036133,11188.376953,11177.946289,11157.921875,11150.955078,11145.000000,11123.684570,11112.413086,11081.403320,11075.421875,11067.035156,11054.711914,11045.291992,11035.465820,11017.578125,11011.219727,10998.220703,10982.746094,10956.138672,10945.533203,10930.795898,10917.367188,10907.053711,10894.239258,10892.266602,10876.632812,10874.763672,10869.321289,10845.268555,10836.980469,10819.315430,10793.486328,10776.524414,10767.000000,10750.341797,10732.836914,10708.655273,10674.344727,10662.958984,10636.824219,10609.965820,10598.566406,10573.007812,10557.712891,10523.701172,10496.805664,10450.960938,10438.381836,10424.144531,10406.500977,10383.241211,10382.385742,10366.207031,10363.130859,10339.539062,10303.187500,10285.763672,10263.253906,10253.905273,10230.259766,10221.276367,10212.674805,10208.480469,10188.878906,10185.093750,10152.325195,10141.168945,10117.905273,10092.895508,10089.228516,10075.957031,10073.971680,10035.077148,10016.208984,10003.819336,9995.460938,9977.813477,9973.782227,9939.857422,9936.363281,9928.500977,9912.160156,9906.873047,9887.906250,9861.455078,9815.118164,9790.583984,9777.768555,9756.997070,9682.833008,9675.932617,9663.043945,9640.336914,9624.796875,9608.465820,9554.977539,9553.477539,9542.328125,9502.173828,9500.636719,9453.995117,9452.571289,9404.770508,9380.029297,9349.518555,9339.127930,9325.224609,9289.277344,9282.523438,9252.135742,9249.131836,9202.126953,9170.186523,9154.946289,9112.760742,9099.470703,9059.827148,9058.076172,9028.236328,9024.210938,9010.155273,8993.180664,8988.741211,8977.369141,8957.508789,8952.174805,8942.036133,8927.833984,8924.997070,8913.040039,8901.452148,8870.808594,8864.956055,8830.717773,8824.398438,8819.399414,8802.981445,8775.321289,8771.676758,8743.312500,8739.512695,8738.513672,8707.847656,8675.508789,8672.988281,8670.538086,8653.623047,8639.032227,8636.123047,8635.647461,8630.710938,8624.148438,8621.885742,8621.885742]
}