{
"iteraciones": [25,50,75,100,125,150,175,200,225,250,275,300,325,350,375,400,450,475,500,525,550,575,600,650,675,700,725,750,775,800,825,850,875,900,925,950,975,1000,1025,1050,1075,1100,1125,1150,1175,1200,1225,1250,1275,1300,1325,1350,1375,1400,1450,1475,1500,1550,1575,1600,1625,1650,1675,1700,1725,1750,1775,1800,1825,1850,1875,1900,1925,1950,1975,2000,2025,2075,2100,2125,2150,2175,2200,2250,2275,2300,2350,2375,2400,2425,2450,2475,2500,2525,2550,2575,2600,2625,2650,2675,2700,2725,2750,2825,2850,2875,2900,2925,2950,2975,3025,3050,3075,3100,3150,3175,3200,3225,3250,3300,3325,3350,3375,3400,3425,3450,3500,3550,3575,3600,3625,3650,3700,3725,3750,3800,3825,3850,3875,3900,3925,3950,3975,4000,4025,4075,4100,4175,4200,4300,4325,4350,4375,4425,4450,4475,4500,4525,4550,4600,4625,4675,4775,4800,4925,4950,5000,5025,5075,5100,5150,5175,5200,5225,5250,5275,5300,5325,5350,5375,5400,5425,5475,5500,5550,5575,5600,5625,5650,5675,5700,5750,5775,5800,5875,5925,5975,6025,6050,6075,6100,6150,6200,6350,6450,6525,6550,6625,6650,6800,6975,7100,7275,7300,7325,7450,7475,7500,7575,7850,7875,7900,7975,8125,8150,8175,8500,8525,9325,10750,13750],
"fitness": [15260.969727,14980.438477,14855.695312,14675.879883,14568.170898,14425.202148,14367.469727,14295.045898,14208.770508,14123.196289,14097.695312,14076.000000,14007.262695,13956.083984,13940.472656,13839.488281,13834.858398,13765.913086,13685.912109,13632.720703,13613.897461,13564.564453,13465.713867,13423.034180,13410.755859,13378.883789,13340.488281,13303.731445,13275.794922,13243.347656,13226.125000,13206.598633,13128.771484,13094.967773,13064.476562,13010.065430,12952.557617,12894.837891,12867.594727,12829.000000,12817.582031,12783.179688,12767.301758,12730.464844,12712.207031,12699.742188,12649.309570,12629.569336,12609.851562,12574.043945,12552.336914,12511.076172,12504.227539,12430.411133,12407.870117,12363.783203,12337.985352,12316.002930,12271.975586,12252.050781,12228.591797,12199.693359,12167.793945,12131.763672,12117.158203,12099.148438,12082.259766,12039.963867,11990.253906,11976.049805,11930.756836,11891.371094,11878.228516,11843.246094,11816.701172,11789.253906,11755.265625,11736.034180,11692.416016,11685.080078,11663.589844,11643.073242,11627.380859,11605.929688,11570.423828,11548.536133,11542.961914,11534.626953,11500.118164,11490.231445,11449.274414,11435.757812,11418.547852,11393.316406,11369.780273,11329.544922,11323.907227,11270.354492,11262.279297,11227.882812,11208.621094,11193.868164,11144.494141,11143.227539,11121.525391,11097.947266,11091.727539,11086.177734,11076.966797,11043.711914,11042.963867,11027.109375,11024.058594,10988.674805,10986.981445,10973.835938,10966.383789,10958.470703,10920.002930,10898.679688,10863.655273,10862.896484,10853.714844,10840.677734,10822.327148,10794.311523,10759.096680,10757.759766,10731.058594,10708.141602,10703.871094,10693.573242,10687.141602,10674.781250,10636.780273,10632.309570,10612.314453,10567.897461,10563.276367,10544.088867,10505.497070,10487.732422,10484.540039,10470.563477,10440.522461,10432.656250,10383.405273,10358.876953,10326.121094,10306.125000,10294.000000,10272.374023,10259.890625,10239.283203,10208.112305,10192.177734,10174.458008,10171.199219,10142.524414,10137.661133,10114.461914,10079.915039,10078.544922,10049.710938,10033.047852,10021.783203,10009.000000,9983.842773,9974.204102,9941.346680,9934.401367,9917.224609,9916.400391,9896.219727,9892.268555,9888.330078,9881.501953,9867.618164,9863.723633,9832.484375,9805.512695,9800.805664,9796.494141,9790.273438,9777.279297,9770.931641,9762.246094,9741.906250,9735.083008,9734.823242,9732.062500,9730.935547,9708.527344,9692.612305,9685.615234,9671.278320,9670.802734,9656.586914,9650.901367,9644.000000,9628.341797,9604.583008,9585.356445,9575.784180,9562.591797,9552.014648,9544.881836,9524.297852,9523.339844,9522.314453,9504.342773,9474.584961,9471.333008,9446.018555,9424.639648,9422.087891,9416.314453,9394.807617,9389.446289,9387.880859,9359.918945,9352.701172,9348.462891,9344.426758,9328.009766,9322.562500,9321.391602,9319.696289,9316.329102,9315.907227,9315.638672]
}