{
"iteraciones": [50,75,100,125,150,175,200,225,250,275,300,325,350,375,400,425,450,475,500,525,550,575,600,625,650,675,700,725,750,775,800,825,850,875,925,950,975,1025,1050,1075,1100,1125,1150,1175,1200,1275,1300,1325,1350,1375,1400,1475,1500,1550,1575,1600,1625,1650,1675,1700,1750,1775,1825,1850,1875,1900,1950,1975,2000,2025,2050,2075,2100,2125,2150,2175,2200,2225,2250,2325,2350,2375,2425,2450,2475,2500,2550,2575,2600,2625,2650,2675,2700,2725,2775,2800,2825,2850,2875,2900,2925,2950,2975,3000,3025,3050,3100,3125,3200,3275,3300,3325,3350,3375,3425,3475,3500,3525,3550,3575,3600,3625,3650,3675,3700,3725,3750,3775,3800,3875,3900,3950,3975,4050,4100,4125,4150,4200,4225,4325,4350,4400,4450,4475,4500,4575,4600,4625,4675,4700,4725,4750,4775,4825,4850,4875,4900,4925,4950,4975,5000,5025,5050,5075,5100,5125,5175,5200,5225,5250,5275,5300,5325,5350,5375,5400,5425,5450,5475,5500,5525,5550,5575,5625,5650,5725,5775,5800,5825,5850,5875,5900,5925,5950,6000,6025,6050,6075,6100,6125,6150,6175,6200,6225,6250,6275,6300,6325,6375,6400,6450,6475,6500,6525,6575,6600,6625,6700,6725,6750,6775,6800,6850,6875,6900,6925,6950,6975,7000,7025,7100,7125,7150,7175,7200,7250,7275,7300,7325,7350,7450,7500,7525,7550,7575,7600,7625,7700,7900,7925,7950,7975,8000,8050,8450,8475,8525,8575,8650,9000,9050,9075,9100,9175,9475,9750,10775,10825,12900,14850,14875,17875],
"fitness": [15098.168945,14995.113281,14776.021484,14575.505859,14484.455078,14337.545898,14205.570312,14092.593750,14000.217773,13943.955078,13853.209961,13769.748047,13706.423828,13673.863281,13628.891602,13563.064453,13535.441406,13495.240234,13463.000000,13427.829102,13390.302734,13368.466797,13334.037109,13291.754883,13270.272461,13245.699219,13196.288086,13133.893555,13068.250000,13024.893555,12962.248047,12958.000000,12928.863281,12845.142578,12829.654297,12789.157227,12727.091797,12695.607422,12661.696289,12645.845703,12612.588867,12596.924805,12567.057617,12534.283203,12482.301758,12450.976562,12436.727539,12420.858398,12397.572266,12381.458984,12290.911133,12242.367188,12214.832031,12183.833008,12144.610352,12117.949219,12059.393555,12055.492188,12004.684570,11963.702148,11940.992188,11901.492188,11881.829102,11867.080078,11856.444336,11825.194336,11808.009766,11791.864258,11785.744141,11783.607422,11776.347656,11762.824219,11746.124023,11732.868164,11720.127930,11695.530273,11681.940430,11675.561523,11650.935547,11645.811523,11638.596680,11627.844727,11624.411133,11616.127930,11605.384766,11599.142578,11589.541016,11572.435547,11556.882812,11536.740234,11521.654297,11486.263672,11480.834961,11447.252930,11442.887695,11440.334961,11422.510742,11412.863281,11407.896484,11406.278320,11389.367188,11372.916016,11367.200195,11358.536133,11355.395508,11339.041992,11334.354492,11311.141602,11268.764648,11259.509766,11256.670898,11242.204102,11234.662109,11226.980469,11206.294922,11197.630859,11189.802734,11175.132812,11170.312500,11167.610352,11142.333984,11116.420898,11114.656250,11093.461914,11090.469727,11081.994141,11076.188477,11074.299805,11069.942383,11050.764648,11029.393555,11027.430664,11008.114258,10999.726562,10990.182617,10980.837891,10959.993164,10949.342773,10912.195312,10890.986328,10856.979492,10846.032227,10828.259766,10817.078125,10799.712891,10785.283203,10762.745117,10733.078125,10715.330078,10706.378906,10700.583008,10683.125000,10656.584961,10640.675781,10604.961914,10580.315430,10562.278320,10547.248047,10541.397461,10529.000000,10506.625000,10497.031250,10477.305664,10457.579102,10449.379883,10441.028320,10439.041992,10419.710938,10398.049805,10387.954102,10367.304688,10345.225586,10341.085938,10318.309570,10314.504883,10283.113281,10275.307617,10249.901367,10227.348633,10214.030273,10172.358398,10163.746094,10117.416992,10085.969727,10063.235352,10028.499023,10008.670898,9989.572266,9962.277344,9961.558594,9927.229492,9922.982422,9897.970703,9876.603516,9851.770508,9822.986328,9808.909180,9791.821289,9751.947266,9727.727539,9720.017578,9700.539062,9672.000000,9642.964844,9622.283203,9614.385742,9583.555664,9581.165039,9561.699219,9543.574219,9522.241211,9510.387695,9487.019531,9447.627930,9439.401367,9422.643555,9404.070312,9397.572266,9371.442383,9307.869141,9280.576172,9273.902344,9254.746094,9248.955078,9245.626953,9229.756836,9226.916016,9219.465820,9192.950195,9152.172852,9141.337891,9118.063477,9110.252930,9097.179688,9076.193359,9060.987305,9036.019531,9034.910156,9004.688477,8989.896484,8974.528320,8930.770508,8928.083984,8922.066406,8894.956055,8874.955078,8861.836914,8844.334961,8841.656250,8825.804688,8807.699219,8760.896484,8759.355469,8730.067383,8718.672852,8716.791992,8693.122070,8687.307617,8676.287109,8656.572266,8648.672852,8645.597656,8643.180664,8639.889648,8637.328125,8634.074219,8630.140625,8629.052734,8627.891602,8624.296875,8621.885742,8621.885742]
}