{
"iteraciones": [25,50,75,100,125,150,175,200,225,250,275,300,325,350,400,425,450,475,500,525,575,600,625,650,675,700,725,750,775,800,825,850,875,900,975,1000,1025,1050,1075,1100,1150,1175,1200,1225,1250,1275,1300,1325,1350,1375,1400,1425,1450,1475,1500,1525,1550,1575,1600,1625,1650,1675,1700,1725,1750,1775,1800,1825,1850,1875,1900,1925,1950,1975,2000,2025,2050,2075,2100,2125,2150,2175,2200,2225,2250,2275,2300,2325,2350,2375,2400,2450,2500,2525,2600,2625,2650,2675,2700,2725,2750,2775,2825,2850,2900,2925,2950,2975,3000,3025,3050,3100,3125,3150,3175,3200,3225,3250,3275,3300,3325,3375,3400,3425,3450,3475,3500,3525,3550,3575,3600,3625,3675,3700,3750,3775,3800,3850,3875,3900,3925,3950,3975,4000,4025,4050,4075,4125,4275,4300,4325,4400,4450,4475,4500,4550,4575,4600,4650,4700,4725,4750,4775,4800,4875,4900,5000,5050,5175,5200,5225,5275,5325,5375,5600,5625,5650,5700,6100,6275,6675,7475,7725,7900,9175,10275,10475,10500,13500],
"fitness": [15163.046875,14994.292969,14672.346680,14578.401367,14474.636719,14388.118164,14272.244141,14200.494141,14141.149414,14067.679688,13960.845703,13959.024414,13881.150391,13768.175781,13709.950195,13668.043945,13605.229492,13548.480469,13524.324219,13404.103516,13328.442383,13322.756836,13272.590820,13221.507812,13183.909180,13150.555664,13102.493164,13075.399414,13014.505859,12961.813477,12881.372070,12841.221680,12810.875000,12682.791016,12664.797852,12594.526367,12573.594727,12547.505859,12521.852539,12457.083984,12409.906250,12396.000000,12341.422852,12327.192383,12297.057617,12263.220703,12232.413086,12212.946289,12142.344727,12121.936523,12112.693359,12044.739258,12002.466797,11998.578125,11970.210938,11951.100586,11916.720703,11909.000000,11883.323242,11854.727539,11816.713867,11808.156250,11781.376953,11747.661133,11725.728516,11666.617188,11638.500977,11615.712891,11578.223633,11567.673828,11509.279297,11472.034180,11455.187500,11421.169922,11358.659180,11356.739258,11299.013672,11280.638672,11254.847656,11235.890625,11223.989258,11191.294922,11181.227539,11148.997070,11116.600586,11088.306641,11035.756836,11014.499023,11006.672852,10981.163086,10960.775391,10919.121094,10874.293945,10816.632812,10786.800781,10762.041992,10740.826172,10726.933594,10683.087891,10671.001953,10641.061523,10615.211914,10600.930664,10569.644531,10548.541992,10540.803711,10503.572266,10477.498047,10475.220703,10448.667969,10439.338867,10426.000000,10402.818359,10386.380859,10369.346680,10354.009766,10327.979492,10317.018555,10275.924805,10274.581055,10253.000000,10238.170898,10222.364258,10206.377930,10184.545898,10163.519531,10148.930664,10118.228516,10111.755859,10085.616211,10062.863281,10032.861328,10018.943359,9980.190430,9963.796875,9947.329102,9928.112305,9893.455078,9844.175781,9807.652344,9741.698242,9732.608398,9675.396484,9657.808594,9606.008789,9592.321289,9551.035156,9497.418945,9462.280273,9456.148438,9356.791992,9324.652344,9301.041016,9267.802734,9251.268555,9215.206055,9199.497070,9198.502930,9170.852539,9152.979492,9121.983398,9107.659180,9095.966797,9079.723633,9052.622070,9038.414062,9023.056641,8964.016602,8962.652344,8934.664062,8919.526367,8880.575195,8845.075195,8771.491211,8749.437500,8737.216797,8702.909180,8697.707031,8670.504883,8656.041016,8640.577148,8636.160156,8635.054688,8631.793945,8628.142578,8625.349609,8623.272461,8621.885742,8621.885742]
}