{
"iteraciones": [25,50,75,100,125,150,175,200,250,275,300,375,400,425,450,475,500,525,550,575,600,625,650,675,700,725,750,775,800,825,875,900,925,950,975,1000,1025,1050,1075,1100,1125,1175,1200,1225,1250,1275,1300,1325,1350,1375,1400,1425,1450,1475,1500,1525,1550,1575,1625,1650,1675,1700,1725,1750,1775,1800,1850,1875,1900,1925,1950,1975,2000,2025,2050,2075,2100,2125,2175,2225,2250,2275,2300,2325,2350,2375,2400,2425,2450,2475,2500,2525,2550,2575,2600,2625,2650,2675,2700,2725,2750,2775,2800,2825,2850,2875,2900,3000,3025,3050,3075,3125,3150,3175,3200,3225,3250,3275,3300,3350,3375,3425,3450,3500,3525,3550,3575,3600,3625,3650,3675,3725,3750,3775,3800,3825,3850,3875,3900,3925,3950,4000,4025,4050,4075,4100,4125,4175,4275,4300,4350,4375,4400,4425,4450,4475,4500,4525,4550,4575,4650,4675,4725,4750,4775,4800,4825,4900,4925,4950,4975,5000,5075,5175,5225,5250,5300,5425,5450,5475,5500,5750,5775,5800,5875,5900,5925,5950,5975,6000,6075,6150,6175,6200,6225,6400,6450,6950,7025,7050,7100,7150,7225,7675,7925,9200,9850,12850],
"fitness": [15139.550781,15111.538086,14939.249023,14745.154297,14695.029297,14559.971680,14482.182617,14233.442383,14202.503906,14160.971680,13991.425781,13934.896484,13863.104492,13829.357422,13791.392578,13767.194336,13722.539062,13701.362305,13663.854492,13613.318359,13600.039062,13585.529297,13541.314453,13510.504883,13499.805664,13450.026367,13427.733398,13377.662109,13321.339844,13273.090820,13228.019531,13190.289062,13130.365234,13069.274414,13023.526367,12938.174805,12899.136719,12894.164062,12794.521484,12762.208008,12738.747070,12709.510742,12658.472656,12624.236328,12579.684570,12542.342773,12465.603516,12462.678711,12407.947266,12367.119141,12330.336914,12300.791016,12280.441406,12250.281250,12228.124023,12203.668945,12186.891602,12140.083008,12098.202148,12074.904297,12036.113281,12003.594727,11979.480469,11921.818359,11890.984375,11831.262695,11820.993164,11803.096680,11757.391602,11734.126953,11727.934570,11694.793945,11676.644531,11645.501953,11635.167969,11605.637695,11582.335938,11531.316406,11459.034180,11457.000000,11407.595703,11358.842773,11346.887695,11326.207031,11311.584961,11283.214844,11256.180664,11239.454102,11186.124023,11173.084961,11158.165039,11137.077148,11090.644531,11059.762695,11017.808594,11011.592773,10978.741211,10946.111328,10904.837891,10893.666016,10870.881836,10845.112305,10833.395508,10811.286133,10785.461914,10771.971680,10703.507812,10672.405273,10669.341797,10642.553711,10628.586914,10600.082031,10577.682617,10521.018555,10505.421875,10497.316406,10478.882812,10396.658203,10376.294922,10347.113281,10335.763672,10304.000000,10264.180664,10249.316406,10220.158203,10197.156250,10188.900391,10187.565430,10164.959961,10145.326172,10107.540039,10101.778320,10081.313477,10050.946289,10024.048828,10004.254883,9946.261719,9912.386719,9895.234375,9846.365234,9811.919922,9801.412109,9791.223633,9763.559570,9753.499023,9710.875000,9681.159180,9658.872070,9633.415039,9605.921875,9547.227539,9517.951172,9500.922852,9488.510742,9464.891602,9463.986328,9461.343750,9440.660156,9433.260742,9393.027344,9387.379883,9381.493164,9361.765625,9332.004883,9310.788086,9305.835938,9283.110352,9261.474609,9255.904297,9254.289062,9248.089844,9232.026367,9161.636719,9158.777344,9106.373047,9070.392578,9024.610352,9021.605469,8985.176758,8967.934570,8907.442383,8906.462891,8885.458984,8883.000000,8863.649414,8858.721680,8846.926758,8834.487305,8832.021484,8821.245117,8816.923828,8815.722656,8812.397461,8811.000000,8803.961914,8786.131836,8754.159180,8742.170898,8712.265625,8703.957031,8690.088867,8663.530273,8656.965820,8651.658203,8636.848633,8623.272461,8621.885742,8621.885742]
}