{
"iteraciones": [25,50,75,100,125,150,225,250,275,300,325,350,375,400,425,450,475,500,525,550,575,600,625,650,675,700,725,750,775,825,850,875,900,925,950,975,1000,1025,1050,1075,1100,1125,1150,1175,1200,1225,1250,1275,1300,1325,1350,1375,1400,1425,1450,1475,1500,1525,1550,1575,1600,1625,1650,1675,1700,1725,1775,1800,1825,1850,1875,1900,1925,1950,1975,2000,2025,2050,2075,2100,2125,2150,2175,2200,2225,2250,2300,2325,2350,2375,2400,2425,2450,2475,2500,2525,2550,2575,2600,2625,2650,2675,2700,2725,2750,2775,2800,2825,2850,2875,2900,2925,2950,2975,3000,3050,3075,3100,3125,3150,3175,3200,3225,3250,3300,3325,3350,3425,3450,3475,3525,3575,3600,3625,3650,3675,3700,3725,3750,3800,3825,3850,3900,3925,4000,4025,4050,4125,4150,4200,4250,4275,4300,4325,4350,4375,4400,4450,4475,4500,4525,4550,4575,4600,4625,4650,4700,4725,4800,4850,4950,4975,5050,5125,5175,5200,5225,5250,5275,5300,5400,5575,5600,5625,5700,5825,5850,6125,6150,6250,6300,7175,7975,8025,11025],
"fitness": [15402.244141,15190.328125,15066.311523,14901.089844,14672.819336,14338.337891,14291.132812,14221.726562,14106.786133,14104.170898,13922.783203,13848.139648,13812.466797,13732.541992,13678.104492,13640.776367,13618.796875,13549.135742,13513.089844,13447.955078,13404.355469,13367.609375,13298.094727,13271.827148,13165.392578,13146.571289,13114.742188,13047.321289,12957.332031,12891.648438,12872.397461,12812.993164,12713.798828,12638.150391,12621.821289,12555.176758,12531.341797,12487.772461,12469.045898,12424.970703,12405.694336,12359.112305,12314.478516,12266.479492,12227.407227,12203.929688,12133.054688,12071.248047,12037.156250,11979.285156,11949.630859,11930.591797,11873.014648,11784.750977,11766.272461,11744.521484,11697.638672,11648.013672,11618.602539,11581.276367,11546.265625,11511.789062,11479.080078,11464.317383,11434.813477,11379.392578,11311.957031,11310.910156,11298.066406,11282.026367,11275.747070,11237.765625,11220.599609,11190.615234,11174.747070,11151.709961,11126.839844,11083.833984,11064.347656,11018.092773,11001.504883,10960.993164,10925.457031,10893.799805,10872.353516,10814.654297,10799.065430,10750.353516,10734.763672,10707.297852,10693.283203,10673.080078,10640.107422,10630.430664,10599.169922,10566.276367,10510.293945,10504.251953,10488.615234,10458.233398,10432.933594,10408.861328,10383.511719,10379.342773,10349.839844,10331.562500,10310.844727,10273.982422,10242.269531,10238.228516,10214.126953,10184.850586,10145.561523,10129.827148,10101.585938,10093.508789,10089.583008,10078.765625,10057.829102,10045.129883,10038.037109,10029.249023,10011.347656,9980.681641,9961.646484,9960.694336,9932.079102,9912.071289,9876.439453,9868.053711,9848.747070,9832.851562,9791.391602,9782.233398,9774.940430,9743.922852,9708.840820,9660.892578,9609.571289,9603.739258,9580.978516,9548.472656,9502.429688,9466.750000,9450.698242,9447.586914,9398.007812,9346.252930,9323.789062,9307.877930,9256.249023,9255.689453,9246.022461,9219.324219,9212.399414,9129.783203,9099.412109,9059.094727,9046.673828,9016.137695,8977.267578,8965.276367,8963.674805,8953.137695,8946.244141,8933.075195,8930.388672,8921.399414,8919.097656,8894.056641,8888.565430,8858.128906,8847.104492,8845.508789,8831.269531,8822.212891,8819.022461,8813.022461,8781.585938,8776.069336,8751.826172,8749.125977,8724.362305,8723.064453,8706.082031,8696.950195,8673.811523,8669.958984,8668.542969,8667.202148,8665.603516,8635.979492,8628.510742,8624.148438,8624.148438]
}