{
"iteraciones": [50,75,100,125,150,175,200,225,250,275,300,325,350,375,400,425,450,475,500,525,550,575,600,625,650,675,700,725,750,775,800,825,850,875,900,925,950,975,1000,1025,1050,1075,1125,1150,1175,1200,1225,1250,1275,1325,1350,1375,1400,1425,1450,1475,1500,1525,1550,1575,1600,1625,1650,1675,1700,1725,1750,1775,1800,1825,1850,1875,1900,1925,1950,1975,2000,2025,2050,2075,2100,2125,2150,2175,2200,2225,2250,2275,2300,2325,2350,2375,2400,2425,2450,2500,2550,2575,2600,2625,2650,2675,2700,2725,2750,2775,2825,2850,2900,2925,2950,2975,3075,3100,3125,3150,3175,3200,3225,3250,3275,3325,3350,3375,3400,3450,3475,3500,3525,3600,3625,3650,3675,3700,3725,3750,3775,3800,3825,3850,3875,3900,3950,3975,4000,4025,4050,4075,4125,4150,4175,4250,4275,4325,4350,4375,4400,4425,4450,4500,4525,4550,4575,4625,4675,4700,4725,4775,4825,4850,4875,4900,4975,5025,5050,5075,5100,5125,5150,5175,5200,5225,5250,5275,5300,5325,5350,5450,5475,5500,5550,5600,5700,5725,5750,5775,5825,5850,5900,5925,5950,5975,6000,6075,6100,6125,6150,6175,6250,6300,6325,6350,6475,6700,6725,6750,6800,6925,6975,7000,7025,7050,7200,7225,7275,7350,7425,7450,7500,7550,7750,7975,8125,8250,8275,8300,8650,8725,8750,8800,8825,8850,9375,9725,12725],
"fitness": [15037.646484,14814.530273,14746.502930,14594.935547,14495.356445,14394.696289,14267.632812,14240.382812,14179.103516,14074.975586,14039.194336,13981.860352,13913.139648,13853.619141,13793.791992,13764.781250,13710.424805,13683.892578,13647.651367,13585.773438,13529.591797,13435.394531,13432.210938,13337.135742,13332.459961,13288.793945,13233.231445,13207.102539,13145.629883,13088.923828,13045.167969,13030.967773,12995.728516,12961.581055,12932.200195,12869.457031,12851.016602,12773.681641,12750.790039,12692.705078,12660.913086,12627.569336,12610.000000,12551.098633,12525.712891,12491.868164,12476.450195,12429.617188,12365.370117,12327.452148,12303.704102,12254.997070,12222.942383,12199.412109,12165.887695,12120.443359,12096.618164,12081.053711,12053.850586,12044.097656,12010.435547,12005.823242,11943.017578,11935.646484,11929.625000,11912.001953,11891.648438,11874.125000,11850.364258,11841.563477,11829.239258,11805.245117,11787.157227,11784.098633,11743.134766,11729.767578,11713.939453,11704.094727,11680.390625,11673.409180,11656.653320,11640.888672,11638.440430,11620.000000,11605.979492,11592.578125,11561.880859,11554.857422,11536.402344,11534.863281,11514.589844,11504.025391,11495.738281,11473.773438,11466.013672,11444.068359,11417.329102,11395.999023,11373.022461,11360.633789,11347.897461,11337.156250,11314.221680,11303.180664,11295.802734,11282.272461,11270.532227,11251.582031,11235.774414,11213.823242,11192.776367,11162.404297,11158.906250,11142.008789,11127.394531,11124.002930,11116.746094,11097.916992,11086.349609,11077.845703,11071.412109,11066.169922,11050.111328,11039.435547,11009.330078,11008.949219,10998.523438,10986.971680,10972.172852,10965.450195,10947.472656,10941.857422,10931.467773,10929.169922,10906.612305,10900.974609,10883.544922,10866.764648,10861.052734,10855.398438,10853.522461,10822.983398,10797.837891,10791.551758,10776.615234,10768.704102,10756.577148,10747.767578,10731.000000,10723.345703,10707.579102,10693.554688,10682.791016,10672.281250,10655.607422,10641.249023,10621.021484,10605.330078,10578.373047,10559.033203,10526.048828,10510.839844,10483.773438,10449.212891,10447.364258,10401.855469,10389.826172,10381.706055,10374.727539,10363.577148,10345.672852,10324.237305,10314.388672,10296.777344,10289.021484,10257.350586,10250.612305,10229.079102,10218.712891,10208.282227,10183.936523,10163.442383,10154.100586,10122.695312,10104.852539,10102.068359,10092.965820,10087.752930,10063.160156,10060.632812,10037.515625,10005.479492,9992.843750,9976.321289,9969.504883,9967.106445,9961.063477,9951.117188,9939.737305,9929.757812,9924.513672,9906.199219,9879.205078,9847.821289,9846.087891,9815.848633,9806.626953,9795.351562,9782.797852,9772.238281,9753.178711,9728.849609,9685.875977,9681.000000,9642.673828,9636.948242,9632.086914,9622.390625,9610.991211,9606.808594,9599.758789,9592.840820,9591.532227,9587.085938,9583.903320,9562.472656,9557.833984,9549.917969,9509.721680,9495.807617,9476.104492,9456.479492,9423.654297,9419.496094,9402.000000,9395.077148,9393.958984,9386.468750,9374.149414,9361.861328,9348.607422,9328.690430,9322.578125,9319.549805,9319.000000]
}