{
"iteraciones": [25,50,75,100,125,150,175,200,225,250,300,325,350,375,400,425,450,475,500,525,550,575,600,625,650,675,700,725,750,775,800,825,850,875,900,925,950,975,1000,1025,1050,1075,1100,1125,1150,1175,1200,1225,1250,1275,1300,1325,1350,1400,1425,1450,1475,1500,1550,1575,1600,1625,1650,1675,1700,1725,1750,1775,1800,1825,1850,1875,1900,1925,1950,1975,2000,2025,2050,2100,2125,2150,2175,2200,2225,2250,2275,2300,2325,2350,2375,2400,2425,2450,2475,2525,2550,2575,2625,2650,2675,2700,2725,2750,2800,2825,2850,2875,2900,2925,3000,3050,3075,3100,3125,3150,3200,3225,3250,3275,3300,3325,3400,3425,3475,3500,3550,3575,3600,3625,3650,3675,3725,3750,3775,3800,3850,3875,3900,3925,3975,4000,4025,4050,4125,4200,4225,4275,4350,4375,4400,4425,4450,4475,4525,4550,4575,4600,4625,4650,4700,4725,4750,4775,4825,4850,4875,4900,4975,5100,5125,5150,5175,5200,5250,5275,5300,5325,5400,5650,6700,6900,6925,7325,8525,8550,8575,8675,8950,9050,9325,10125,11200,14200],
"fitness": [15176.146484,14680.293945,14643.333008,14597.907227,14342.805664,14251.770508,14233.259766,14054.102539,13963.167969,13856.130859,13785.401367,13724.152344,13673.094727,13605.154297,13527.333984,13500.877930,13457.163086,13434.508789,13386.490234,13314.180664,13237.868164,13222.000000,13151.253906,13117.030273,13065.440430,13038.574219,12995.169922,12966.541992,12915.194336,12865.791992,12835.556641,12786.538086,12773.318359,12699.200195,12692.369141,12649.765625,12619.456055,12573.895508,12517.522461,12462.927734,12450.586914,12371.428711,12330.185547,12296.410156,12255.402344,12163.201172,12113.703125,12067.229492,12004.876953,12002.000000,11959.617188,11934.681641,11882.742188,11854.352539,11796.397461,11788.381836,11717.575195,11682.986328,11653.820312,11631.176758,11619.375000,11588.000000,11541.994141,11534.175781,11501.398438,11478.315430,11457.613281,11439.522461,11411.375977,11376.083984,11352.081055,11313.629883,11265.899414,11241.771484,11191.487305,11189.418945,11161.478516,11140.612305,11081.200195,11057.408203,11035.312500,11005.041992,10962.324219,10901.976562,10879.611328,10874.593750,10854.342773,10831.029297,10805.559570,10776.117188,10751.690430,10746.802734,10691.077148,10676.662109,10650.244141,10616.416992,10595.949219,10567.010742,10556.703125,10542.619141,10511.480469,10492.375000,10466.831055,10435.517578,10419.308594,10390.945312,10369.385742,10348.223633,10331.592773,10291.994141,10275.848633,10226.107422,10179.283203,10171.981445,10124.295898,10093.250000,10079.946289,10062.762695,10026.998047,9976.806641,9974.277344,9955.050781,9945.666992,9905.205078,9887.597656,9869.059570,9867.107422,9834.766602,9827.786133,9803.272461,9783.588867,9755.880859,9729.437500,9701.157227,9694.505859,9673.304688,9639.988281,9623.539062,9614.503906,9554.229492,9533.027344,9507.834961,9463.444336,9429.507812,9395.344727,9367.535156,9304.105469,9257.354492,9211.802734,9171.615234,9170.916016,9162.255859,9152.764648,9143.422852,9112.045898,9106.793945,9082.985352,9074.042969,9059.102539,9037.633789,9016.000000,9012.511719,9001.224609,8977.125000,8953.693359,8936.579102,8930.438477,8914.722656,8865.364258,8824.136719,8812.282227,8793.030273,8778.403320,8759.847656,8751.697266,8741.254883,8739.333984,8717.988281,8701.503906,8679.498047,8667.830078,8666.212891,8665.387695,8658.125000,8657.693359,8655.828125,8653.954102,8636.862305,8631.793945,8630.554688,8625.215820,8624.148438,8621.885742,8621.885742]
}