{
"iteraciones": [25,50,75,100,125,150,175,200,225,250,275,300,325,350,375,400,425,450,475,500,525,575,600,625,650,675,700,725,750,775,825,850,875,900,925,950,975,1000,1025,1050,1075,1100,1125,1150,1200,1225,1250,1275,1300,1325,1350,1375,1425,1450,1475,1500,1525,1550,1575,1625,1650,1675,1700,1725,1750,1775,1800,1825,1850,1875,1900,1925,1950,2000,2025,2050,2075,2100,2125,2150,2175,2200,2225,2275,2325,2350,2375,2425,2450,2475,2500,2525,2550,2575,2625,2650,2675,2700,2750,2775,2825,2850,2875,2900,2925,2950,2975,3000,3025,3050,3125,3175,3225,3250,3275,3325,3350,3375,3400,3425,3450,3475,3500,3550,3600,3625,3675,3700,3775,3800,3825,3875,3900,3950,3975,4000,4025,4050,4075,4175,4200,4250,4275,4450,4575,4600,4625,4800,4900,5200,5775,5800,5900,5950,6250,6350,6375,6400,6425,7275,7575,7600,7725,8825,8875,8950,9175,12175],
"fitness": [15272.753906,14983.001953,14725.380859,14642.331055,14541.139648,14421.612305,14183.006836,14138.747070,14036.024414,13963.453125,13810.000000,13673.837891,13638.209961,13542.761719,13492.436523,13442.503906,13356.227539,13299.944336,13284.949219,13170.133789,13137.080078,13077.306641,12968.433594,12900.618164,12897.609375,12887.155273,12841.697266,12748.130859,12718.535156,12604.769531,12569.920898,12550.083008,12521.254883,12471.627930,12432.249023,12409.978516,12356.693359,12288.493164,12250.244141,12203.690430,12156.488281,12123.204102,12102.103516,12053.031250,12002.350586,11977.000000,11912.917969,11869.000000,11825.355469,11776.891602,11743.669922,11648.339844,11575.417969,11556.490234,11469.516602,11452.545898,11417.153320,11405.988281,11345.205078,11330.392578,11272.180664,11204.680664,11169.121094,11099.541992,11065.911133,11025.929688,10991.846680,10976.394531,10892.919922,10881.338867,10859.000000,10793.097656,10692.940430,10681.815430,10603.306641,10597.000000,10525.772461,10460.499023,10422.044922,10390.925781,10358.000000,10303.244141,10282.538086,10202.108398,10182.131836,10176.420898,10144.839844,10098.183594,10079.329102,10039.500000,9973.893555,9958.500977,9885.989258,9863.375000,9848.457031,9836.096680,9818.654297,9767.297852,9750.000000,9716.900391,9697.421875,9646.274414,9645.987305,9634.458008,9625.886719,9601.217773,9567.064453,9559.680664,9557.958984,9525.389648,9484.462891,9452.314453,9447.578125,9446.437500,9402.337891,9363.551758,9358.468750,9350.947266,9347.815430,9342.299805,9325.969727,9305.974609,9239.187500,9228.947266,9207.335938,9144.378906,9109.471680,9048.710938,9037.040039,9020.797852,8972.910156,8971.715820,8928.862305,8924.658203,8922.000000,8898.010742,8891.953125,8884.413086,8873.686523,8858.836914,8835.023438,8813.299805,8800.209961,8774.968750,8760.285156,8756.816406,8719.254883,8715.273438,8713.930664,8700.216797,8696.165039,8675.860352,8670.649414,8667.000000,8663.897461,8661.992188,8659.870117,8653.977539,8639.221680,8637.795898,8634.000000,8632.123047,8631.769531,8626.720703,8624.372070,8623.272461,8621.885742,8621.885742]
}