{
"iteraciones": [25,50,100,125,150,175,200,225,250,275,300,325,350,375,400,425,450,475,500,525,550,575,600,625,650,675,725,750,775,800,825,850,875,900,925,975,1025,1050,1075,1100,1125,1150,1175,1200,1275,1300,1325,1350,1375,1400,1425,1450,1475,1500,1525,1550,1575,1600,1625,1650,1675,1700,1725,1750,1800,1825,1875,1900,1925,1950,1975,2000,2025,2050,2075,2100,2125,2150,2200,2225,2250,2275,2350,2375,2425,2450,2475,2500,2525,2550,2575,2600,2625,2650,2675,2700,2750,2775,2800,2825,2875,2900,2950,3000,3025,3050,3075,3100,3125,3150,3175,3200,3225,3250,3275,3325,3350,3375,3400,3425,3450,3475,3500,3550,3575,3625,3675,3700,3725,3800,3825,3850,3925,3975,4050,4075,4100,4125,4150,4200,4250,4275,4400,4525,4550,4575,4775,4950,4975,5150,5200,5325,5350,5375,5475,5500,5575,5675,5725,5875,5900,6200,6325,6450,6550,6575,6625,8850,9975,10325,10400,13400],
"fitness": [15247.823242,14900.684570,14810.666992,14678.654297,14527.569336,14381.681641,14346.520508,14222.800781,14101.377930,13974.379883,13933.625977,13821.321289,13783.000000,13728.944336,13668.969727,13639.080078,13574.680664,13484.344727,13435.801758,13336.756836,13318.082031,13263.665039,13224.818359,13194.285156,13142.149414,13073.391602,13040.471680,12991.599609,12974.858398,12933.340820,12907.710938,12839.483398,12828.424805,12807.266602,12754.914062,12706.025391,12662.190430,12616.592773,12584.506836,12534.872070,12473.803711,12470.883789,12429.257812,12337.649414,12314.989258,12278.967773,12225.395508,12205.963867,12140.395508,12128.516602,12068.608398,12044.408203,12018.318359,11965.121094,11956.000000,11878.536133,11851.000000,11786.565430,11758.120117,11706.398438,11639.315430,11595.492188,11532.833984,11460.061523,11404.580078,11399.847656,11363.355469,11341.303711,11315.308594,11272.628906,11262.475586,11225.716797,11197.002930,11150.418945,11106.099609,11022.684570,10990.118164,10918.063477,10911.796875,10852.957031,10781.571289,10724.563477,10679.957031,10624.999023,10611.825195,10580.656250,10554.141602,10508.529297,10489.179688,10461.898438,10428.611328,10360.592773,10343.936523,10329.332031,10256.200195,10239.003906,10208.705078,10193.676758,10167.077148,10122.181641,10096.681641,10034.382812,9983.040039,9972.846680,9935.966797,9916.661133,9904.857422,9869.291992,9844.934570,9835.044922,9817.850586,9784.947266,9762.050781,9718.863281,9691.352539,9623.857422,9618.170898,9560.082031,9529.247070,9487.540039,9477.842773,9419.631836,9418.371094,9353.365234,9348.364258,9291.641602,9285.555664,9236.294922,9211.497070,9208.975586,9195.502930,9167.717773,9130.869141,9080.056641,9058.188477,9042.240234,9032.036133,9019.553711,8989.253906,8956.900391,8946.113281,8915.359375,8911.040039,8902.166992,8880.076172,8861.761719,8799.872070,8783.747070,8723.863281,8722.306641,8719.875000,8718.000000,8715.933594,8712.072266,8686.296875,8677.661133,8676.755859,8674.927734,8669.642578,8666.750000,8659.760742,8655.003906,8646.995117,8637.881836,8634.114258,8632.699219,8630.181641,8629.929688,8628.510742,8624.148438,8621.885742,8621.885742]
}