{
"iteraciones": [25,50,75,100,125,150,175,225,250,275,300,325,350,375,400,425,450,475,500,525,550,575,600,650,675,700,725,750,775,800,825,850,875,900,925,950,975,1000,1025,1050,1075,1100,1125,1150,1175,1200,1225,1250,1300,1325,1350,1375,1400,1425,1450,1475,1500,1525,1550,1575,1600,1625,1650,1675,1725,1750,1775,1800,1850,1875,1900,1925,1950,1975,2000,2025,2050,2075,2100,2125,2150,2175,2200,2225,2250,2275,2300,2325,2350,2375,2400,2425,2475,2500,2525,2550,2575,2600,2650,2675,2700,2725,2750,2775,2800,2825,2850,2875,2900,2925,2950,2975,3000,3025,3050,3100,3125,3150,3175,3200,3225,3250,3275,3300,3325,3375,3400,3425,3450,3475,3500,3525,3575,3600,3625,3675,3700,3725,3775,3800,3825,3875,3925,3950,3975,4000,4050,4125,4150,4175,4200,4225,4250,4300,4325,4350,4375,4400,4425,4450,4475,4500,4575,4600,4625,4675,4800,4825,4850,4925,4950,5000,5050,5100,5125,5175,5425,5450,5475,5575,5675,5775,5850,5900,5975,6000,6025,6150,6175,6200,6225,6275,6475,6600,6750,6800,6825,6850,6900,6975,7050,7625,7825,8250,9100,12100],
"fitness": [15323.296875,15073.980469,14915.096680,14673.183594,14543.599609,14446.016602,14149.914062,14126.535156,13936.601562,13922.292969,13845.680664,13770.831055,13713.447266,13661.082031,13649.329102,13547.507812,13530.263672,13479.200195,13359.045898,13294.177734,13253.182617,13212.124023,13137.051758,13109.822266,13070.300781,13056.131836,13002.947266,12965.842773,12919.043945,12906.138672,12894.077148,12809.224609,12745.758789,12715.913086,12705.715820,12661.995117,12622.991211,12589.930664,12550.496094,12539.225586,12494.846680,12456.500977,12418.659180,12369.573242,12353.768555,12289.477539,12275.949219,12203.896484,12164.093750,12154.014648,12138.523438,12110.934570,12075.958984,12030.511719,11964.292969,11953.620117,11918.859375,11904.887695,11855.999023,11847.701172,11797.825195,11776.136719,11755.413086,11718.152344,11707.685547,11681.027344,11643.443359,11572.352539,11546.657227,11500.896484,11474.503906,11472.820312,11421.044922,11358.842773,11338.307617,11295.624023,11264.119141,11221.135742,11180.034180,11138.584961,11101.775391,11073.937500,11042.677734,10983.000977,10970.526367,10950.141602,10911.152344,10861.404297,10820.951172,10789.466797,10752.224609,10743.104492,10713.191406,10689.573242,10660.372070,10627.583008,10621.344727,10571.257812,10553.210938,10536.092773,10521.536133,10480.374023,10471.400391,10443.605469,10398.286133,10387.519531,10370.661133,10347.748047,10335.767578,10320.063477,10286.957031,10280.480469,10278.046875,10277.662109,10243.896484,10211.910156,10186.665039,10161.132812,10151.704102,10144.775391,10124.608398,10083.532227,10052.944336,10046.472656,9996.723633,9974.432617,9929.701172,9922.133789,9908.984375,9891.907227,9889.298828,9836.260742,9806.033203,9787.218750,9753.458984,9744.195312,9722.513672,9708.822266,9689.118164,9650.256836,9626.747070,9615.516602,9590.988281,9572.617188,9571.739258,9534.952148,9494.769531,9472.702148,9470.459961,9421.955078,9395.683594,9384.832031,9332.782227,9330.986328,9320.191406,9309.157227,9270.751953,9244.508789,9243.594727,9236.144531,9210.867188,9200.770508,9189.290039,9178.164062,9166.730469,9148.217773,9145.853516,9131.838867,9077.386719,9060.404297,9005.446289,8995.753906,8974.484375,8928.974609,8901.038086,8874.163086,8870.632812,8848.576172,8836.045898,8822.578125,8791.817383,8775.683594,8771.245117,8770.682617,8767.735352,8766.038086,8757.441406,8755.458008,8753.183594,8747.626953,8742.550781,8737.036133,8734.785156,8729.700195,8717.502930,8711.814453,8692.906250,8689.415039,8687.954102,8655.332031,8652.110352,8651.019531,8646.879883,8624.148438,8621.885742,8621.885742]
}