{
"iteraciones": [25,50,75,100,150,175,200,250,275,325,350,375,400,425,450,475,500,525,550,575,600,625,650,675,700,725,750,775,800,825,850,875,900,925,950,975,1000,1025,1050,1075,1100,1125,1150,1175,1200,1225,1250,1275,1300,1325,1375,1400,1425,1450,1475,1500,1525,1575,1600,1625,1650,1675,1700,1725,1750,1775,1800,1825,1850,1875,1900,1975,2000,2025,2050,2075,2125,2150,2175,2200,2225,2250,2300,2350,2375,2400,2425,2500,2550,2575,2600,2625,2650,2675,2700,2725,2750,2775,2800,2825,2850,2875,2900,2925,2950,2975,3000,3025,3050,3075,3125,3150,3175,3225,3250,3275,3300,3325,3375,3400,3425,3450,3500,3525,3550,3600,3625,3650,3675,3700,3725,3750,3775,3800,3825,3850,3875,3925,3950,3975,4025,4050,4075,4125,4175,4225,4250,4275,4300,4350,4375,4400,4425,4475,4500,4525,4550,4575,4600,4650,4675,4725,4875,4900,4925,4950,4975,5000,5025,5075,5150,5175,5200,5275,5350,5425,5450,5500,5850,5875,5900,7025,7150,7175,7225,7525,9700,12700],
"fitness": [15160.886719,14978.500000,14795.470703,14388.618164,14298.791992,14250.150391,14040.950195,13948.316406,13827.471680,13767.051758,13754.331055,13704.117188,13620.020508,13574.133789,13541.457031,13485.793945,13438.733398,13430.256836,13358.397461,13271.904297,13226.493164,13202.852539,13156.474609,13094.555664,13038.425781,13018.599609,12989.966797,12924.807617,12879.375977,12833.515625,12768.765625,12719.956055,12705.037109,12701.821289,12665.555664,12643.130859,12624.568359,12576.914062,12551.591797,12509.828125,12495.883789,12454.700195,12405.537109,12334.427734,12312.974609,12238.088867,12180.353516,12171.636719,12127.363281,12067.115234,12046.226562,11996.583984,11946.158203,11931.127930,11879.458008,11803.656250,11775.567383,11735.968750,11714.452148,11704.280273,11701.742188,11671.140625,11632.892578,11628.643555,11564.121094,11546.835938,11493.626953,11485.533203,11438.684570,11397.463867,11326.035156,11306.388672,11227.620117,11202.272461,11177.447266,11145.769531,11116.106445,11092.273438,11089.293945,11073.034180,11035.432617,11006.657227,10924.846680,10884.239258,10866.842773,10815.534180,10720.831055,10703.662109,10698.292969,10662.731445,10656.314453,10607.219727,10548.932617,10531.601562,10514.398438,10483.766602,10457.653320,10429.674805,10426.732422,10405.032227,10355.347656,10295.729492,10290.920898,10246.502930,10232.786133,10198.534180,10151.866211,10146.729492,10100.111328,10028.464844,10020.620117,9982.573242,9914.995117,9880.921875,9863.510742,9842.756836,9829.231445,9778.966797,9732.231445,9703.286133,9690.528320,9661.966797,9630.667969,9595.756836,9550.208984,9529.663086,9509.314453,9474.833984,9447.350586,9433.226562,9430.508789,9411.308594,9398.830078,9394.051758,9374.303711,9368.110352,9339.855469,9324.471680,9297.261719,9277.969727,9263.046875,9261.882812,9248.234375,9236.730469,9224.375000,9210.928711,9202.829102,9187.166992,9168.343750,9128.552734,9116.243164,9090.309570,9071.387695,9068.901367,9055.971680,9025.100586,9011.110352,8980.541016,8969.759766,8967.830078,8956.376953,8945.454102,8930.036133,8912.926758,8898.709961,8886.613281,8862.935547,8861.324219,8848.391602,8836.219727,8830.019531,8817.117188,8796.000000,8776.908203,8762.843750,8752.674805,8737.191406,8712.593750,8702.521484,8692.601562,8641.835938,8639.843750,8637.990234,8636.000000,8632.393555,8624.148438,8621.885742,8621.885742]
}