{
"iteraciones": [25,50,75,100,125,150,200,250,275,300,325,350,375,400,425,450,475,500,525,550,575,600,625,650,675,700,725,750,775,800,825,850,875,900,925,950,975,1000,1025,1050,1075,1100,1125,1150,1175,1200,1250,1275,1300,1325,1350,1375,1400,1425,1450,1475,1525,1550,1575,1600,1625,1650,1675,1725,1750,1775,1800,1850,1875,1900,1925,1950,1975,2000,2050,2075,2100,2125,2150,2175,2200,2225,2250,2275,2325,2350,2400,2425,2450,2475,2500,2525,2550,2575,2625,2675,2700,2725,2750,2775,2800,2825,2850,2900,2925,2950,2975,3000,3025,3050,3125,3150,3175,3200,3225,3250,3300,3350,3375,3400,3425,3450,3500,3550,3575,3600,3625,3650,3675,3725,3750,3775,3800,3825,3850,3900,3925,3950,4000,4050,4125,4150,4175,4200,4250,4275,4300,4350,4375,4400,4450,4475,4525,4550,4575,4600,4625,4650,4700,4725,4750,4800,4825,4875,4900,4925,4950,5000,5050,5075,5100,5150,5175,5200,5225,5275,5300,5325,5375,5450,5575,5600,5625,5725,5775,5800,5825,5925,5975,6000,6125,6150,6250,6275,6325,6350,6450,6475,6925,6950,7025,7375,7425,7500,8625,9175,10900,13900],
"fitness": [15131.324219,15042.204102,14896.186523,14562.337891,14469.832031,14250.882812,14152.025391,14107.000000,14040.309570,13983.988281,13962.040039,13909.437500,13836.311523,13815.491211,13808.970703,13766.074219,13730.764648,13672.382812,13650.089844,13610.606445,13597.616211,13566.056641,13489.948242,13454.463867,13369.877930,13345.525391,13317.995117,13255.216797,13169.593750,13132.869141,13085.780273,13042.580078,12958.950195,12957.944336,12912.922852,12858.010742,12854.000000,12795.330078,12720.703125,12709.196289,12662.945312,12629.747070,12569.255859,12549.144531,12513.009766,12458.597656,12435.032227,12376.381836,12350.011719,12293.557617,12267.151367,12212.909180,12186.476562,12163.631836,12126.684570,12085.969727,12058.474609,12025.556641,11966.330078,11912.561523,11898.381836,11883.574219,11844.222656,11818.112305,11801.149414,11785.643555,11746.349609,11715.116211,11702.732422,11687.056641,11649.092773,11648.004883,11591.488281,11547.022461,11482.371094,11472.468750,11452.965820,11428.243164,11408.441406,11403.621094,11387.831055,11349.674805,11321.773438,11296.789062,11256.476562,11228.252930,11224.947266,11197.643555,11171.862305,11146.406250,11103.203125,11068.886719,11058.160156,11011.250000,10956.421875,10943.794922,10918.024414,10889.555664,10878.574219,10850.490234,10847.468750,10821.887695,10806.691406,10802.730469,10766.413086,10742.991211,10736.523438,10729.436523,10726.192383,10688.752930,10671.381836,10664.003906,10646.869141,10596.685547,10567.293945,10516.659180,10462.593750,10444.915039,10433.265625,10411.368164,10402.354492,10346.956055,10295.337891,10230.596680,10227.361328,10222.267578,10186.371094,10184.000000,10129.592773,10105.766602,10072.917969,10067.533203,10013.107422,10005.266602,9955.224609,9930.305664,9914.537109,9868.984375,9845.773438,9809.382812,9783.278320,9747.649414,9745.259766,9711.458008,9702.982422,9672.473633,9654.990234,9645.518555,9610.903320,9582.704102,9561.545898,9524.784180,9501.492188,9500.698242,9460.377930,9437.794922,9415.063477,9398.944336,9382.970703,9365.195312,9321.376953,9253.249023,9222.607422,9200.866211,9189.795898,9178.323242,9158.561523,9133.900391,9131.587891,9090.812500,9055.407227,9046.781250,9037.451172,9028.912109,8967.344727,8966.000000,8917.105469,8876.180664,8873.303711,8853.765625,8840.857422,8837.162109,8828.455078,8823.106445,8807.297852,8797.236328,8793.542969,8791.050781,8789.185547,8787.282227,8771.025391,8761.306641,8760.538086,8742.049805,8728.717773,8723.962891,8711.377930,8692.753906,8690.828125,8658.114258,8636.862305,8634.395508,8631.255859,8629.603516,8625.215820,8624.148438,8621.885742,8621.885742]
}