{
"iteraciones": [25,50,75,100,125,150,175,200,225,250,275,325,350,375,400,425,450,475,500,525,550,575,600,625,650,675,700,725,775,800,825,850,900,925,950,975,1000,1025,1050,1075,1100,1125,1150,1175,1200,1225,1250,1275,1300,1325,1350,1375,1400,1425,1450,1475,1500,1525,1575,1600,1625,1650,1700,1750,1775,1800,1825,1850,1875,1900,1950,1975,2000,2050,2075,2100,2125,2175,2200,2225,2250,2275,2300,2325,2350,2375,2400,2425,2450,2475,2500,2525,2550,2575,2600,2625,2675,2700,2725,2750,2800,2825,2850,2875,2900,2950,2975,3000,3025,3050,3075,3100,3125,3150,3175,3200,3225,3250,3275,3300,3350,3375,3400,3425,3450,3475,3500,3525,3575,3600,3650,3675,3700,3725,3750,3775,3800,3825,3850,3875,3900,3925,3950,4000,4025,4050,4075,4100,4125,4175,4225,4250,4275,4300,4325,4350,4375,4400,4425,4450,4525,4550,4575,4600,4625,4650,4675,4700,4725,4750,4775,4800,4825,4850,4875,4900,4925,4950,4975,5000,5025,5050,5075,5125,5150,5175,5200,5225,5275,5300,5325,5350,5375,5400,5450,5475,5525,5625,5650,5675,5700,5750,5775,5900,5925,5950,5975,6000,6050,6075,6100,6125,6150,6175,6200,6300,6325,6350,6375,6400,6450,6475,6500,6525,6575,6625,6650,6675,6700,6725,6775,6825,6850,6875,6925,6950,6975,7150,7475,7500,7525,7600,7825,7850,7900,7925,7950,8325,8525,9475,9500,9525,9600,9850,9900,10150,10900,11025,13150,13200,16200],
"fitness": [15197.094727,15116.659180,14978.942383,14864.777344,14554.464844,14492.492188,14364.397461,14347.797852,14278.725586,14209.162109,14059.921875,13980.803711,13931.396484,13883.877930,13863.368164,13806.595703,13783.836914,13741.037109,13697.826172,13688.790039,13622.878906,13559.451172,13512.990234,13477.443359,13416.528320,13397.733398,13321.777344,13213.734375,13125.426758,13094.716797,13088.366211,12940.864258,12923.516602,12901.163086,12836.279297,12817.902344,12798.870117,12758.000977,12726.505859,12673.976562,12668.578125,12610.017578,12576.140625,12561.833984,12542.658203,12517.543945,12502.000000,12449.367188,12402.482422,12350.910156,12308.056641,12265.812500,12261.652344,12191.367188,12185.062500,12172.091797,12147.000000,12095.012695,12067.221680,12063.536133,12041.519531,12000.810547,11967.522461,11956.320312,11940.651367,11922.057617,11913.027344,11876.584961,11856.371094,11822.905273,11814.554688,11802.740234,11790.640625,11771.138672,11752.046875,11748.200195,11725.122070,11715.462891,11697.000000,11674.873047,11634.303711,11631.651367,11581.926758,11561.144531,11546.434570,11534.090820,11511.034180,11499.459961,11488.407227,11477.706055,11454.885742,11446.217773,11442.613281,11421.941406,11401.315430,11384.112305,11369.284180,11364.436523,11355.125000,11330.325195,11314.939453,11307.650391,11284.410156,11263.848633,11240.259766,11232.060547,11223.348633,11215.730469,11197.430664,11185.208984,11170.339844,11168.517578,11151.327148,11141.348633,11125.954102,11105.944336,11097.047852,11095.111328,11061.363281,11028.687500,11016.061523,11015.934570,10997.842773,10984.581055,10983.694336,10965.005859,10960.330078,10923.598633,10904.583984,10862.833984,10843.575195,10838.478516,10821.137695,10812.449219,10792.117188,10785.738281,10767.992188,10746.037109,10739.460938,10720.625977,10711.230469,10703.359375,10698.860352,10665.261719,10658.214844,10650.946289,10636.116211,10615.153320,10595.876953,10564.020508,10549.698242,10514.284180,10511.977539,10485.450195,10482.389648,10441.659180,10437.149414,10393.973633,10392.452148,10374.493164,10337.711914,10329.452148,10284.943359,10258.837891,10244.277344,10222.956055,10197.000000,10169.013672,10157.067383,10138.628906,10126.002930,10104.998047,10074.112305,10060.033203,10042.753906,10033.785156,10009.961914,9990.200195,9970.890625,9945.087891,9938.849609,9927.268555,9903.253906,9873.209961,9851.454102,9834.774414,9832.219727,9776.810547,9769.832031,9746.614258,9727.248047,9693.208008,9663.614258,9640.210938,9607.168945,9594.181641,9562.632812,9543.197266,9527.110352,9498.513672,9495.271484,9491.133789,9414.132812,9390.096680,9374.007812,9336.022461,9313.623047,9302.937500,9291.124023,9288.709961,9287.111328,9279.010742,9271.409180,9254.152344,9245.800781,9232.668945,9223.009766,9206.014648,9204.638672,9172.140625,9160.698242,9157.198242,9147.765625,9146.182617,9097.981445,9080.843750,9075.742188,9066.498047,9059.075195,9046.881836,9020.663086,9014.329102,9011.739258,8994.928711,8985.918945,8964.899414,8950.561523,8887.847656,8873.831055,8861.930664,8802.933594,8782.120117,8767.506836,8766.291992,8745.353516,8736.007812,8731.083984,8703.595703,8682.502930,8672.775391,8645.662109,8638.278320,8636.000000,8635.054688,8634.992188,8630.710938,8628.142578,8624.148438,8623.272461,8621.885742,8621.885742]
}