{
"iteraciones": [25,50,75,100,125,150,175,200,225,250,275,300,325,350,375,400,425,450,475,500,525,550,575,625,675,700,725,750,775,800,825,850,875,900,925,950,975,1000,1025,1050,1075,1100,1125,1150,1175,1200,1225,1250,1275,1325,1350,1375,1400,1425,1450,1475,1500,1550,1575,1600,1625,1675,1700,1725,1750,1775,1800,1825,1850,1875,1900,1925,1950,1975,2000,2025,2050,2075,2100,2125,2150,2175,2200,2225,2250,2275,2325,2350,2375,2400,2425,2450,2500,2525,2550,2575,2600,2625,2650,2675,2700,2750,2850,2875,2900,2925,2950,2975,3000,3025,3050,3075,3100,3125,3225,3250,3300,3325,3350,3375,3400,3425,3450,3475,3500,3550,3575,3600,3625,3650,3675,3700,3875,3900,3925,3975,4050,4075,4150,4175,4200,4225,4250,4325,4400,4450,4525,4550,4575,4600,4650,4675,4775,4875,4950,5000,5050,5500,5775,5800,5850,6025,6625,6900,8625,8750,11750],
"fitness": [15219.706055,14979.805664,14786.191406,14625.615234,14438.283203,14387.361328,14327.655273,14103.932617,13968.749023,13859.747070,13805.293945,13784.156250,13701.468750,13662.494141,13581.305664,13479.796875,13447.190430,13415.321289,13344.112305,13326.416992,13241.741211,13176.701172,13115.207031,13042.157227,13028.493164,12939.666016,12937.142578,12886.046875,12843.556641,12816.608398,12764.126953,12677.410156,12665.192383,12547.519531,12466.822266,12451.550781,12338.842773,12282.799805,12275.174805,12231.475586,12193.489258,12146.016602,12126.529297,12099.284180,12062.500000,12015.392578,11972.029297,11925.978516,11877.509766,11821.797852,11795.338867,11783.253906,11735.497070,11652.914062,11610.842773,11604.553711,11504.134766,11461.100586,11407.500000,11379.921875,11336.649414,11302.532227,11300.162109,11251.706055,11230.228516,11217.000000,11200.153320,11146.031250,11111.482422,11065.091797,10994.203125,10977.475586,10972.743164,10935.468750,10890.213867,10871.276367,10837.497070,10774.125977,10764.333984,10708.939453,10676.244141,10622.004883,10610.340820,10597.128906,10554.983398,10508.602539,10480.321289,10441.113281,10432.608398,10383.437500,10370.854492,10319.112305,10288.095703,10269.850586,10256.332031,10227.981445,10166.348633,10159.988281,10156.578125,10127.467773,10077.242188,10030.378906,10013.558594,9994.497070,9961.518555,9938.032227,9883.011719,9846.727539,9825.975586,9792.966797,9771.186523,9757.497070,9752.601562,9704.542969,9693.534180,9673.628906,9661.953125,9617.467773,9593.832031,9569.503906,9551.214844,9523.717773,9492.525391,9489.274414,9447.804688,9440.023438,9361.422852,9358.097656,9309.441406,9286.543945,9278.115234,9177.719727,9102.123047,9101.439453,9068.313477,9034.650391,9022.671875,9012.768555,8993.628906,8967.181641,8963.827148,8930.597656,8921.108398,8902.846680,8870.670898,8816.665039,8804.154297,8786.013672,8765.198242,8755.694336,8751.206055,8733.360352,8732.213867,8720.036133,8711.165039,8707.657227,8678.187500,8651.060547,8648.104492,8646.372070,8642.603516,8629.865234,8626.209961,8625.790039,8624.296875,8621.885742,8621.885742]
}