{
"iteraciones": [25,50,75,100,125,150,175,200,250,275,300,375,400,425,450,475,500,525,550,575,600,625,650,700,725,750,775,800,825,850,875,900,925,950,975,1000,1025,1050,1075,1100,1125,1200,1225,1250,1275,1300,1325,1350,1375,1400,1450,1500,1525,1550,1600,1625,1650,1675,1725,1750,1775,1800,1850,1875,1900,1975,2000,2025,2050,2075,2100,2125,2150,2175,2200,2250,2275,2300,2350,2400,2425,2450,2475,2500,2525,2550,2575,2600,2625,2650,2675,2700,2725,2750,2775,2800,2825,2850,2900,2925,2950,2975,3000,3025,3075,3100,3125,3150,3175,3225,3275,3300,3325,3350,3375,3400,3425,3450,3475,3525,3550,3575,3600,3625,3650,3675,3775,3800,3850,3925,4050,4075,4100,4125,4150,4175,4225,4250,4275,4300,4425,4450,4850,5375,5400,5425,5500,5525,5725,6125,6150,6175,6200,6300,6975,9925,9975,12975],
"fitness": [15252.321289,14902.630859,14779.651367,14656.885742,14409.910156,14311.826172,14113.811523,13778.318359,13707.266602,13679.548828,13442.817383,13422.299805,13335.541016,13314.000000,13218.621094,13183.024414,13176.455078,13101.366211,13077.318359,13024.749023,12971.601562,12932.858398,12808.281250,12788.692383,12732.806641,12637.765625,12625.672852,12571.404297,12555.067383,12502.930664,12420.662109,12377.106445,12321.019531,12303.793945,12278.568359,12245.800781,12217.255859,12189.530273,12173.760742,12120.018555,12046.931641,12017.618164,11958.620117,11927.345703,11863.329102,11813.207031,11760.857422,11712.947266,11660.807617,11603.471680,11570.524414,11515.322266,11499.777344,11459.299805,11421.000977,11378.439453,11364.583008,11271.941406,11203.264648,11200.167969,11161.268555,11090.333008,11036.637695,11011.083984,10922.595703,10868.693359,10828.943359,10826.000000,10787.708984,10782.664062,10752.468750,10699.241211,10688.753906,10660.595703,10643.824219,10606.928711,10593.621094,10549.184570,10504.552734,10487.641602,10483.001953,10475.114258,10441.332031,10404.365234,10403.966797,10395.525391,10346.092773,10339.441406,10269.665039,10265.302734,10216.900391,10215.680664,10181.169922,10163.095703,10162.415039,10155.559570,10105.763672,10102.930664,10080.660156,10045.207031,9998.225586,9985.962891,9944.857422,9911.461914,9855.369141,9843.770508,9818.539062,9753.510742,9731.780273,9666.586914,9665.693359,9629.517578,9587.307617,9559.510742,9477.979492,9470.163086,9459.241211,9427.314453,9420.814453,9366.548828,9358.158203,9296.389648,9238.041992,9222.093750,9178.553711,9135.785156,9126.892578,9110.916016,9095.094727,9049.678711,9036.932617,9016.252930,8969.014648,8968.791992,8935.218750,8932.859375,8902.474609,8869.334961,8849.926758,8816.828125,8800.277344,8799.134766,8754.017578,8743.000000,8734.397461,8727.544922,8724.965820,8710.619141,8680.027344,8675.974609,8655.208008,8640.349609,8630.140625,8629.929688,8628.510742,8625.215820,8621.885742,8621.885742]
}