{
"iteraciones": [25,50,75,100,125,150,175,200,225,250,275,300,325,350,375,400,425,450,475,500,525,550,575,600,625,650,675,725,750,775,800,850,875,900,925,950,975,1000,1025,1050,1075,1100,1125,1150,1175,1200,1225,1250,1275,1300,1325,1350,1375,1400,1425,1450,1475,1525,1550,1575,1600,1625,1650,1675,1700,1725,1800,1825,1850,1875,1900,1925,1950,2000,2025,2075,2150,2175,2200,2225,2250,2275,2300,2325,2375,2400,2425,2450,2475,2500,2525,2550,2575,2600,2650,2675,2700,2725,2750,2800,2825,2850,2875,2900,2925,2950,2975,3025,3050,3100,3125,3150,3175,3200,3225,3250,3300,3375,3400,3425,3450,3475,3500,3525,3550,3575,3600,3625,3650,3675,3700,3725,3750,3775,3800,3825,3900,3925,3950,3975,4025,4050,4075,4100,4125,4150,4175,4200,4225,4275,4300,4325,4350,4375,4400,4425,4475,4500,4525,4550,4575,4600,4625,4650,4675,4700,4725,4750,4800,4825,4850,4875,4900,4925,4950,4975,5000,5025,5050,5075,5100,5125,5150,5175,5200,5225,5250,5275,5300,5350,5375,5400,5450,5525,5550,5575,5600,5625,5650,5675,5725,5750,5775,5825,5850,5900,5925,5975,6000,6025,6050,6075,6100,6125,6150,6175,6200,6225,6275,6300,6325,6375,6400,6425,6525,6550,6575,6625,6675,6725,6825,6875,6925,6950,6975,7000,7150,7200,7225,7250,7300,7475,7500,7525,7550,7575,7600,7650,7825,7925,7950,8025,8125,8150,8175,8300,9125,9200,9300,9800,11800,13000,16000],
"fitness": [15242.950195,14932.449219,14837.373047,14663.776367,14601.500000,14581.293945,14490.433594,14441.722656,14330.833984,14271.277344,14209.548828,14154.921875,14110.657227,14078.539062,14035.968750,13983.171875,13936.782227,13920.752930,13844.135742,13815.108398,13766.595703,13719.637695,13682.499023,13613.133789,13520.458984,13484.919922,13359.017578,13317.113281,13286.662109,13252.002930,13187.442383,13138.445312,13104.989258,13041.675781,13030.499023,12996.456055,12971.227539,12905.500000,12882.380859,12851.922852,12827.311523,12814.021484,12765.565430,12756.857422,12726.800781,12696.960938,12643.373047,12618.275391,12615.444336,12580.938477,12551.893555,12526.459961,12506.579102,12471.000000,12421.837891,12398.973633,12339.659180,12309.448242,12286.554688,12261.977539,12226.829102,12196.961914,12177.126953,12154.675781,12123.799805,12072.185547,12042.984375,12012.350586,11997.000000,11971.712891,11955.982422,11909.968750,11890.506836,11876.270508,11857.564453,11839.502930,11833.603516,11815.499023,11797.718750,11778.245117,11771.473633,11759.460938,11746.533203,11733.010742,11719.578125,11706.150391,11693.105469,11684.083008,11670.118164,11649.246094,11643.626953,11621.387695,11594.374023,11547.374023,11527.891602,11520.624023,11509.373047,11506.952148,11490.618164,11474.128906,11472.838867,11457.261719,11451.614258,11432.756836,11420.523438,11413.994141,11394.349609,11379.455078,11358.001953,11354.526367,11317.627930,11303.348633,11299.640625,11289.415039,11279.102539,11268.704102,11248.681641,11241.058594,11225.932617,11221.756836,11210.237305,11202.787109,11190.347656,11184.851562,11163.786133,11148.691406,11129.540039,11111.188477,11097.319336,11077.548828,11071.447266,11052.844727,11038.110352,11031.205078,11015.087891,10981.908203,10971.377930,10945.953125,10921.058594,10908.840820,10888.187500,10880.124023,10873.471680,10859.186523,10850.171875,10843.836914,10814.876953,10806.228516,10781.067383,10761.947266,10751.997070,10736.447266,10719.498047,10714.083008,10710.345703,10676.037109,10671.871094,10661.843750,10654.523438,10649.624023,10611.037109,10583.764648,10577.340820,10537.301758,10524.264648,10493.330078,10482.390625,10450.854492,10430.691406,10416.456055,10406.602539,10378.238281,10360.782227,10336.053711,10315.853516,10301.519531,10283.045898,10249.781250,10226.339844,10216.692383,10189.869141,10168.183594,10120.126953,10119.006836,10094.566406,10085.000000,10070.017578,10068.982422,10057.472656,10034.536133,10016.968750,9989.615234,9942.727539,9928.282227,9911.727539,9878.034180,9859.107422,9857.451172,9824.316406,9787.649414,9752.312500,9718.728516,9707.060547,9681.348633,9655.477539,9624.918945,9548.427734,9520.465820,9495.736328,9426.801758,9425.777344,9389.023438,9369.115234,9357.951172,9320.783203,9283.765625,9252.204102,9242.877930,9239.185547,9232.328125,9180.779297,9174.287109,9170.117188,9146.874023,9125.914062,9096.103516,9084.083984,9071.310547,9069.856445,9064.208008,9056.199219,9051.916016,9034.343750,9019.577148,9017.491211,9010.954102,8985.046875,8980.376953,8949.778320,8927.535156,8900.758789,8895.704102,8890.550781,8867.093750,8860.208008,8854.801758,8830.287109,8820.715820,8800.136719,8783.726562,8776.550781,8747.800781,8746.535156,8707.218750,8702.570312,8666.689453,8650.690430,8645.619141,8644.470703,8625.349609,8624.148438,8621.885742,8621.885742]
}