{
"iteraciones": [25,50,75,100,125,150,175,200,225,250,275,300,325,350,375,400,425,450,475,500,525,550,575,600,625,650,675,700,725,750,775,800,825,850,875,925,950,975,1000,1025,1050,1075,1125,1150,1200,1225,1250,1275,1300,1325,1375,1425,1450,1475,1500,1525,1550,1575,1600,1625,1650,1675,1700,1725,1750,1775,1800,1825,1850,1875,1900,1925,1950,1975,2000,2025,2050,2075,2100,2125,2150,2175,2200,2225,2250,2275,2300,2325,2350,2375,2400,2425,2450,2475,2500,2525,2550,2575,2600,2625,2650,2675,2700,2725,2750,2775,2800,2850,2875,2900,2925,2975,3025,3050,3075,3100,3150,3175,3200,3225,3250,3275,3325,3350,3375,3400,3450,3500,3525,3575,3600,3625,3650,3675,3700,3725,3750,3775,3800,3825,3850,3875,3900,3925,3950,3975,4000,4025,4050,4075,4100,4125,4150,4175,4200,4250,4275,4300,4325,4375,4450,4475,4500,4550,4625,4700,4725,4750,4800,4825,4850,4975,5000,5025,5050,5075,5150,5175,5225,5400,5500,5525,5725,5800,5850,5925,6000,6025,6325,6375,6775,6950,6975,7025,7950,8000,8750,8825,9175,9225,9250,12250],
"fitness": [15140.309570,15112.899414,14855.351562,14602.611328,14497.899414,14153.823242,14151.451172,14016.257812,13933.971680,13892.871094,13808.176758,13760.935547,13678.055664,13601.691406,13572.074219,13537.291016,13496.125000,13440.462891,13390.032227,13339.465820,13323.515625,13286.069336,13233.925781,13206.218750,13104.101562,13100.582031,13055.592773,12979.134766,12928.421875,12887.562500,12817.413086,12805.000000,12776.402344,12761.464844,12653.442383,12616.055664,12554.222656,12541.462891,12493.695312,12452.420898,12429.045898,12348.159180,12303.879883,12247.614258,12222.711914,12173.421875,12105.605469,12098.406250,12073.611328,12039.583008,11978.437500,11960.192383,11909.589844,11865.521484,11826.841797,11772.449219,11760.472656,11706.993164,11672.041992,11611.699219,11584.999023,11565.860352,11504.395508,11476.017578,11447.395508,11434.868164,11401.772461,11350.465820,11331.680664,11315.000000,11297.706055,11277.466797,11244.875000,11235.322266,11217.566406,11174.016602,11163.078125,11153.550781,11127.323242,11098.117188,11058.809570,11054.728516,11028.776367,11004.746094,10957.958008,10924.822266,10903.316406,10892.318359,10860.820312,10839.228516,10834.012695,10798.665039,10797.251953,10771.576172,10763.738281,10732.160156,10706.732422,10690.207031,10669.188477,10639.708008,10626.484375,10598.086914,10565.627930,10553.291016,10525.672852,10497.945312,10459.463867,10410.874023,10392.306641,10367.098633,10338.199219,10321.761719,10282.407227,10262.622070,10245.005859,10196.749023,10185.302734,10153.308594,10127.922852,10114.416992,10106.272461,10083.205078,10065.708984,10049.348633,10047.677734,10025.376953,9993.683594,9972.937500,9951.972656,9935.334961,9926.446289,9899.268555,9868.737305,9832.208984,9814.042969,9779.783203,9772.127930,9727.473633,9698.153320,9696.316406,9672.799805,9638.667969,9608.970703,9585.456055,9548.904297,9523.241211,9515.880859,9499.919922,9473.846680,9467.439453,9447.824219,9443.026367,9420.424805,9406.891602,9381.083984,9376.849609,9360.401367,9353.363281,9328.207031,9277.491211,9269.887695,9238.436523,9213.680664,9198.718750,9145.220703,9142.824219,9106.498047,9074.242188,9062.811523,9040.765625,9013.212891,8985.296875,8984.167969,8974.741211,8958.760742,8937.147461,8929.200195,8882.036133,8868.065430,8843.272461,8832.923828,8820.565430,8781.390625,8750.911133,8699.750977,8686.112305,8682.825195,8672.455078,8650.675781,8648.233398,8643.674805,8641.833008,8637.671875,8636.676758,8634.837891,8633.635742,8632.000000,8631.165039,8625.215820,8623.406250,8621.885742,8621.885742]
}