{
"iteraciones": [25,50,75,100,125,150,175,200,225,250,325,350,375,400,425,450,475,500,525,550,575,600,625,650,675,700,725,750,775,800,825,850,875,900,925,950,975,1000,1025,1050,1075,1100,1125,1150,1175,1200,1225,1250,1275,1300,1325,1350,1375,1400,1425,1450,1500,1525,1550,1575,1625,1650,1675,1700,1725,1750,1775,1825,1850,1875,1900,1925,1950,1975,2025,2050,2075,2100,2125,2150,2175,2200,2225,2250,2275,2300,2350,2375,2400,2425,2450,2475,2500,2525,2550,2575,2600,2625,2650,2675,2700,2725,2750,2775,2800,2825,2875,2925,2975,3000,3050,3075,3100,3125,3200,3250,3275,3325,3350,3375,3400,3425,3500,3525,3550,3575,3600,3650,3675,3725,3750,3775,3800,3850,3950,4000,4050,4075,4100,4125,4150,4175,4200,4225,4275,4325,4400,4425,4450,4475,4600,5025,5050,5075,5100,5125,5200,5300,5325,5375,5425,5475,5500,5575,6075,6275,6425,6500,6525,6950,7050,7125,7550,8000,8125,11125],
"fitness": [15194.679688,15098.680664,14807.795898,14711.916992,14510.852539,14341.813477,14212.734375,14047.855469,13941.335938,13778.764648,13748.091797,13692.824219,13586.044922,13582.178711,13490.990234,13423.216797,13411.373047,13370.505859,13340.726562,13269.086914,13232.853516,13219.245117,13157.807617,13080.201172,13067.454102,12994.918945,12960.189453,12892.419922,12829.608398,12800.083984,12786.368164,12746.261719,12704.671875,12664.687500,12650.207031,12617.225586,12536.493164,12511.026367,12458.232422,12400.590820,12348.146484,12312.008789,12302.000000,12243.631836,12234.672852,12160.180664,12154.290039,12097.130859,12068.466797,11976.024414,11962.101562,11916.291016,11909.592773,11866.199219,11808.694336,11761.936523,11733.135742,11713.639648,11662.621094,11643.394531,11593.881836,11561.977539,11554.331055,11493.310547,11473.236328,11424.911133,11386.200195,11365.802734,11330.291992,11240.522461,11209.117188,11202.278320,11185.275391,11089.994141,11041.837891,10974.409180,10944.082031,10897.235352,10883.550781,10809.544922,10799.896484,10781.163086,10755.174805,10711.215820,10657.258789,10607.191406,10592.839844,10570.730469,10541.500000,10494.869141,10492.138672,10479.695312,10438.908203,10396.519531,10364.841797,10312.017578,10290.925781,10275.996094,10269.546875,10249.488281,10246.450195,10194.126953,10186.905273,10162.732422,10113.869141,10078.496094,10064.322266,9980.175781,9951.858398,9918.028320,9877.790039,9805.208984,9789.896484,9672.063477,9626.377930,9612.559570,9578.556641,9567.000000,9546.980469,9507.108398,9506.589844,9482.293945,9468.758789,9435.674805,9414.249023,9387.156250,9338.225586,9303.396484,9296.465820,9292.260742,9264.686523,9252.602539,9213.169922,9173.300781,9168.351562,9160.327148,9128.511719,9115.478516,9089.496094,9087.822266,9029.839844,9025.092773,8971.306641,8965.060547,8936.016602,8905.981445,8901.445312,8869.915039,8850.162109,8825.754883,8799.002930,8798.885742,8775.748047,8771.288086,8765.233398,8749.998047,8737.202148,8731.425781,8728.029297,8714.130859,8708.700195,8690.211914,8670.745117,8666.317383,8664.694336,8661.210938,8644.013672,8640.067383,8638.872070,8635.909180,8634.175781,8630.140625,8629.521484,8625.290039,8621.885742,8621.885742]
}