{
"iteraciones": [25,50,75,100,125,150,175,200,225,250,275,300,325,350,375,400,425,450,475,500,525,575,600,625,650,675,725,775,800,825,850,875,900,925,950,975,1000,1025,1050,1075,1100,1125,1150,1175,1200,1225,1250,1275,1300,1325,1350,1375,1400,1425,1450,1475,1500,1525,1550,1575,1600,1625,1675,1700,1725,1750,1775,1800,1825,1850,1875,1925,1950,1975,2000,2025,2050,2075,2100,2125,2175,2200,2225,2250,2275,2325,2350,2375,2400,2425,2450,2500,2525,2550,2575,2600,2625,2650,2700,2725,2750,2775,2800,2850,2875,2900,2925,2950,2975,3000,3025,3050,3075,3100,3125,3150,3175,3225,3275,3300,3325,3350,3375,3400,3425,3450,3475,3500,3550,3600,3625,3650,3675,3700,3725,3750,3775,3800,3825,3875,3900,3925,3950,3975,4000,4025,4050,4075,4125,4150,4175,4200,4225,4325,4375,4400,4425,4450,4475,4500,4525,4650,4675,4700,4725,4750,4775,4800,4850,4925,4950,4975,5000,5025,5050,5075,5100,5125,5150,5175,5200,5225,5250,5300,5350,5375,5400,5425,5450,5500,5575,5625,5650,5725,5825,5850,5900,6000,6025,6050,6075,6200,6250,6275,6325,6350,6375,6400,6525,6625,6725,7200,7225,7250,7300,7425,7450,7900,8500,11500],
"fitness": [15285.666016,15108.235352,14981.718750,14831.706055,14708.507812,14683.334961,14472.666992,14380.222656,14256.125977,14162.938477,14100.590820,14024.932617,13980.593750,13913.289062,13820.699219,13761.702148,13755.065430,13655.014648,13650.420898,13571.263672,13519.047852,13443.702148,13430.601562,13330.734375,13323.001953,13227.572266,13156.049805,13114.066406,13091.769531,13029.504883,12977.070312,12959.943359,12940.738281,12841.151367,12840.223633,12715.999023,12682.345703,12656.009766,12633.907227,12593.412109,12579.646484,12551.153320,12520.916016,12519.250000,12500.424805,12479.378906,12437.260742,12413.000000,12390.516602,12343.811523,12327.377930,12297.705078,12272.239258,12265.349609,12244.195312,12207.517578,12181.930664,12164.436523,12126.226562,12122.169922,12077.501953,12041.079102,12010.023438,11963.902344,11939.611328,11928.781250,11898.899414,11883.457031,11862.724609,11844.817383,11787.917969,11769.000000,11730.477539,11721.369141,11709.191406,11677.614258,11670.906250,11644.810547,11625.400391,11579.456055,11568.818359,11540.951172,11519.636719,11504.680664,11459.459961,11455.164062,11414.854492,11376.628906,11369.682617,11345.815430,11326.285156,11312.797852,11304.963867,11280.927734,11244.973633,11224.598633,11203.558594,11159.250000,11139.417969,11108.764648,11089.094727,11074.240234,11037.885742,10991.426758,10967.565430,10947.172852,10907.401367,10897.303711,10863.563477,10825.156250,10821.366211,10792.145508,10781.667969,10754.873047,10731.549805,10701.730469,10685.308594,10653.024414,10632.107422,10618.463867,10590.718750,10572.306641,10539.553711,10535.761719,10522.235352,10494.571289,10473.658203,10452.776367,10431.557617,10417.870117,10408.989258,10392.463867,10381.000000,10341.240234,10331.848633,10305.937500,10304.785156,10268.481445,10204.089844,10191.021484,10160.000000,10104.111328,10059.734375,10031.340820,10014.671875,10003.456055,10002.120117,9956.050781,9938.090820,9927.404297,9897.980469,9877.262695,9858.525391,9827.739258,9782.126953,9762.263672,9734.321289,9725.065430,9698.510742,9686.304688,9603.863281,9557.822266,9547.405273,9499.922852,9456.034180,9404.769531,9342.046875,9340.009766,9296.219727,9264.350586,9262.491211,9228.916992,9212.749023,9194.902344,9177.086914,9149.325195,9146.697266,9124.435547,9102.786133,9094.880859,9084.000000,9071.778320,9048.540039,9035.808594,8979.307617,8967.514648,8958.568359,8953.382812,8924.932617,8922.702148,8900.539062,8867.976562,8846.023438,8826.610352,8814.370117,8808.837891,8791.531250,8777.109375,8767.163086,8751.505859,8750.223633,8743.732422,8739.196289,8735.467773,8731.412109,8722.067383,8720.909180,8717.885742,8710.983398,8705.174805,8688.920898,8682.605469,8675.443359,8670.824219,8665.710938,8647.993164,8627.891602,8626.570312,8621.885742,8621.885742]
}