{
"iteraciones": [25,50,75,100,125,150,175,200,225,250,275,300,325,350,375,400,425,450,475,500,525,550,575,600,625,650,675,700,725,750,775,800,825,850,875,900,925,950,1000,1025,1050,1075,1125,1150,1175,1200,1225,1250,1275,1325,1350,1375,1425,1450,1500,1525,1550,1575,1625,1650,1675,1700,1750,1775,1800,1825,1850,1875,1900,1925,1950,1975,2025,2050,2075,2100,2125,2150,2175,2200,2250,2275,2300,2325,2350,2375,2400,2425,2450,2475,2500,2525,2550,2575,2600,2625,2650,2675,2700,2725,2775,2800,2825,2850,2875,2900,2925,2950,3000,3025,3050,3100,3150,3175,3200,3225,3250,3275,3300,3350,3375,3400,3450,3475,3500,3525,3550,3575,3600,3625,3650,3675,3700,3725,3750,3800,3850,3925,3950,3975,4000,4025,4050,4100,4125,4150,4250,4275,4350,4400,4425,4575,4600,4650,4675,4750,4925,5150,5200,5225,5325,5450,5725,5800,5825,5900,6050,7925,10925],
"fitness": [15291.771484,15094.817383,14982.332031,14685.423828,14637.947266,14507.910156,14296.892578,14122.667969,14073.655273,13993.663086,13877.163086,13794.524414,13783.318359,13718.737305,13668.030273,13600.024414,13574.178711,13503.659180,13484.951172,13452.857422,13405.662109,13316.538086,13311.895508,13280.614258,13209.986328,13183.270508,13115.727539,13106.879883,13051.798828,13008.476562,12939.989258,12861.976562,12847.034180,12794.147461,12690.146484,12656.770508,12589.118164,12462.897461,12458.375000,12383.834961,12368.346680,12279.527344,12255.880859,12234.140625,12205.459961,12185.008789,12141.935547,12105.122070,12044.926758,11990.340820,11973.943359,11882.503906,11874.554688,11782.650391,11758.263672,11680.922852,11650.935547,11600.284180,11546.387695,11533.916992,11484.559570,11415.136719,11380.275391,11317.066406,11252.160156,11195.791016,11175.469727,11133.483398,11084.697266,11075.683594,11043.989258,10993.274414,10979.194336,10938.549805,10913.441406,10907.056641,10869.411133,10832.679688,10746.658203,10697.018555,10687.882812,10650.551758,10635.502930,10599.869141,10590.891602,10567.432617,10545.846680,10533.858398,10491.920898,10474.266602,10452.688477,10416.669922,10397.000000,10360.002930,10310.730469,10300.474609,10239.425781,10183.355469,10151.366211,10121.087891,10094.235352,10061.073242,10041.091797,10028.349609,9952.687500,9949.211914,9927.412109,9884.179688,9845.407227,9835.948242,9781.388672,9737.880859,9684.948242,9665.916016,9634.853516,9624.047852,9601.585938,9570.054688,9515.508789,9510.162109,9477.257812,9428.841797,9413.013672,9392.491211,9381.039062,9340.574219,9326.671875,9292.564453,9287.385742,9278.874023,9258.270508,9238.985352,9223.328125,9200.628906,9181.739258,9157.000000,9155.805664,9143.415039,9120.427734,9105.095703,9101.894531,9084.899414,9051.902344,9044.903320,9038.022461,9003.883789,8971.525391,8968.526367,8914.429688,8891.759766,8883.606445,8844.625977,8840.964844,8834.895508,8807.637695,8792.754883,8765.169922,8761.873047,8760.115234,8750.661133,8740.121094,8732.001953,8678.182617,8671.139648,8670.610352,8664.210938,8640.519531,8621.885742,8621.885742]
}