{
"iteraciones": [25,50,75,100,125,150,175,200,225,250,275,300,325,350,375,400,425,450,475,500,525,550,575,600,625,650,700,725,750,775,800,825,850,875,900,950,1000,1025,1050,1075,1100,1125,1150,1175,1200,1225,1250,1275,1300,1325,1350,1375,1400,1425,1450,1475,1500,1525,1550,1575,1600,1625,1650,1675,1700,1725,1750,1775,1800,1825,1850,1900,1925,1950,1975,2025,2050,2075,2100,2125,2150,2175,2200,2225,2250,2300,2325,2350,2375,2400,2425,2450,2475,2500,2525,2550,2575,2600,2650,2675,2725,2775,2800,2850,2875,2900,2925,2950,2975,3000,3025,3050,3075,3100,3200,3225,3250,3275,3300,3325,3375,3425,3450,3475,3525,3575,3600,3625,3650,3700,3725,3800,3825,3875,3950,4025,4125,4150,4175,4200,4325,4350,4375,4400,4425,4450,4725,4750,4775,4975,5150,5325,5350,5475,6050,6275,6300,6325,6350,6375,6500,6550,7025,7300,7350,10350],
"fitness": [15320.145508,15286.147461,15146.091797,14953.937500,14708.333008,14559.732422,14368.678711,14177.664062,13964.763672,13946.825195,13843.653320,13784.153320,13673.305664,13633.174805,13555.649414,13483.428711,13421.375977,13363.000000,13302.858398,13213.308594,13203.977539,13116.769531,13076.782227,13047.230469,13026.490234,12952.946289,12870.745117,12828.000000,12750.570312,12676.764648,12634.141602,12546.371094,12523.565430,12474.724609,12382.620117,12276.975586,12267.145508,12200.157227,12090.527344,12033.849609,12014.647461,11973.786133,11925.023438,11851.291016,11822.837891,11798.522461,11747.770508,11683.018555,11663.672852,11630.706055,11590.706055,11543.743164,11537.423828,11465.638672,11452.090820,11431.000000,11385.449219,11361.082031,11319.728516,11273.614258,11219.351562,11212.823242,11176.756836,11160.009766,11117.493164,11068.410156,11012.479492,11000.095703,10921.579102,10903.699219,10831.733398,10801.472656,10779.646484,10730.310547,10679.944336,10630.234375,10599.000000,10569.874023,10488.398438,10459.288086,10433.333984,10388.853516,10314.698242,10294.789062,10236.458984,10173.789062,10096.250000,10071.377930,10063.334961,10054.964844,10022.275391,10004.251953,9963.997070,9955.708984,9939.221680,9923.621094,9878.360352,9849.651367,9843.433594,9806.588867,9756.613281,9734.110352,9697.560547,9667.666016,9643.889648,9619.950195,9588.340820,9566.097656,9558.723633,9537.065430,9526.794922,9512.980469,9511.840820,9440.376953,9404.685547,9379.116211,9344.722656,9311.519531,9264.557617,9247.300781,9214.052734,9176.573242,9148.630859,9085.781250,9073.627930,9052.191406,9039.252930,9020.322266,8988.698242,8971.561523,8948.090820,8945.701172,8941.574219,8923.120117,8915.257812,8907.461914,8901.096680,8885.690430,8872.407227,8850.962891,8815.936523,8808.958984,8805.041992,8798.504883,8780.166016,8769.321289,8750.941406,8739.577148,8717.613281,8714.536133,8711.715820,8692.346680,8689.507812,8686.938477,8683.646484,8670.761719,8667.812500,8664.050781,8663.629883,8643.719727,8641.433594,8633.467773,8628.142578,8625.290039,8621.885742,8621.885742]
}