{
"iteraciones": [50,75,100,125,150,175,200,225,250,275,300,325,350,400,425,450,475,500,525,550,575,600,650,675,700,725,750,775,800,825,850,875,900,925,950,975,1000,1025,1050,1100,1125,1150,1175,1200,1225,1250,1275,1300,1325,1350,1375,1400,1425,1450,1475,1500,1525,1550,1575,1600,1625,1650,1675,1700,1725,1750,1775,1800,1825,1850,1875,1900,1925,1950,1975,2000,2025,2050,2075,2100,2125,2150,2175,2200,2225,2250,2275,2300,2325,2350,2375,2400,2425,2450,2475,2500,2525,2550,2575,2625,2650,2675,2725,2750,2800,2825,2850,2900,2925,2950,3025,3050,3075,3100,3125,3150,3175,3225,3250,3275,3300,3325,3350,3400,3425,3450,3475,3525,3550,3575,3600,3625,3650,3675,3700,3725,3775,3800,3850,3900,3950,3975,4025,4075,4100,4125,4150,4175,4200,4300,4375,4450,4500,4575,4600,4625,4650,4700,4950,4975,5025,5075,5100,5125,5225,5350,5900,5925,6125,6150,6775,6850,6875,6950,7250,7275,7300,7325,7350,7475,7550,9925,12925],
"fitness": [15017.659180,15003.375000,14686.420898,14642.888672,14362.345703,14360.438477,14143.529297,14071.833008,13933.076172,13865.483398,13707.979492,13681.257812,13515.788086,13459.475586,13415.094727,13373.702148,13334.633789,13272.848633,13170.793945,13131.841797,13091.335938,13013.897461,12988.465820,12945.523438,12912.098633,12888.895508,12834.080078,12798.416992,12748.159180,12716.648438,12694.508789,12672.429688,12631.000977,12602.517578,12550.553711,12522.848633,12479.376953,12462.000000,12402.527344,12380.052734,12344.726562,12315.340820,12279.958984,12262.072266,12228.409180,12199.783203,12128.935547,12107.497070,12067.127930,12022.000000,11962.741211,11908.727539,11893.455078,11844.837891,11817.148438,11802.220703,11762.207031,11732.801758,11674.884766,11634.894531,11601.791016,11592.722656,11554.958984,11541.295898,11501.497070,11474.681641,11465.303711,11419.868164,11364.613281,11342.488281,11328.073242,11295.060547,11208.263672,11199.019531,11183.110352,11120.135742,11086.098633,11048.545898,11017.537109,10974.708008,10972.956055,10917.163086,10902.170898,10897.169922,10853.750977,10804.825195,10769.478516,10751.074219,10689.784180,10658.356445,10634.246094,10599.180664,10591.530273,10535.887695,10523.367188,10494.726562,10447.831055,10415.155273,10379.587891,10346.113281,10314.904297,10299.546875,10291.209961,10205.946289,10202.512695,10162.916016,10109.522461,10084.854492,10047.619141,9930.757812,9896.331055,9885.618164,9878.502930,9851.509766,9830.899414,9801.879883,9749.497070,9740.252930,9738.936523,9733.838867,9716.878906,9702.592773,9678.747070,9628.355469,9608.387695,9598.143555,9548.876953,9530.391602,9501.327148,9462.616211,9440.693359,9374.067383,9323.788086,9306.845703,9276.028320,9261.200195,9243.091797,9205.273438,9166.335938,9115.732422,9077.889648,9048.570312,9025.670898,9023.853516,8994.982422,8978.728516,8968.569336,8963.885742,8928.367188,8924.214844,8916.921875,8904.395508,8885.785156,8877.178711,8870.733398,8862.041992,8832.512695,8798.240234,8785.228516,8772.201172,8758.357422,8754.438477,8750.722656,8749.561523,8748.621094,8734.276367,8714.513672,8702.139648,8688.783203,8685.033203,8678.726562,8677.404297,8675.091797,8674.627930,8670.017578,8661.233398,8658.805664,8653.705078,8651.019531,8649.604492,8624.148438,8621.885742,8621.885742]
}