{
"iteraciones": [75,100,125,150,175,200,225,250,275,300,325,350,375,400,425,450,475,500,525,550,575,600,650,675,700,725,750,775,800,825,850,875,900,925,950,975,1000,1025,1050,1075,1100,1150,1175,1200,1225,1250,1275,1300,1325,1375,1400,1425,1475,1500,1525,1550,1575,1600,1625,1650,1675,1700,1725,1750,1775,1800,1825,1875,1900,1925,1950,1975,2025,2075,2100,2125,2175,2200,2225,2250,2300,2325,2350,2375,2425,2450,2475,2500,2525,2550,2575,2600,2625,2650,2700,2725,2750,2775,2850,2875,2900,2925,2950,2975,3000,3025,3075,3100,3125,3150,3175,3200,3225,3250,3275,3300,3325,3350,3375,3400,3425,3475,3500,3525,3550,3575,3600,3625,3650,3725,3750,3775,3800,3825,3875,3900,3925,3950,3975,4000,4025,4050,4075,4100,4125,4150,4200,4225,4250,4275,4300,4325,4350,4375,4400,4425,4475,4500,4550,4575,4600,4625,4650,4675,4700,4725,4750,4775,4800,4825,4850,4900,4925,4950,4975,5000,5025,5050,5075,5100,5125,5150,5175,5200,5250,5275,5300,5325,5350,5400,5450,5475,5500,5525,5550,5575,5600,5625,5650,5675,5700,5725,5750,5775,5800,5825,5850,5875,5950,5975,6000,6025,6050,6075,6100,6150,6175,6200,6225,6275,6300,6325,6350,6375,6550,6575,6625,6650,6675,6775,6850,6875,6925,7100,7300,7450,7475,7500,7525,7650,7850,8175,8450,8525,9200,9300,9400,9425,9525,9700,9750,9775,9825,9850,10525,11675,12150,12175,15175],
"fitness": [14954.934570,14687.330078,14527.885742,14486.689453,14445.026367,14244.003906,14228.680664,14158.334961,14043.299805,13903.234375,13853.812500,13785.603516,13748.564453,13706.352539,13658.815430,13651.333984,13549.083008,13532.807617,13463.808594,13389.336914,13354.594727,13258.653320,13202.585938,13183.614258,13159.107422,13123.914062,13052.730469,13050.195312,13027.661133,12961.049805,12947.227539,12931.299805,12900.647461,12839.667969,12834.083984,12798.839844,12779.619141,12719.658203,12684.715820,12666.331055,12596.537109,12558.130859,12480.837891,12467.912109,12438.094727,12415.007812,12399.858398,12349.610352,12308.390625,12223.652344,12218.725586,12168.755859,12138.997070,12103.805664,12092.662109,12084.000000,12065.449219,12044.876953,12030.833008,12013.005859,12003.816406,11976.145508,11956.428711,11937.168945,11906.600586,11867.920898,11833.131836,11815.471680,11790.589844,11788.495117,11778.952148,11739.647461,11710.699219,11695.955078,11678.128906,11635.374023,11623.027344,11592.872070,11576.795898,11554.036133,11511.083008,11506.013672,11501.389648,11469.175781,11461.926758,11457.441406,11454.004883,11437.404297,11423.711914,11392.751953,11371.317383,11364.718750,11341.854492,11319.026367,11309.000000,11292.477539,11276.562500,11240.152344,11233.034180,11207.675781,11189.927734,11184.667969,11178.676758,11168.208984,11164.897461,11135.618164,11129.935547,11115.264648,11099.780273,11077.919922,11064.834961,11055.901367,11047.066406,11042.664062,11031.892578,11011.667969,10997.718750,10986.722656,10965.697266,10939.471680,10918.991211,10885.313477,10876.000000,10849.052734,10843.567383,10815.649414,10814.959961,10800.821289,10774.762695,10772.574219,10742.031250,10741.654297,10712.220703,10685.766602,10682.698242,10648.404297,10641.167969,10622.738281,10603.397461,10587.758789,10562.679688,10559.230469,10554.917969,10518.717773,10509.357422,10482.539062,10445.920898,10433.309570,10432.080078,10421.152344,10409.046875,10402.449219,10390.457031,10380.911133,10366.007812,10345.694336,10328.246094,10296.664062,10288.961914,10277.916992,10245.110352,10238.786133,10219.589844,10191.962891,10158.499023,10137.230469,10110.410156,10100.359375,10091.081055,10064.474609,10045.991211,10023.275391,10013.540039,9999.594727,9961.777344,9960.580078,9929.981445,9918.918945,9895.310547,9887.193359,9879.282227,9866.567383,9829.625000,9792.725586,9786.967773,9785.625000,9765.560547,9743.547852,9698.845703,9662.557617,9641.541992,9600.060547,9592.177734,9568.922852,9529.312500,9490.461914,9463.477539,9450.243164,9441.435547,9426.038086,9395.806641,9363.831055,9329.324219,9322.301758,9299.706055,9283.379883,9268.053711,9253.880859,9247.811523,9243.046875,9212.000000,9190.676758,9157.340820,9126.076172,9101.500977,9086.654297,9073.913086,9049.057617,9034.412109,9031.498047,9017.919922,9010.780273,8997.993164,8979.117188,8968.369141,8963.713867,8941.083008,8940.148438,8914.446289,8900.489258,8868.601562,8864.277344,8854.618164,8845.668945,8810.306641,8794.726562,8775.973633,8770.227539,8748.906250,8747.783203,8730.663086,8709.556641,8689.429688,8685.376953,8684.836914,8676.327148,8675.976562,8673.906250,8671.391602,8640.225586,8634.735352,8631.215820,8630.430664,8629.052734,8627.891602,8624.373047,8623.272461,8621.885742,8621.885742]
}