{
"iteraciones": [25,50,75,100,125,150,175,200,225,250,275,300,325,350,375,400,425,450,475,500,525,550,575,600,625,650,675,700,725,750,775,800,825,850,875,925,950,1000,1025,1050,1075,1100,1125,1150,1175,1225,1250,1275,1300,1325,1350,1400,1425,1450,1475,1500,1525,1550,1575,1600,1625,1650,1675,1700,1725,1775,1800,1825,1850,1875,1925,1950,1975,2000,2025,2050,2075,2100,2150,2175,2200,2225,2250,2325,2350,2400,2425,2450,2475,2500,2525,2550,2575,2600,2625,2650,2700,2725,2750,2775,2800,2825,2850,2875,2900,2950,2975,3000,3025,3050,3075,3100,3125,3200,3225,3250,3300,3325,3350,3375,3400,3425,3450,3475,3500,3525,3550,3575,3625,3650,3700,3725,3775,3800,3825,3850,3875,3900,3925,3950,3975,4000,4025,4100,4125,4225,4250,4275,4300,4325,4350,4400,4425,4450,4500,4625,4650,4700,4725,4750,4775,4800,4825,5000,5025,5075,5100,5150,5675,5700,5950,5975,6025,6425,6525,6550,6575,6600,6775,7000,7525,7550,7575,7625,9750,12750],
"fitness": [15267.602539,15070.982422,14882.373047,14653.976562,14499.332031,14403.541016,14262.382812,14162.052734,14050.454102,13976.705078,13870.021484,13797.429688,13700.014648,13668.072266,13552.834961,13523.844727,13490.356445,13425.069336,13384.653320,13344.606445,13326.556641,13279.705078,13245.902344,13197.655273,13175.295898,13140.917969,13102.067383,13075.247070,13023.609375,12886.734375,12882.012695,12825.836914,12782.107422,12751.367188,12690.802734,12640.512695,12589.763672,12556.468750,12514.841797,12492.571289,12427.321289,12378.195312,12329.331055,12320.856445,12256.820312,12232.978516,12196.878906,12152.173828,12134.563477,12092.025391,12075.977539,12002.226562,11974.073242,11959.733398,11923.017578,11908.463867,11854.586914,11839.696289,11775.145508,11739.287109,11724.669922,11649.762695,11627.461914,11604.425781,11535.631836,11495.694336,11475.143555,11472.434570,11423.012695,11397.295898,11378.498047,11361.129883,11348.972656,11339.774414,11313.435547,11277.654297,11265.715820,11206.755859,11203.071289,11200.191406,11180.752930,11129.955078,11079.610352,11058.725586,11015.216797,10983.741211,10951.525391,10895.971680,10866.988281,10834.875977,10760.739258,10740.668945,10720.631836,10694.416016,10680.741211,10623.473633,10608.009766,10588.945312,10542.569336,10519.000000,10466.770508,10458.850586,10428.470703,10401.512695,10367.779297,10309.822266,10306.826172,10278.569336,10236.549805,10235.983398,10208.735352,10174.387695,10118.873047,10104.919922,10082.220703,10008.764648,9975.841797,9946.136719,9935.000000,9925.675781,9871.303711,9845.162109,9825.944336,9780.102539,9759.014648,9731.144531,9716.276367,9668.463867,9661.796875,9632.667969,9612.368164,9595.897461,9571.368164,9566.153320,9539.185547,9504.435547,9471.497070,9456.789062,9422.365234,9365.168945,9354.324219,9319.263672,9274.244141,9261.898438,9189.593750,9164.740234,9130.725586,9114.430664,9065.896484,9034.684570,9010.108398,8992.257812,8981.828125,8970.600586,8964.402344,8942.309570,8908.281250,8891.426758,8861.573242,8832.445312,8829.541992,8796.494141,8793.279297,8779.120117,8771.735352,8762.098633,8758.715820,8742.032227,8734.386719,8697.410156,8692.666016,8678.368164,8673.322266,8672.616211,8671.387695,8669.688477,8667.879883,8666.000000,8665.093750,8644.405273,8640.747070,8638.046875,8626.612305,8623.272461,8621.885742,8621.885742]
}