{
"iteraciones": [25,50,75,100,125,150,200,225,250,275,300,325,350,375,400,425,450,475,500,525,550,575,600,625,650,675,700,725,750,825,850,900,950,975,1000,1025,1050,1100,1125,1175,1200,1225,1250,1275,1300,1325,1350,1375,1400,1425,1450,1475,1525,1550,1575,1625,1650,1675,1700,1725,1750,1775,1800,1825,1875,1900,1925,1975,2000,2025,2050,2075,2100,2125,2150,2175,2225,2250,2275,2325,2350,2400,2450,2475,2500,2525,2550,2575,2600,2650,2675,2700,2725,2750,2800,2825,2900,2925,2950,2975,3000,3050,3075,3100,3125,3175,3200,3225,3250,3275,3325,3350,3375,3400,3425,3450,3475,3525,3550,3575,3600,3625,3650,3675,3700,3725,3750,3775,3800,3825,3850,3875,3925,4000,4025,4050,4075,4100,4125,4175,4225,4250,4275,4300,4350,4400,4425,4475,4500,4525,4550,4650,4675,4700,4725,4750,4775,4800,4825,4900,4925,4950,4975,5075,5150,5175,5200,5225,5250,5325,5350,5400,5450,5475,5500,5525,5550,5575,5600,5625,5675,5850,5875,5900,5975,6100,6125,6150,6475,6550,6750,7000,7050,7075,7100,7150,7275,7300,7350,7450,7475,7500,7525,7550,7625,7850,7950,8025,8100,8300,8325,8350,8425,9275,9375,10025,11225,11425,12300,12325,12375,15375],
"fitness": [15111.774414,15032.901367,14748.859375,14607.669922,14444.087891,14263.005859,14154.919922,14070.859375,13982.976562,13903.018555,13863.392578,13850.220703,13789.425781,13749.300781,13710.387695,13650.675781,13641.410156,13584.415039,13553.922852,13510.311523,13489.646484,13440.591797,13420.141602,13333.845703,13294.894531,13221.753906,13188.979492,13146.367188,13057.580078,12995.222656,12905.521484,12814.213867,12772.418945,12731.480469,12695.600586,12654.560547,12611.858398,12591.366211,12524.648438,12522.000000,12486.027344,12427.280273,12410.580078,12361.000000,12336.497070,12308.163086,12290.630859,12258.291016,12234.072266,12195.073242,12158.565430,12098.844727,12067.346680,12049.629883,12011.535156,11985.338867,11953.753906,11909.557617,11895.876953,11873.418945,11868.316406,11826.770508,11794.466797,11765.089844,11752.845703,11731.725586,11708.843750,11674.174805,11655.149414,11646.133789,11624.733398,11621.813477,11593.800781,11568.827148,11567.375000,11536.943359,11515.957031,11511.376953,11480.072266,11478.918945,11433.685547,11414.625000,11397.910156,11382.988281,11373.233398,11372.581055,11354.316406,11345.215820,11327.108398,11302.312500,11299.053711,11280.737305,11275.747070,11264.552734,11259.594727,11224.558594,11209.083984,11173.920898,11167.312500,11148.487305,11128.175781,11112.515625,11086.749023,11066.271484,11033.655273,11024.353516,11005.137695,10977.810547,10965.393555,10957.321289,10946.054688,10929.811523,10924.819336,10923.000000,10895.969727,10877.896484,10841.817383,10831.030273,10823.767578,10818.181641,10806.051758,10797.083984,10752.847656,10734.681641,10721.719727,10706.410156,10686.000000,10676.298828,10649.084961,10622.292969,10597.907227,10590.487305,10566.558594,10544.120117,10541.498047,10518.057617,10512.246094,10493.209961,10478.394531,10461.584961,10452.242188,10439.934570,10426.345703,10411.796875,10397.599609,10391.389648,10359.710938,10349.599609,10338.065430,10337.214844,10281.965820,10272.124023,10269.726562,10256.051758,10242.918945,10218.232422,10216.528320,10197.800781,10164.837891,10159.751953,10141.590820,10111.386719,10084.059570,10061.083008,10049.569336,10022.500977,10003.679688,9989.064453,9949.804688,9929.416992,9880.931641,9876.272461,9856.523438,9848.837891,9827.115234,9822.227539,9814.166016,9789.205078,9759.731445,9745.193359,9710.542969,9708.977539,9689.921875,9670.020508,9647.821289,9640.310547,9622.099609,9583.442383,9548.568359,9547.352539,9534.694336,9524.948242,9516.065430,9493.425781,9491.164062,9488.343750,9486.050781,9466.079102,9458.604492,9457.123047,9451.522461,9449.058594,9441.041016,9427.456055,9425.997070,9424.307617,9423.508789,9422.664062,9401.306641,9389.244141,9384.459961,9350.695312,9348.325195,9343.667969,9342.714844,9340.962891,9339.878906,9327.981445,9326.221680,9317.697266,9315.638672,9315.638672]
}