{
"iteraciones": [25,50,75,100,125,150,175,200,225,250,275,300,325,350,375,400,425,450,475,500,525,550,575,600,625,650,675,700,725,750,775,800,825,850,875,900,925,950,975,1000,1025,1050,1075,1100,1125,1150,1175,1200,1225,1250,1275,1300,1325,1350,1375,1400,1425,1450,1475,1500,1525,1550,1600,1625,1650,1675,1700,1725,1750,1775,1800,1825,1850,1875,1900,1925,1950,1975,2025,2075,2100,2125,2150,2175,2200,2225,2250,2275,2300,2350,2375,2400,2425,2450,2475,2500,2525,2550,2575,2600,2625,2650,2675,2700,2725,2750,2775,2800,2825,2850,2875,2900,2925,2950,2975,3000,3025,3050,3075,3100,3125,3150,3175,3275,3300,3325,3350,3375,3400,3450,3475,3525,3550,3575,3625,3650,3675,3725,3775,3800,3850,3875,3900,3950,3975,4000,4025,4050,4075,4100,4150,4175,4225,4250,4275,4300,4325,4350,4375,4400,4425,4450,4475,4525,4550,4575,4600,4650,4675,4725,4775,4800,4875,4925,4950,4975,5000,5050,5075,5150,5175,5200,5225,5275,5300,5325,5350,5425,5450,5475,5500,5550,5600,5675,5700,5775,5800,5825,5850,5875,5925,6000,6075,6100,6125,6250,6325,6425,6700,6725,6800,6925,7000,7025,7050,7150,7300,7325,7350,7375,7600,10125,10150,10225,11550,14550],
"fitness": [15408.284180,15186.752930,15005.648438,14817.502930,14658.750977,14507.789062,14357.673828,14272.005859,14206.813477,14091.664062,14042.675781,13976.745117,13885.887695,13799.210938,13717.469727,13609.611328,13531.286133,13498.114258,13477.633789,13441.171875,13394.207031,13334.358398,13272.419922,13223.120117,13195.528320,13141.114258,13103.517578,13063.057617,12993.190430,12978.935547,12921.275391,12878.669922,12814.811523,12800.250977,12761.927734,12695.386719,12685.339844,12616.120117,12591.451172,12562.406250,12521.325195,12501.120117,12454.058594,12428.874023,12376.681641,12347.554688,12314.098633,12286.935547,12259.838867,12237.177734,12208.018555,12196.851562,12189.012695,12169.048828,12154.095703,12115.191406,12086.182617,12044.289062,12029.017578,12028.421875,12013.000000,11972.545898,11935.098633,11914.651367,11911.321289,11888.892578,11873.512695,11869.770508,11810.101562,11777.056641,11744.389648,11732.051758,11713.756836,11693.856445,11672.108398,11644.045898,11622.597656,11591.367188,11568.598633,11562.041992,11555.493164,11538.618164,11534.961914,11528.040039,11512.778320,11483.802734,11459.288086,11451.418945,11393.257812,11362.995117,11351.249023,11324.699219,11309.665039,11291.802734,11283.127930,11251.097656,11234.704102,11195.073242,11169.836914,11128.214844,11124.874023,11114.824219,11099.045898,11092.190430,11072.162109,11042.496094,11028.522461,11018.106445,11017.166992,10992.017578,10990.091797,10962.659180,10948.745117,10933.896484,10917.730469,10892.596680,10890.754883,10864.628906,10847.970703,10822.917969,10820.681641,10792.221680,10752.923828,10732.276367,10717.173828,10665.325195,10642.739258,10630.480469,10584.126953,10551.772461,10533.884766,10528.399414,10513.531250,10506.085938,10499.468750,10490.124023,10483.059570,10462.044922,10461.068359,10419.379883,10401.000000,10376.168945,10369.533203,10368.749023,10344.856445,10314.014648,10302.703125,10296.568359,10264.000000,10224.886719,10207.554688,10202.071289,10187.178711,10177.251953,10176.066406,10157.936523,10136.235352,10133.000000,10109.493164,10061.110352,10032.483398,10028.053711,9985.988281,9975.585938,9966.524414,9947.640625,9928.244141,9922.000000,9903.677734,9892.274414,9891.195312,9879.873047,9873.000000,9872.594727,9867.817383,9856.962891,9846.836914,9842.446289,9819.574219,9807.200195,9794.066406,9766.759766,9763.573242,9749.817383,9736.120117,9723.763672,9697.149414,9688.568359,9683.941406,9677.674805,9655.433594,9632.000000,9613.544922,9611.238281,9586.902344,9581.541992,9575.119141,9564.184570,9550.808594,9531.431641,9525.715820,9500.078125,9494.801758,9477.983398,9451.472656,9441.299805,9421.889648,9405.820312,9401.983398,9377.872070,9373.784180,9370.693359,9369.596680,9368.028320,9363.510742,9362.252930,9358.686523,9354.188477,9349.730469,9348.697266,9330.344727,9321.084961,9319.142578,9316.383789,9315.907227,9315.638672]
}