{
"iteraciones": [25,75,100,125,150,175,200,225,250,275,300,325,350,375,400,425,450,475,500,525,550,575,600,625,650,675,725,750,775,800,825,850,875,900,925,950,975,1000,1025,1050,1075,1100,1150,1175,1200,1225,1250,1275,1300,1325,1350,1375,1425,1450,1475,1500,1525,1575,1600,1625,1650,1675,1700,1725,1750,1775,1800,1825,1850,1875,1925,2000,2025,2050,2075,2100,2125,2150,2175,2200,2225,2250,2275,2300,2350,2450,2475,2500,2525,2550,2575,2600,2625,2650,2675,2700,2750,2775,2800,2850,2900,2925,2950,2975,3000,3025,3050,3075,3100,3150,3175,3200,3225,3250,3300,3350,3425,3450,3700,3725,3750,3800,4000,4025,4050,4075,4100,4125,4225,4375,4475,4525,4575,4625,4725,4775,4825,4850,4875,4900,4925,5050,5075,5125,5175,5200,5225,5250,5275,5300,5325,5350,5375,5425,5450,5475,5500,5525,5550,5600,5625,5675,5700,5725,5750,5775,5800,5825,5850,6025,6075,6100,6125,6150,6175,6200,6225,6250,6275,6300,6325,6350,6375,6400,6425,6475,6500,6525,6575,6600,6625,6650,6675,6750,6775,6800,6825,6850,6875,6925,6950,6975,7025,7050,7075,7100,7125,7150,7175,7200,7225,7250,7275,7300,7325,7350,7375,7400,7425,7500,7550,7575,7600,7650,7675,7775,7825,7850,7875,7900,7925,7950,7975,8000,8025,8050,8075,8200,8225,8275,8325,8350,8375,8400,8425,8450,8475,8500,8525,8550,8575,8600,8625,8650,8675,8700,8725,8750,8775,8825,8850,8875,8900,8925,8950,8975,9000,9050,9075,9100,9175,9325,9350,9375,9400,9425,9525,9550,9575,9600,9625,9675,9775,9800,9825,9850,9875,9900,10125,10150,10175,10475,10500,10525,10575,10675,10700,10750,10775,10825,10875,11100,11125,11550,11850,11875,11900,11925,12000,12075,15075],
"fitness": [14994.481445,14789.706055,14653.492188,14469.442383,14346.381836,14313.179688,14103.046875,14022.558594,13962.857422,13898.418945,13813.186523,13753.343750,13732.238281,13690.266602,13585.041016,13581.198242,13493.761719,13490.846680,13463.019531,13397.000000,13380.992188,13339.467773,13247.274414,13209.117188,13178.213867,13124.566406,13072.294922,13025.662109,12992.944336,12962.493164,12930.832031,12903.641602,12868.148438,12811.104492,12787.038086,12746.721680,12712.586914,12672.688477,12633.144531,12621.182617,12594.808594,12532.997070,12524.035156,12470.552734,12456.539062,12424.350586,12409.503906,12383.972656,12358.609375,12317.547852,12290.134766,12257.256836,12244.620117,12238.526367,12214.000000,12172.838867,12143.991211,12106.877930,12072.623047,12064.462891,12053.761719,12027.303711,12006.285156,11984.797852,11962.907227,11937.196289,11918.133789,11891.097656,11848.169922,11793.698242,11759.285156,11734.685547,11718.425781,11715.020508,11690.087891,11679.817383,11677.144531,11650.424805,11647.807617,11636.302734,11630.428711,11614.152344,11599.494141,11583.766602,11582.630859,11578.568359,11564.287109,11557.216797,11549.730469,11544.050781,11535.082031,11528.823242,11506.412109,11487.310547,11481.601562,11470.467773,11466.731445,11460.476562,11444.174805,11430.692383,11426.000000,11420.595703,11414.272461,11400.456055,11393.129883,11384.675781,11381.355469,11370.214844,11368.643555,11366.128906,11361.763672,11358.031250,11354.716797,11340.320312,11336.323242,11331.403320,11324.794922,11316.130859,11313.525391,11301.350586,11298.752930,11293.110352,11290.548828,11289.964844,11285.416016,11284.337891,11281.414062,11277.987305,11269.754883,11261.053711,11260.000000,11257.621094,11253.250000,11248.788086,11244.349609,11240.909180,11238.614258,11233.917969,11232.569336,11230.687500,11228.850586,11224.488281,11213.595703,11206.854492,11203.000000,11194.696289,11189.462891,11187.979492,11179.624023,11171.170898,11163.638672,11162.429688,11155.186523,11154.282227,11148.591797,11136.569336,11132.333008,11128.759766,11119.666016,11117.802734,11111.969727,11100.600586,11097.348633,11089.721680,11074.070312,11058.712891,11051.458008,11034.893555,11002.348633,10987.464844,10981.793945,10976.671875,10973.054688,10965.031250,10950.262695,10928.439453,10920.161133,10913.373047,10905.430664,10904.141602,10893.092773,10885.613281,10875.904297,10861.645508,10859.005859,10836.897461,10828.788086,10814.878906,10800.982422,10793.299805,10788.706055,10778.859375,10764.996094,10746.661133,10741.964844,10734.809570,10725.028320,10713.952148,10692.360352,10677.484375,10645.672852,10618.276367,10604.285156,10581.327148,10566.504883,10559.866211,10530.962891,10522.529297,10518.144531,10491.970703,10486.484375,10461.625000,10431.062500,10402.092773,10364.338867,10357.036133,10303.679688,10297.961914,10255.250977,10224.665039,10203.006836,10181.697266,10151.780273,10101.973633,10040.137695,9996.985352,9962.623047,9945.934570,9925.159180,9913.084961,9896.618164,9889.100586,9876.173828,9853.742188,9846.535156,9823.366211,9796.001953,9757.957031,9755.019531,9740.869141,9734.895508,9721.461914,9699.294922,9675.659180,9665.045898,9624.796875,9602.505859,9593.342773,9566.106445,9555.418945,9532.849609,9514.515625,9486.277344,9484.360352,9443.564453,9431.139648,9422.250977,9396.505859,9365.728516,9343.658203,9321.879883,9299.620117,9266.968750,9257.778320,9227.403320,9193.168945,9180.016602,9172.091797,9145.759766,9138.842773,9094.185547,9065.045898,9027.907227,9010.916992,8992.312500,8948.956055,8921.605469,8917.179688,8897.738281,8881.553711,8873.462891,8845.505859,8844.650391,8835.593750,8829.367188,8816.000000,8806.418945,8770.551758,8763.015625,8753.246094,8707.860352,8692.206055,8690.345703,8687.897461,8686.946289,8683.418945,8681.862305,8680.466797,8676.193359,8652.872070,8651.798828,8650.136719,8647.860352,8641.471680,8638.046875,8633.033203,8629.653320,8628.283203,8627.256836,8621.885742,8621.885742]
}