{
"iteraciones": [25,50,75,100,125,150,175,200,225,250,275,300,325,350,375,400,425,475,500,525,550,575,625,650,675,700,725,750,775,800,825,850,875,900,925,950,975,1000,1025,1050,1075,1100,1125,1150,1175,1200,1225,1275,1300,1325,1350,1375,1400,1425,1450,1475,1500,1525,1550,1575,1600,1625,1650,1675,1700,1725,1750,1775,1825,1850,1875,1900,1925,1950,1975,2000,2025,2050,2075,2100,2125,2175,2200,2225,2250,2275,2325,2350,2375,2400,2425,2450,2475,2500,2525,2550,2575,2600,2625,2650,2675,2700,2775,2800,2825,2850,2875,2925,2950,2975,3050,3075,3100,3125,3150,3175,3200,3250,3275,3300,3325,3375,3400,3425,3450,3475,3500,3525,3550,3575,3600,3650,3675,3700,3725,3800,3825,3850,3875,3900,3950,3975,4025,4050,4075,4100,4125,4150,4175,4200,4250,4275,4300,4325,4375,4400,4425,4450,4475,4500,4525,4550,4600,4650,4700,4725,4750,4775,4925,4950,4975,5025,5050,5075,5175,5300,5600,5700,5725,6000,6125,6175,6200,6300,6400,6550,6575,6650,7450,7500,7525,7550,7850,10850],
"fitness": [15054.777344,14885.087891,14754.470703,14540.301758,14399.089844,14212.226562,14054.972656,13984.572266,13858.701172,13781.408203,13739.670898,13651.684570,13580.953125,13517.164062,13468.145508,13433.833008,13322.959961,13255.549805,13250.690430,13197.520508,13136.693359,13013.076172,12964.503906,12911.726562,12880.388672,12851.990234,12843.809570,12814.850586,12766.737305,12737.398438,12701.918945,12648.432617,12619.180664,12577.097656,12537.227539,12447.874023,12394.597656,12358.552734,12320.061523,12317.922852,12279.665039,12231.941406,12214.006836,12149.375977,12100.143555,12076.838867,11977.535156,11961.188477,11905.124023,11845.730469,11837.871094,11818.994141,11782.465820,11741.336914,11707.553711,11668.684570,11628.561523,11618.726562,11596.536133,11529.090820,11528.264648,11497.666016,11455.451172,11454.364258,11374.933594,11362.084961,11340.789062,11271.546875,11263.860352,11212.000000,11196.108398,11151.876953,11124.728516,11071.216797,11040.219727,10983.685547,10967.103516,10949.743164,10906.448242,10899.992188,10856.456055,10832.334961,10785.996094,10779.164062,10728.588867,10701.670898,10677.988281,10635.927734,10608.987305,10580.843750,10548.666992,10525.037109,10498.265625,10470.211914,10461.967773,10422.263672,10396.362305,10359.597656,10317.158203,10298.413086,10257.208008,10155.479492,10144.527344,10092.088867,10089.499023,10036.863281,9985.504883,9983.426758,9980.718750,9931.014648,9914.885742,9893.325195,9886.000000,9858.948242,9823.293945,9819.484375,9782.619141,9767.090820,9739.764648,9737.973633,9692.339844,9672.797852,9658.359375,9646.931641,9615.943359,9606.565430,9593.789062,9583.439453,9547.665039,9540.141602,9498.991211,9462.330078,9440.779297,9436.259766,9425.440430,9399.512695,9381.900391,9380.877930,9365.120117,9331.605469,9294.651367,9278.822266,9264.579102,9260.056641,9238.165039,9207.283203,9192.890625,9189.294922,9179.083008,9170.267578,9166.814453,9136.276367,9112.868164,9107.660156,9080.340820,9066.917969,9058.760742,9050.706055,9018.067383,9016.065430,8999.048828,8961.291016,8946.174805,8938.500000,8923.489258,8913.337891,8895.388672,8864.121094,8862.178711,8856.674805,8832.540039,8817.196289,8803.664062,8778.153320,8767.919922,8764.939453,8761.729492,8759.764648,8756.733398,8737.733398,8724.110352,8722.168945,8703.146484,8699.475586,8682.920898,8676.857422,8674.125000,8671.331055,8638.719727,8637.706055,8636.334961,8626.720703,8624.148438,8624.148438]
}