{
"iteraciones": [25,50,75,100,150,175,200,225,275,300,325,350,375,400,425,450,475,500,525,550,575,600,625,650,675,700,725,750,775,800,825,850,875,900,925,950,1000,1025,1050,1075,1100,1125,1150,1175,1200,1225,1250,1275,1325,1350,1375,1400,1425,1450,1475,1500,1525,1550,1575,1650,1675,1700,1725,1750,1775,1800,1825,1850,1900,1950,1975,2000,2025,2075,2100,2125,2150,2175,2200,2225,2250,2275,2300,2325,2350,2375,2425,2450,2475,2500,2525,2550,2575,2600,2625,2650,2675,2700,2725,2750,2800,2825,2850,2875,2900,2925,2950,3000,3025,3050,3075,3100,3125,3150,3175,3200,3225,3275,3300,3325,3375,3400,3425,3475,3500,3525,3550,3600,3650,3700,3725,3750,3775,3800,3900,3925,3950,4000,4025,4050,4075,4100,4125,4150,4250,4275,4300,4325,4350,4400,4425,4450,4475,4525,4550,4625,4650,4725,4850,4875,4900,5000,5025,5050,5100,5175,5225,5300,5775,5800,5875,5950,6500,7750,8750,9450,12450],
"fitness": [15294.555664,15083.713867,14838.220703,14542.893555,14439.091797,14303.493164,14135.590820,14047.468750,13934.536133,13872.340820,13819.756836,13749.648438,13724.228516,13634.395508,13592.725586,13547.852539,13524.551758,13455.182617,13389.205078,13368.278320,13259.539062,13240.263672,13220.920898,13166.568359,13133.340820,13088.124023,13059.688477,12990.855469,12935.683594,12889.914062,12805.233398,12785.579102,12693.693359,12666.865234,12593.443359,12562.851562,12502.331055,12478.142578,12433.488281,12372.042969,12288.547852,12271.639648,12210.521484,12188.747070,12137.769531,12095.300781,12059.752930,12016.644531,11984.168945,11931.814453,11894.350586,11851.916992,11844.247070,11823.407227,11788.080078,11781.750000,11726.473633,11704.662109,11655.751953,11645.085938,11596.057617,11553.904297,11508.466797,11476.830078,11444.700195,11422.518555,11374.598633,11326.796875,11258.718750,11221.666016,11202.706055,11140.340820,11101.860352,11093.775391,11082.503906,11054.098633,11002.164062,10950.545898,10948.298828,10901.112305,10886.983398,10854.855469,10825.211914,10810.410156,10779.567383,10718.463867,10686.411133,10661.019531,10632.730469,10609.669922,10606.937500,10556.118164,10525.586914,10513.902344,10471.117188,10419.969727,10405.852539,10364.691406,10335.939453,10286.639648,10277.035156,10272.720703,10238.809570,10221.851562,10177.605469,10150.354492,10052.232422,10027.873047,10004.607422,9978.159180,9939.880859,9869.649414,9856.243164,9818.902344,9746.448242,9737.707031,9667.619141,9631.699219,9613.952148,9563.434570,9536.768555,9514.351562,9448.480469,9435.000000,9410.415039,9401.167969,9368.893555,9352.694336,9313.908203,9298.677734,9284.967773,9280.523438,9267.367188,9245.939453,9217.208008,9212.195312,9181.884766,9177.070312,9171.746094,9150.201172,9134.851562,9127.267578,9081.518555,9067.597656,9043.443359,9012.933594,9009.489258,9000.263672,8981.242188,8971.868164,8969.633789,8935.875000,8929.086914,8928.000000,8892.300781,8888.990234,8832.950195,8800.877930,8780.942383,8772.929688,8751.058594,8731.624023,8719.148438,8717.918945,8699.869141,8696.844727,8692.492188,8670.141602,8666.169922,8642.790039,8641.791016,8633.973633,8629.971680,8627.663086,8626.735352,8621.885742,8621.885742]
}