{
"iteraciones": [50,75,100,125,150,175,200,250,275,300,325,350,375,400,425,450,475,500,525,550,575,600,625,650,675,700,725,750,775,800,825,850,875,900,925,950,975,1000,1025,1050,1075,1100,1125,1150,1175,1200,1225,1250,1300,1325,1350,1375,1400,1425,1450,1475,1500,1525,1550,1575,1600,1625,1650,1675,1700,1725,1750,1800,1825,1850,1875,1900,1925,1950,2000,2025,2075,2100,2125,2150,2175,2200,2225,2250,2275,2300,2325,2350,2375,2400,2425,2450,2475,2500,2525,2550,2575,2600,2650,2675,2700,2725,2750,2775,2800,2825,2850,2875,2900,2925,2950,2975,3000,3025,3050,3075,3125,3150,3175,3200,3225,3275,3300,3325,3350,3375,3425,3450,3475,3525,3600,3625,3650,3675,3700,3725,3775,3800,3825,3850,3875,3900,3925,3950,3975,4000,4025,4050,4075,4100,4125,4150,4175,4200,4275,4300,4325,4350,4375,4400,4425,4475,4500,4525,4575,4600,4650,4675,4725,4775,4850,4875,4900,5075,5100,5175,5200,5250,5275,5400,5825,5950,6000,6025,6050,6150,6425,6450,6575,6775,7975,8100,10200,10225,13225],
"fitness": [14780.819336,14668.829102,14439.209961,14326.949219,14279.881836,14019.860352,13909.165039,13867.666992,13798.706055,13737.801758,13684.264648,13627.893555,13617.819336,13540.822266,13510.364258,13488.586914,13429.878906,13418.064453,13391.443359,13345.056641,13300.535156,13272.161133,13180.303711,13128.294922,13067.078125,13035.405273,12939.515625,12875.367188,12828.875977,12752.349609,12701.273438,12667.457031,12554.257812,12517.956055,12455.892578,12410.000000,12360.602539,12349.186523,12290.939453,12270.333008,12212.639648,12154.174805,12127.099609,12092.139648,12081.973633,12040.099609,12003.961914,11938.345703,11903.867188,11844.938477,11811.106445,11791.985352,11756.567383,11723.389648,11668.671875,11633.938477,11602.901367,11563.287109,11556.472656,11492.871094,11489.699219,11465.976562,11440.869141,11399.746094,11396.126953,11362.464844,11280.795898,11276.500000,11250.052734,11198.712891,11185.845703,11172.836914,11145.958008,11094.736328,11056.371094,11048.602539,11014.833008,11001.579102,10971.892578,10931.036133,10920.056641,10893.557617,10868.341797,10859.224609,10833.549805,10803.478516,10772.284180,10735.863281,10722.661133,10696.786133,10660.732422,10650.455078,10623.420898,10594.848633,10564.767578,10549.631836,10529.204102,10496.460938,10460.298828,10445.462891,10424.204102,10405.125000,10394.800781,10327.460938,10314.705078,10300.873047,10270.499023,10265.316406,10233.200195,10220.803711,10209.515625,10186.279297,10149.507812,10130.578125,10126.735352,10079.485352,10064.832031,10046.450195,10032.038086,10015.935547,9991.448242,9972.519531,9945.348633,9920.325195,9882.672852,9860.841797,9845.954102,9819.629883,9805.679688,9762.807617,9757.688477,9717.380859,9692.592773,9633.496094,9615.848633,9586.247070,9576.846680,9551.953125,9527.580078,9517.095703,9488.904297,9454.254883,9450.084961,9409.163086,9390.584961,9351.283203,9320.988281,9287.571289,9283.738281,9254.665039,9243.702148,9231.028320,9226.293945,9202.133789,9188.453125,9187.000000,9175.501953,9156.233398,9126.441406,9118.376953,9092.443359,9073.316406,9068.504883,9060.653320,9039.669922,9019.437500,9011.003906,8991.547852,8960.354492,8931.076172,8904.002930,8892.292969,8870.099609,8839.385742,8832.476562,8822.521484,8814.715820,8779.881836,8771.655273,8736.941406,8726.512695,8722.885742,8706.491211,8703.532227,8690.050781,8688.068359,8674.768555,8655.495117,8652.954102,8643.346680,8639.481445,8629.685547,8624.296875,8621.885742,8621.885742]
}