{
"iteraciones": [25,50,75,100,125,150,175,200,225,250,275,300,325,350,375,400,425,450,475,500,525,550,575,600,625,650,675,700,725,750,775,800,825,850,875,900,925,950,975,1000,1025,1050,1075,1100,1125,1150,1175,1200,1225,1250,1275,1300,1325,1375,1400,1425,1450,1475,1500,1525,1575,1600,1625,1650,1675,1700,1725,1750,1775,1825,1850,1875,1900,1925,1975,2000,2025,2050,2075,2100,2125,2175,2200,2225,2250,2275,2300,2325,2350,2400,2425,2450,2475,2500,2550,2575,2600,2625,2650,2675,2700,2750,2775,2800,2850,2875,2900,2925,2950,3000,3050,3075,3100,3125,3150,3175,3200,3225,3250,3275,3300,3325,3350,3375,3400,3425,3450,3500,3525,3550,3575,3600,3650,3675,3700,3825,3850,3875,3900,3925,3950,3975,4000,4025,4050,4100,4200,4275,4300,4325,4375,4400,4425,4500,4550,4700,4925,4950,4975,5000,5175,5250,5275,5350,5375,5400,5950,5975,6000,6025,6250,6300,6575,6600,8150,11150],
"fitness": [15059.968750,14843.887695,14708.312500,14646.038086,14517.829102,14330.447266,14239.433594,14141.583008,14056.327148,13922.339844,13854.874023,13820.986328,13779.134766,13671.211914,13627.868164,13561.295898,13553.323242,13458.810547,13425.834961,13406.999023,13341.296875,13304.705078,13234.300781,13204.536133,13143.776367,13082.340820,13006.358398,12998.930664,12889.462891,12867.031250,12823.152344,12728.065430,12711.267578,12656.062500,12619.853516,12584.623047,12523.743164,12455.754883,12362.634766,12338.395508,12251.476562,12174.405273,12133.248047,12119.171875,12075.709961,12023.527344,11998.166016,11938.521484,11882.864258,11877.005859,11832.929688,11812.490234,11687.100586,11640.577148,11615.760742,11592.459961,11566.532227,11555.467773,11524.334961,11505.156250,11447.763672,11395.233398,11354.859375,11332.980469,11310.901367,11252.980469,11217.901367,11197.960938,11136.084961,11106.716797,11082.679688,11056.967773,11040.763672,10985.328125,10955.573242,10917.252930,10847.364258,10816.468750,10780.173828,10743.680664,10686.412109,10682.883789,10660.063477,10550.909180,10511.689453,10509.025391,10488.284180,10462.994141,10414.187500,10370.609375,10316.263672,10313.377930,10302.440430,10255.632812,10227.786133,10221.526367,10197.248047,10185.601562,10136.584961,10124.247070,10057.607422,10044.400391,10007.314453,9961.688477,9933.959961,9877.151367,9860.662109,9858.905273,9790.786133,9737.129883,9724.679688,9669.929688,9636.747070,9606.558594,9605.597656,9584.385742,9563.496094,9561.894531,9536.000000,9527.024414,9496.592773,9492.329102,9465.691406,9457.980469,9439.578125,9415.826172,9359.653320,9349.785156,9328.794922,9325.200195,9297.000000,9275.951172,9270.561523,9244.884766,9201.327148,9195.511719,9165.722656,9157.348633,9142.859375,9137.876953,9135.083984,9113.383789,9100.410156,9084.041992,9048.523438,9031.679688,8999.954102,8976.023438,8971.280273,8910.050781,8896.459961,8887.083008,8882.251953,8851.420898,8815.530273,8792.335938,8775.020508,8772.606445,8752.277344,8749.555664,8718.071289,8688.230469,8681.563477,8654.739258,8652.737305,8651.598633,8646.000000,8645.444336,8641.620117,8637.683594,8636.394531,8629.603516,8625.349609,8624.148438,8621.885742,8621.885742]
}