{
"iteraciones": [323,361,380,3420],
"fitness": [9519.789062,9519.328125,9519.000000,9519.000000]
}