{
"iteraciones": [50,75,100,125,150,175,200,225,250,275,300,325,350,375,425,450,475,500,550,575,600,625,650,675,700,725,775,800,825,850,875,900,925,975,1000,1025,1100,1125,1150,1200,1225,1250,1275,1325,1350,1375,1400,1425,1500,1550,1650,1850],
"fitness": [2482.017334,2428.566406,2391.087891,2260.386963,2253.270996,2152.167969,2130.056885,2021.799805,1995.092163,1943.898682,1920.626831,1887.422485,1804.443115,1731.615845,1721.818970,1704.101807,1672.920044,1632.604858,1624.421997,1599.035645,1561.676514,1558.140747,1548.311157,1535.834351,1489.219482,1485.483276,1428.708496,1425.387695,1413.858887,1360.094360,1359.211548,1300.825684,1295.593872,1289.866699,1272.095215,1266.502808,1263.114136,1257.920532,1231.663940,1229.081177,1215.108643,1199.565186,1166.946899,1155.061523,1144.825439,1141.000000,1140.926270,1129.843628,1124.191772,1120.147461,1116.927368,1116.927368]
}