{
"iteraciones": [20,40,60,80,100,120,140,160,180,200,220,240,260,280,300,320,360,380,420,440,460,480,500,520,540,560,580,600,620,640,660,680,700,720,740,760,780,800,820,840,860,880,900,920,940,960,980,1000,1020,1040,1060,1080,1100,1120,1140,1160,1180,1200,1220,1260,1280,1300,1320,1340,1360,1380,1400,1420,1440,1460,1480,1500,1520,1540,1560,1580,1600,1620,1640,1660,1680,1700,1720,1740,1760,1780,1800,1820,1840,1860,1880,1900,1940,1980,2000,2020,2040,2060,2080,2100,2120,2140,2160,2180,2200,2220,2240,2260,2280,2300,2320,2360,2400,2420,2440,2460,2500,2520,2540,2560,2620,2640,2660,2760,2780,2800,2820,2860,2900,2920,2940,2980,3000,3020,3040,3060,3080,3100,3140,3200,3220,3240,3260,3320,3340,3360,3380,3400,3460,3480,3500,3520,3540,3560,3620,3820,3840,3860,3880,3920,3940,3980,4060,4080,4100,4160,4180,4240,4320,4340,4360,4380,4400,4420,4440,4460,4500,4520,4580,4680,4820,5020,5340,5360,5400,5420,5580,6940,7500,7600,7620,7640,8460,9400,9440,10500,13700],
"fitness": [15257.892578,15003.700195,14887.398438,14718.383789,14588.597656,14458.539062,14449.773438,14329.921875,14320.705078,14278.478516,14231.701172,14214.299805,14135.743164,14128.985352,14036.000977,13958.553711,13900.768555,13780.892578,13760.974609,13669.837891,13602.274414,13561.907227,13506.972656,13489.682617,13479.017578,13455.012695,13416.431641,13378.697266,13323.333984,13298.283203,13281.913086,13220.307617,13132.926758,13120.937500,13101.596680,13042.778320,13014.958008,12966.751953,12919.717773,12888.740234,12843.843750,12812.956055,12787.074219,12736.667969,12718.104492,12698.586914,12655.737305,12604.605469,12561.069336,12533.182617,12481.666016,12438.242188,12375.037109,12331.474609,12278.080078,12254.936523,12215.360352,12177.368164,12088.338867,12059.539062,12049.034180,12000.330078,11967.769531,11927.126953,11883.163086,11868.690430,11829.652344,11804.015625,11755.737305,11684.485352,11665.873047,11628.749023,11610.747070,11583.736328,11523.036133,11516.167969,11436.410156,11413.343750,11362.984375,11357.513672,11316.387695,11296.000000,11200.555664,11194.133789,11162.471680,11138.562500,11116.829102,11096.436523,11083.583984,11078.281250,11055.598633,11047.121094,11017.081055,11012.328125,10940.288086,10911.468750,10888.610352,10854.016602,10843.417969,10817.865234,10809.916016,10775.192383,10768.368164,10718.004883,10701.356445,10680.829102,10648.616211,10589.678711,10561.853516,10555.352539,10522.867188,10451.159180,10417.229492,10373.262695,10334.364258,10301.792969,10264.051758,10239.373047,10229.341797,10140.045898,10110.399414,10079.515625,9958.215820,9922.566406,9908.885742,9819.240234,9781.103516,9770.852539,9756.354492,9751.379883,9724.834961,9677.732422,9655.816406,9630.367188,9614.402344,9568.626953,9546.686523,9489.251953,9485.000977,9473.102539,9438.144531,9429.625977,9404.405273,9399.797852,9385.918945,9378.309570,9355.614258,9280.964844,9249.131836,9248.000977,9208.926758,9178.736328,9172.871094,9137.680664,9105.836914,9083.736328,9062.675781,9060.656250,9051.065430,9040.313477,9009.639648,8975.043945,8945.849609,8937.031250,8932.715820,8920.654297,8916.327148,8896.377930,8889.400391,8859.219727,8849.690430,8819.697266,8817.964844,8810.095703,8789.879883,8776.500000,8749.846680,8708.501953,8706.554688,8690.431641,8687.764648,8678.580078,8675.780273,8670.298828,8668.629883,8667.652344,8651.333008,8640.303711,8638.307617,8635.969727,8631.944336,8627.000000,8626.612305,8624.148438,8623.272461,8621.885742,8621.885742]
}