{
"iteraciones": [20,40,60,80,100,120,140,160,180,200,220,240,260,280,300,340,360,380,400,420,440,460,480,500,520,540,560,580,600,620,640,660,680,700,720,740,760,780,800,820,840,860,880,900,920,940,960,980,1000,1020,1040,1060,1080,1100,1120,1140,1160,1180,1200,1220,1240,1260,1280,1300,1320,1340,1360,1380,1400,1420,1440,1460,1480,1500,1520,1540,1560,1580,1600,1620,1640,1660,1680,1700,1720,1740,1760,1780,1800,1820,1840,1860,1880,1900,1920,1940,1960,1980,2000,2020,2040,2080,2100,2120,2140,2160,2200,2220,2240,2260,2280,2300,2320,2340,2380,2400,2420,2440,2460,2480,2500,2520,2540,2560,2580,2600,2620,2660,2700,2720,2740,2760,2780,2800,2820,2840,2860,2880,2900,2920,2940,2960,2980,3000,3020,3040,3060,3080,3100,3120,3140,3160,3180,3200,3220,3240,3260,3280,3320,3340,3360,3380,3400,3420,3440,3460,3480,3500,3520,3540,3560,3580,3660,3680,3700,3720,3740,3760,3800,3820,3860,3880,3900,3920,3940,3960,3980,4020,4060,4080,4160,4180,4220,4240,4260,4280,4300,4340,4420,4440,4460,4480,4500,4520,4540,4580,4600,4620,4640,4660,4680,4820,4960,5060,5080,5120,5180,5200,5220,5240,5320,5540,5620,5640,5680,6060,6120,6180,6240,6420,6440,7120,7140,7160,7320,7860,7880,7960,9780,12980],
"fitness": [15414.489258,15250.458984,15137.812500,14863.561523,14806.260742,14670.270508,14532.445312,14471.794922,14439.209961,14380.454102,14326.921875,14322.318359,14277.993164,14228.717773,14092.431641,14016.051758,14002.031250,13968.682617,13931.708984,13852.889648,13814.043945,13785.834961,13733.218750,13686.900391,13653.269531,13595.361328,13558.802734,13523.907227,13497.969727,13440.561523,13438.105469,13399.391602,13370.255859,13347.772461,13296.619141,13273.192383,13231.000000,13178.828125,13133.416016,13050.809570,13027.452148,13020.825195,12979.226562,12922.187500,12906.901367,12864.744141,12816.523438,12766.532227,12759.538086,12748.166992,12717.701172,12683.416992,12674.843750,12649.000000,12589.347656,12566.857422,12529.183594,12511.819336,12466.590820,12460.680664,12429.338867,12409.727539,12391.347656,12368.882812,12357.914062,12330.487305,12316.220703,12267.847656,12249.450195,12221.484375,12200.287109,12187.768555,12171.867188,12149.754883,12127.803711,12118.540039,12072.791992,12053.686523,12028.858398,11977.876953,11974.800781,11955.331055,11935.689453,11930.237305,11925.625000,11915.287109,11883.012695,11844.813477,11824.899414,11813.855469,11799.140625,11768.843750,11755.123047,11753.008789,11718.847656,11702.225586,11682.263672,11627.271484,11597.682617,11580.140625,11514.202148,11490.000000,11455.222656,11414.212891,11375.455078,11312.805664,11267.487305,11265.282227,11217.411133,11204.746094,11168.420898,11135.364258,11125.294922,11084.695312,11058.459961,11044.669922,11040.544922,11015.383789,11012.892578,10982.701172,10937.000000,10916.016602,10887.562500,10854.369141,10822.615234,10810.541016,10781.736328,10763.913086,10747.068359,10724.047852,10710.211914,10700.675781,10682.794922,10671.000000,10616.359375,10594.417969,10548.041992,10518.882812,10512.946289,10501.232422,10487.912109,10478.194336,10455.343750,10446.479492,10433.514648,10403.916992,10400.861328,10382.135742,10365.524414,10337.650391,10311.252930,10304.282227,10285.417969,10275.920898,10244.557617,10222.416016,10204.342773,10168.767578,10145.857422,10143.108398,10101.080078,10084.208008,10061.000000,10030.930664,10010.085938,9992.538086,9980.809570,9946.980469,9931.588867,9914.519531,9895.925781,9847.814453,9825.733398,9801.681641,9772.859375,9749.458008,9720.631836,9685.196289,9651.626953,9620.314453,9618.725586,9600.083984,9576.650391,9555.971680,9520.221680,9490.253906,9466.126953,9442.235352,9435.853516,9373.209961,9371.181641,9369.114258,9368.073242,9351.578125,9327.614258,9321.858398,9231.953125,9221.434570,9213.706055,9212.686523,9198.896484,9169.162109,9149.128906,9136.630859,9111.446289,9081.577148,9079.620117,9062.734375,9053.854492,9029.207031,8992.278320,8968.064453,8934.443359,8926.786133,8898.872070,8896.199219,8894.776367,8882.989258,8877.210938,8845.184570,8819.958984,8812.247070,8798.995117,8765.705078,8739.804688,8707.514648,8704.776367,8686.005859,8665.869141,8653.504883,8646.058594,8645.967773,8640.203125,8639.154297,8634.244141,8631.215820,8625.349609,8624.148438,8621.885742,8621.885742]
}