{
"iteraciones": [20,40,60,80,100,160,180,220,240,260,280,300,320,340,360,380,400,420,440,460,480,500,520,540,560,580,600,620,640,660,680,700,720,740,760,780,800,820,840,860,880,900,920,940,960,980,1000,1020,1040,1060,1080,1100,1120,1140,1160,1180,1200,1240,1260,1280,1300,1320,1340,1360,1380,1400,1420,1440,1460,1500,1520,1540,1560,1580,1620,1640,1660,1680,1720,1740,1760,1780,1800,1820,1840,1860,1880,1900,1920,1940,1960,1980,2000,2020,2040,2060,2080,2100,2120,2140,2180,2200,2240,2320,2340,2360,2400,2420,2460,2480,2500,2520,2560,2600,2620,2640,2660,2680,2720,2740,2760,2780,2800,2820,2840,2860,2880,2900,2920,2940,3020,3040,3060,3080,3120,3140,3180,3200,3220,3260,3280,3300,3340,3360,3400,3420,3440,3460,3500,3520,3540,3580,3600,3620,3680,3700,3720,3740,3760,3780,3800,3820,3840,3880,3900,3920,3940,3960,4000,4020,4040,4060,4080,4100,4120,4140,4160,4220,4240,4260,4320,4340,4360,4380,4400,4440,4460,4500,4520,4540,4560,4580,4600,4620,4640,4680,4700,4740,4760,4820,4840,4900,4920,4940,4960,4980,5000,5020,5040,5060,5080,5140,5160,5180,5200,5220,5240,5280,5300,5320,5340,5380,5420,5440,5460,5520,5540,5560,5600,5640,5680,5740,5760,5800,5820,5840,5860,5880,5900,5920,5940,5960,6140,6180,6200,6220,6240,6260,6280,6300,6360,6520,6560,6600,6640,6660,6680,6700,6740,6880,6900,6940,6960,7020,7060,7240,7340,7400,7460,7560,7580,7700,7860,7880,7900,7980,8000,8040,8200,8460,8500,9180,9460,12660],
"fitness": [15176.347656,15045.592773,14893.403320,14840.858398,14642.239258,14631.520508,14388.233398,14366.186523,14320.593750,14249.791992,14231.615234,14174.057617,14165.166016,14096.583008,14089.349609,14046.000000,13981.974609,13974.276367,13905.143555,13869.601562,13823.687500,13765.732422,13748.462891,13668.345703,13666.726562,13580.803711,13565.502930,13527.107422,13506.532227,13476.978516,13444.653320,13408.978516,13398.074219,13366.632812,13320.357422,13300.919922,13271.426758,13233.120117,13181.983398,13151.195312,13108.799805,13043.984375,13027.244141,12947.088867,12895.316406,12853.031250,12838.206055,12792.160156,12778.452148,12766.932617,12751.817383,12739.560547,12713.083984,12688.769531,12675.506836,12635.622070,12592.690430,12575.444336,12522.993164,12512.960938,12470.807617,12443.167969,12439.902344,12424.808594,12382.779297,12354.087891,12351.152344,12317.710938,12293.364258,12286.398438,12267.253906,12239.696289,12226.226562,12181.885742,12162.000000,12129.052734,12084.916016,12052.779297,12036.106445,12025.567383,12020.780273,12011.925781,11995.644531,11993.491211,11986.315430,11968.232422,11934.178711,11929.181641,11869.029297,11836.783203,11824.157227,11814.617188,11801.529297,11788.223633,11784.957031,11757.728516,11732.382812,11729.334961,11675.040039,11652.606445,11649.238281,11628.482422,11584.028320,11583.133789,11548.897461,11530.168945,11529.266602,11511.000977,11493.537109,11482.470703,11475.022461,11469.833008,11464.346680,11462.294922,11449.974609,11442.791992,11439.879883,11421.951172,11419.690430,11412.733398,11394.987305,11383.116211,11380.372070,11376.000000,11358.733398,11356.065430,11342.480469,11335.959961,11330.050781,11308.334961,11305.331055,11300.518555,11287.509766,11280.020508,11278.756836,11251.272461,11237.430664,11230.750977,11216.600586,11210.400391,11208.833008,11186.000000,11185.210938,11174.413086,11161.351562,11157.043945,11154.379883,11148.533203,11136.695312,11129.541016,11121.707031,11114.000000,11100.699219,11072.148438,11056.261719,11034.102539,11030.589844,10999.216797,10979.172852,10960.792969,10925.000000,10922.126953,10891.129883,10876.385742,10874.565430,10863.896484,10857.453125,10851.221680,10836.862305,10822.172852,10820.659180,10801.065430,10793.620117,10788.182617,10775.999023,10765.098633,10734.836914,10702.101562,10686.013672,10665.486328,10653.224609,10635.733398,10634.223633,10613.719727,10578.775391,10551.904297,10518.295898,10505.925781,10496.133789,10490.034180,10466.916992,10461.484375,10440.751953,10433.847656,10388.957031,10326.398438,10316.715820,10293.858398,10276.559570,10271.602539,10255.575195,10253.220703,10233.522461,10223.416016,10202.095703,10187.615234,10153.763672,10126.628906,10119.518555,10089.610352,10042.402344,10027.592773,9979.260742,9955.191406,9933.517578,9902.138672,9844.246094,9835.321289,9794.812500,9785.296875,9769.656250,9743.468750,9721.960938,9682.407227,9657.061523,9611.595703,9606.541016,9585.292969,9562.728516,9551.691406,9525.833008,9504.950195,9464.492188,9453.148438,9426.202148,9420.195312,9384.519531,9374.938477,9360.703125,9351.258789,9333.838867,9322.043945,9291.535156,9262.316406,9247.779297,9212.236328,9203.922852,9175.396484,9141.386719,9107.290039,9095.862305,9068.728516,9064.780273,9061.417969,9052.931641,9050.881836,9039.071289,9013.163086,9001.489258,8963.642578,8950.346680,8908.762695,8862.847656,8852.583008,8836.857422,8820.407227,8796.719727,8762.766602,8761.014648,8758.827148,8743.774414,8724.920898,8707.771484,8681.612305,8673.626953,8672.284180,8671.585938,8669.859375,8663.533203,8662.547852,8661.166016,8656.713867,8636.848633,8636.848633]
}