{
"iteraciones": [20,40,60,80,120,160,180,200,220,240,260,280,300,320,340,360,380,400,420,440,460,480,500,520,540,560,580,600,620,640,660,680,700,720,740,760,780,800,840,880,900,920,940,960,980,1020,1040,1060,1080,1100,1120,1140,1160,1180,1200,1240,1260,1280,1300,1320,1340,1360,1380,1440,1460,1480,1520,1540,1560,1580,1600,1620,1640,1660,1680,1700,1720,1740,1760,1780,1800,1820,1840,1860,1880,1900,1920,1940,1980,2020,2040,2060,2080,2100,2120,2180,2200,2220,2240,2260,2280,2300,2320,2380,2400,2420,2440,2460,2480,2500,2520,2540,2580,2600,2620,2640,2660,2680,2700,2720,2760,2800,2860,2880,2900,2920,2960,2980,3000,3020,3040,3060,3080,3100,3120,3140,3180,3200,3220,3240,3280,3300,3320,3340,3360,3380,3400,3420,3440,3460,3500,3520,3540,3560,3580,3600,3620,3640,3660,3680,3700,3720,3740,3760,3780,3800,3820,3840,3860,3880,3920,3940,3960,3980,4000,4020,4060,4080,4100,4140,4160,4180,4200,4220,4240,4260,4300,4320,4340,4380,4420,4440,4460,4500,4520,4540,4560,4580,4600,4620,4640,4740,4760,4780,4800,4820,4840,4860,4880,4940,4980,5000,5140,5160,5180,5320,5340,5440,5460,5500,5520,5560,5840,5860,5880,5900,5960,5980,6000,6020,6040,6080,6100,6160,6180,6340,6540,6820,6900,6920,8380,9980,10160,11840,13140,16340],
"fitness": [15183.216797,14857.865234,14824.995117,14402.163086,14152.078125,14087.167969,13970.658203,13935.441406,13848.614258,13741.657227,13715.994141,13678.534180,13654.704102,13570.354492,13545.504883,13485.753906,13440.392578,13429.171875,13385.612305,13369.414062,13334.545898,13308.153320,13287.203125,13258.969727,13246.983398,13178.838867,13121.667969,13115.055664,13070.325195,13042.735352,13011.937500,12980.228516,12965.083008,12944.572266,12931.494141,12925.737305,12909.958008,12833.740234,12743.038086,12662.272461,12660.997070,12615.812500,12609.698242,12571.059570,12527.736328,12509.304688,12460.439453,12445.158203,12386.487305,12361.739258,12308.972656,12269.326172,12250.521484,12235.099609,12192.761719,12173.267578,12119.971680,12094.251953,12085.639648,12068.380859,12027.955078,12010.321289,11961.054688,11940.338867,11924.026367,11903.200195,11881.194336,11864.416016,11825.868164,11805.653320,11776.974609,11738.191406,11732.604492,11728.114258,11716.347656,11699.428711,11682.016602,11667.007812,11654.214844,11643.807617,11623.000000,11605.788086,11578.660156,11559.445312,11551.827148,11532.322266,11525.020508,11490.252930,11471.286133,11462.106445,11453.704102,11444.514648,11427.834961,11403.023438,11364.569336,11345.601562,11329.426758,11316.404297,11306.279297,11291.303711,11281.940430,11262.548828,11227.370117,11214.397461,11189.250977,11186.564453,11173.636719,11168.349609,11157.400391,11143.484375,11130.547852,11070.324219,11036.056641,11004.200195,10954.904297,10912.045898,10898.477539,10878.527344,10858.804688,10807.045898,10794.911133,10757.261719,10755.731445,10741.163086,10733.036133,10711.928711,10693.474609,10657.150391,10653.091797,10650.040039,10637.126953,10631.790039,10619.401367,10604.194336,10596.093750,10576.406250,10553.963867,10544.368164,10521.658203,10479.849609,10450.497070,10443.000000,10419.523438,10383.383789,10372.607422,10350.710938,10327.355469,10313.940430,10303.494141,10280.849609,10254.267578,10232.161133,10227.752930,10224.373047,10220.568359,10192.866211,10180.995117,10149.292969,10115.144531,10083.709961,10075.870117,10043.760742,10011.389648,10007.222656,9979.359375,9968.955078,9915.886719,9913.040039,9868.189453,9831.950195,9807.391602,9796.967773,9788.583008,9749.351562,9744.599609,9656.183594,9644.717773,9596.648438,9552.482422,9551.092773,9494.503906,9482.969727,9451.495117,9431.868164,9428.813477,9386.726562,9366.741211,9348.923828,9345.012695,9336.853516,9331.675781,9328.572266,9303.464844,9273.319336,9269.887695,9247.000000,9234.047852,9228.466797,9226.759766,9221.554688,9175.066406,9167.937500,9115.666016,9109.277344,9101.560547,9050.323242,9026.637695,9013.161133,9012.036133,8996.464844,8993.572266,8964.253906,8946.807617,8935.243164,8931.240234,8919.081055,8901.599609,8874.003906,8857.192383,8855.630859,8854.636719,8841.993164,8828.553711,8827.881836,8812.687500,8800.121094,8795.916992,8758.202148,8749.000000,8743.872070,8737.418945,8725.454102,8713.583984,8696.607422,8694.263672,8691.271484,8663.725586,8658.388672,8656.697266,8647.087891,8639.535156,8632.393555,8629.685547,8624.148438,8621.885742,8621.885742]
}