{
"iteraciones": [20,40,60,80,100,120,140,160,180,200,220,240,260,280,300,320,340,360,380,400,420,440,460,480,500,540,560,580,600,620,640,660,680,700,720,760,780,800,820,840,860,880,900,920,980,1000,1020,1040,1060,1080,1100,1120,1140,1160,1180,1200,1220,1240,1260,1280,1300,1320,1340,1360,1400,1420,1440,1460,1480,1500,1520,1540,1560,1580,1600,1620,1640,1660,1680,1700,1720,1740,1760,1780,1820,1840,1860,1880,1900,1920,1940,1960,2000,2020,2040,2060,2080,2100,2120,2140,2160,2180,2200,2220,2240,2260,2280,2300,2320,2340,2360,2380,2400,2420,2440,2460,2480,2500,2520,2540,2560,2580,2600,2620,2640,2660,2680,2700,2720,2740,2760,2800,2820,2840,2860,2880,2900,2920,2940,2960,2980,3060,3080,3100,3120,3140,3160,3200,3260,3280,3340,3360,3380,3400,3420,3440,3480,3520,3560,3580,3600,3620,3640,3660,3680,3700,3720,3740,3760,3780,3800,3820,3840,3880,3920,3940,3960,4000,4020,4040,4060,4100,4140,4160,4180,4200,4220,4320,4340,4360,4380,4400,4420,4460,4480,4500,4540,4620,4640,4660,4700,4720,4740,4760,4780,4800,4880,4900,4920,4940,5000,5100,5120,5360,5480,5520,5540,5600,5620,5680,5700,5720,5920,5940,5960,6100,6200,6300,6360,6700,6740,6760,7220,7300,7500,7520,7760,8480,9240,9680,10160,10260,12400,15600],
"fitness": [15160.743164,14983.938477,14704.431641,14530.225586,14392.329102,14295.724609,14277.887695,14125.762695,14118.719727,14079.545898,14060.744141,14008.265625,13960.777344,13917.628906,13884.114258,13813.150391,13746.993164,13706.976562,13698.972656,13638.437500,13609.109375,13587.826172,13549.301758,13491.984375,13444.206055,13410.052734,13362.996094,13344.650391,13285.564453,13220.125977,13171.366211,13139.875977,13129.302734,13080.001953,13037.943359,13015.657227,13002.413086,12971.022461,12956.228516,12916.404297,12909.850586,12881.021484,12859.629883,12795.563477,12776.101562,12750.525391,12734.106445,12689.007812,12680.864258,12638.048828,12636.371094,12596.368164,12577.534180,12544.840820,12524.396484,12509.749023,12459.333008,12407.677734,12393.196289,12361.478516,12350.899414,12322.892578,12266.750977,12230.486328,12184.450195,12178.801758,12164.785156,12143.787109,12113.459961,12079.649414,12038.186523,12005.590820,11963.430664,11935.827148,11923.895508,11879.131836,11874.283203,11841.090820,11797.118164,11796.069336,11786.511719,11784.000000,11753.996094,11713.747070,11705.541016,11696.146484,11671.288086,11666.097656,11610.160156,11602.620117,11576.500977,11518.159180,11495.606445,11445.610352,11435.763672,11416.105469,11395.299805,11376.987305,11356.692383,11311.372070,11299.733398,11280.535156,11207.631836,11205.358398,11199.854492,11192.287109,11179.808594,11165.751953,11151.000000,11130.285156,11104.957031,11095.052734,11072.121094,11053.159180,11009.426758,11004.190430,10985.926758,10949.025391,10906.402344,10874.460938,10857.680664,10839.812500,10817.246094,10803.054688,10790.530273,10772.967773,10731.098633,10727.827148,10708.216797,10694.282227,10660.875977,10649.185547,10637.302734,10628.103516,10601.618164,10589.304688,10559.882812,10551.191406,10529.339844,10513.744141,10465.891602,10435.401367,10385.615234,10382.017578,10339.583008,10321.156250,10296.477539,10234.399414,10229.900391,10175.976562,10165.757812,10146.503906,10106.354492,10095.141602,10074.992188,10035.656250,10020.603516,9974.149414,9949.048828,9924.541016,9877.737305,9871.682617,9835.094727,9820.625000,9793.279297,9771.172852,9764.983398,9730.913086,9709.898438,9669.837891,9654.864258,9647.785156,9620.196289,9594.633789,9572.185547,9571.904297,9552.710938,9526.872070,9507.460938,9490.255859,9458.755859,9442.692383,9425.691406,9399.235352,9384.660156,9373.691406,9341.390625,9327.036133,9311.624023,9301.568359,9287.366211,9282.428711,9273.916016,9261.683594,9255.631836,9242.948242,9184.248047,9176.440430,9140.547852,9092.458008,9088.846680,9073.519531,9072.440430,9063.320312,9060.519531,9054.806641,9047.467773,9040.318359,9014.572266,9009.792969,8972.492188,8969.293945,8962.633789,8942.848633,8927.500977,8919.931641,8880.171875,8875.718750,8856.955078,8838.314453,8833.299805,8797.022461,8774.875000,8771.176758,8739.538086,8734.515625,8733.173828,8727.455078,8710.347656,8688.776367,8674.736328,8673.832031,8669.843750,8659.241211,8658.219727,8648.896484,8647.599609,8636.921875,8635.799805,8630.487305,8624.373047,8623.272461,8621.885742,8621.885742]
}