{
"iteraciones": [20,40,80,100,120,140,160,180,200,220,240,260,340,360,380,400,420,440,480,500,520,540,560,580,600,620,640,660,680,700,720,740,760,780,800,820,840,860,880,900,940,960,980,1000,1020,1040,1060,1080,1100,1120,1140,1180,1200,1220,1240,1280,1300,1320,1340,1360,1380,1400,1420,1440,1460,1480,1500,1520,1540,1560,1580,1620,1640,1660,1680,1700,1720,1740,1760,1780,1800,1820,1840,1860,1900,1920,1940,1960,1980,2000,2020,2060,2080,2100,2120,2140,2180,2240,2260,2300,2320,2340,2360,2380,2420,2460,2480,2520,2540,2560,2600,2620,2640,2680,2700,2720,2740,2760,2800,2840,2920,2940,2960,2980,3040,3060,3100,3120,3140,3160,3180,3200,3260,3280,3340,3360,3380,3400,3420,3440,3460,3480,3500,3540,3560,3580,3600,3620,3640,3740,3760,3780,3840,3860,3880,3900,3920,3960,3980,4000,4020,4040,4060,4080,4100,4120,4140,4160,4220,4260,4280,4360,4380,4400,4440,4460,4480,4500,4520,4540,4560,4580,4620,4660,4680,4700,4740,4800,4840,4880,4900,4920,4960,5020,5040,5080,5120,5160,5180,5200,5220,5240,5260,5280,5320,5340,5380,5460,5480,5500,5540,5560,5580,5600,5640,5660,5740,5760,5780,5800,5820,5840,5860,5880,5900,5920,5940,5960,6100,6120,6140,6160,6180,6200,6400,6460,6520,6540,6560,6580,6600,6620,6660,6680,6700,6720,6740,6820,6920,6940,7000,7020,7040,7060,7080,7100,7120,7140,7160,7180,7240,7260,7280,7300,7340,7700,7720,7900,7920,7980,8160,8180,8220,8260,8280,8560,8580,8600,8620,9200,9220,9800,10580,10600,10860,11560,11860,15060],
"fitness": [15338.018555,14915.887695,14674.918945,14603.397461,14522.778320,14409.930664,14395.776367,14243.771484,14178.902344,14134.284180,14085.911133,13935.879883,13890.000000,13844.902344,13785.097656,13769.908203,13723.604492,13666.489258,13637.264648,13566.195312,13560.971680,13514.936523,13486.863281,13436.993164,13374.068359,13334.188477,13287.705078,13232.749023,13226.780273,13179.227539,13143.018555,13085.954102,13015.750977,12994.041016,12971.100586,12924.382812,12894.791016,12884.654297,12862.250000,12828.024414,12802.463867,12763.796875,12719.901367,12712.909180,12692.920898,12670.170898,12620.208008,12564.256836,12541.347656,12499.564453,12439.596680,12423.796875,12385.879883,12353.638672,12327.625977,12317.321289,12308.395508,12284.287109,12262.717773,12239.827148,12208.065430,12204.242188,12187.519531,12167.941406,12146.680664,12135.248047,12094.091797,12080.387695,12070.769531,12055.265625,12031.144531,12023.987305,11994.143555,11954.352539,11947.461914,11923.222656,11906.060547,11899.714844,11893.229492,11889.148438,11882.712891,11865.327148,11859.000000,11796.409180,11792.002930,11747.991211,11724.968750,11712.545898,11699.121094,11681.000000,11670.154297,11665.227539,11649.710938,11645.948242,11634.831055,11612.685547,11600.261719,11595.987305,11586.379883,11578.194336,11566.471680,11562.912109,11536.166992,11524.869141,11504.042969,11483.454102,11475.373047,11468.243164,11460.999023,11452.634766,11434.937500,11422.707031,11407.766602,11401.837891,11396.042969,11385.316406,11375.128906,11357.875000,11348.445312,11338.986328,11334.757812,11331.772461,11321.300781,11319.190430,11306.243164,11298.068359,11289.999023,11278.110352,11252.995117,11248.766602,11231.000000,11192.171875,11171.754883,11169.059570,11166.992188,11157.973633,11147.569336,11137.794922,11133.031250,11125.368164,11118.023438,11114.049805,11107.675781,11099.752930,11072.847656,11060.365234,11059.484375,11052.906250,11038.422852,11027.188477,11015.412109,11010.194336,11007.119141,11000.213867,10997.395508,10994.535156,10978.815430,10964.511719,10955.970703,10938.554688,10934.417969,10912.030273,10907.212891,10897.242188,10886.933594,10867.208008,10852.316406,10842.506836,10837.645508,10820.722656,10794.250000,10762.696289,10761.266602,10748.146484,10735.690430,10725.649414,10706.041016,10697.638672,10686.188477,10670.384766,10669.471680,10663.407227,10646.236328,10638.972656,10621.678711,10605.259766,10579.548828,10567.385742,10561.849609,10547.275391,10545.379883,10535.374023,10530.580078,10529.544922,10512.542969,10499.783203,10480.493164,10476.036133,10474.066406,10470.888672,10444.066406,10424.298828,10396.938477,10381.262695,10365.076172,10337.296875,10318.404297,10309.561523,10299.827148,10275.385742,10271.994141,10254.932617,10238.437500,10224.550781,10205.188477,10157.037109,10148.309570,10108.381836,10100.781250,10095.642578,10079.115234,10072.897461,10047.557617,10045.991211,10041.670898,10028.704102,10024.457031,9992.586914,9981.024414,9954.247070,9925.367188,9914.583008,9875.759766,9858.739258,9830.624023,9809.257812,9797.791016,9767.358398,9766.290039,9718.627930,9716.774414,9703.033203,9701.113281,9692.656250,9682.774414,9672.629883,9653.214844,9644.940430,9635.494141,9621.776367,9618.868164,9616.228516,9614.651367,9606.553711,9599.617188,9595.179688,9592.622070,9586.895508,9564.460938,9556.126953,9550.024414,9539.425781,9517.757812,9515.857422,9469.380859,9430.727539,9426.932617,9416.036133,9411.142578,9405.699219,9396.895508,9391.380859,9385.567383,9380.497070,9376.939453,9370.326172,9357.131836,9353.641602,9349.305664,9348.084961,9347.508789,9341.324219,9324.991211,9323.780273,9321.973633,9320.367188,9317.697266,9317.697266]
}