{
"iteraciones": [20,40,60,80,100,120,140,160,180,200,220,240,260,280,300,320,340,360,380,420,440,460,480,500,520,540,560,580,600,620,640,660,680,700,720,740,760,780,800,820,840,860,880,900,920,940,960,980,1000,1020,1040,1060,1080,1100,1140,1160,1200,1220,1240,1260,1280,1300,1320,1340,1360,1380,1400,1420,1460,1480,1500,1520,1540,1560,1620,1640,1660,1680,1700,1720,1740,1760,1780,1800,1820,1840,1860,1880,1900,1920,1980,2020,2040,2060,2080,2100,2120,2140,2180,2200,2240,2260,2280,2300,2320,2340,2360,2380,2400,2420,2440,2500,2520,2540,2560,2580,2620,2640,2680,2700,2720,2740,2760,2780,2800,2860,2880,2900,2920,2960,2980,3000,3080,3100,3120,3140,3180,3200,3220,3240,3280,3340,3380,3400,3420,3440,3460,3520,3540,3560,3580,3600,3620,3640,3660,3680,3700,3720,3740,3760,3800,4000,4020,4040,4160,4180,4200,4220,4240,4320,4340,4360,4400,4460,4480,4520,4540,4580,4600,4620,4640,4660,4680,4700,4820,4840,4940,5160,5180,5280,5660,5980,6000,6280,6820,10020],
"fitness": [15405.401367,15276.750000,15170.251953,14831.363281,14744.565430,14351.439453,14324.880859,14209.606445,14060.385742,14044.046875,13901.544922,13819.232422,13763.449219,13702.503906,13645.159180,13591.180664,13516.637695,13464.388672,13392.262695,13334.283203,13291.239258,13242.227539,13195.023438,13159.389648,13111.844727,13066.137695,13021.306641,13020.306641,12983.956055,12967.000000,12930.660156,12885.609375,12863.835938,12830.178711,12805.676758,12803.501953,12746.332031,12736.821289,12674.728516,12640.036133,12626.594727,12595.789062,12564.239258,12540.943359,12521.963867,12475.875977,12468.677734,12459.000000,12411.924805,12390.714844,12301.093750,12283.116211,12194.390625,12161.287109,12150.523438,12086.327148,12055.889648,12047.895508,12030.117188,11987.817383,11979.574219,11953.612305,11915.900391,11895.504883,11871.894531,11867.517578,11823.061523,11760.530273,11735.927734,11719.863281,11674.590820,11585.604492,11573.385742,11506.507812,11488.864258,11464.531250,11426.030273,11411.055664,11384.857422,11354.434570,11337.068359,11304.918945,11303.600586,11289.380859,11275.883789,11267.728516,11240.466797,11222.780273,11187.266602,11149.088867,11077.561523,11044.816406,11036.591797,11012.210938,11003.241211,10966.462891,10953.835938,10932.652344,10910.534180,10861.548828,10838.277344,10797.547852,10757.242188,10718.273438,10684.836914,10680.349609,10668.480469,10649.623047,10624.111328,10605.377930,10552.104492,10518.573242,10498.068359,10473.896484,10423.083008,10396.532227,10386.112305,10317.079102,10294.089844,10293.444336,10274.000000,10258.911133,10257.924805,10223.152344,10202.988281,10175.882812,10122.363281,10087.463867,10038.473633,9963.678711,9941.301758,9911.667969,9902.043945,9880.308594,9862.764648,9853.897461,9850.558594,9843.456055,9800.473633,9777.275391,9734.171875,9690.827148,9687.700195,9645.252930,9608.153320,9573.625977,9533.993164,9521.794922,9499.684570,9454.675781,9415.143555,9397.686523,9380.387695,9364.011719,9328.948242,9294.365234,9270.930664,9261.906250,9239.848633,9198.389648,9159.132812,9135.118164,9126.828125,9079.640625,9075.142578,9056.764648,9043.438477,9026.109375,9022.364258,8995.477539,8970.362305,8943.852539,8922.491211,8907.970703,8856.101562,8845.073242,8820.277344,8770.014648,8761.666016,8759.155273,8755.856445,8753.291016,8744.562500,8742.857422,8741.557617,8736.387695,8701.869141,8687.396484,8685.214844,8663.972656,8655.527344,8646.005859,8638.918945,8636.188477,8629.685547,8629.685547]
}