{
"iteraciones": [20,40,60,80,120,140,160,180,200,220,240,260,280,300,320,340,360,380,400,420,440,460,480,500,520,560,580,600,620,640,660,680,700,720,740,760,780,800,820,840,860,880,900,920,940,960,980,1000,1020,1040,1060,1100,1120,1140,1160,1180,1200,1220,1240,1260,1280,1300,1320,1340,1360,1380,1400,1420,1440,1460,1480,1500,1520,1540,1560,1580,1600,1620,1640,1660,1680,1700,1720,1740,1760,1780,1800,1820,1840,1860,1880,1900,1940,1960,1980,2000,2020,2040,2060,2080,2100,2120,2140,2160,2180,2200,2220,2260,2280,2340,2360,2380,2400,2420,2460,2480,2500,2540,2580,2600,2620,2640,2660,2700,2720,2740,2760,2780,2800,2820,2840,2880,2900,2920,2980,3000,3020,3040,3060,3080,3100,3120,3160,3180,3200,3220,3240,3260,3280,3340,3420,3440,3460,3560,3580,3640,3780,3800,3820,3840,3920,4060,4080,4100,4120,4160,4420,4460,4480,4500,4880,4920,5000,5080,5120,6020,6320,7480,7500,7580,7600,10800],
"fitness": [15050.522461,14868.596680,14722.168945,14425.464844,14401.329102,14262.316406,14226.218750,14181.652344,14093.436523,14092.816406,13999.350586,13965.923828,13940.889648,13903.981445,13884.082031,13811.908203,13784.788086,13767.119141,13691.625000,13682.546875,13581.598633,13552.740234,13525.190430,13490.448242,13437.355469,13403.016602,13338.770508,13335.702148,13311.895508,13283.696289,13230.013672,13188.282227,13151.515625,13125.760742,13100.318359,13062.729492,13031.998047,12999.241211,12947.058594,12909.708984,12875.609375,12829.374023,12778.104492,12727.475586,12694.098633,12592.995117,12543.262695,12511.063477,12479.804688,12444.532227,12336.711914,12310.324219,12237.541992,12207.427734,12165.333008,12138.930664,12116.835938,12061.976562,12021.944336,12017.742188,11971.360352,11917.699219,11891.589844,11849.046875,11808.884766,11750.463867,11738.178711,11669.271484,11646.531250,11596.806641,11572.566406,11516.708984,11477.711914,11460.804688,11429.014648,11352.656250,11326.557617,11318.185547,11248.272461,11217.140625,11202.439453,11117.451172,11093.076172,11063.955078,11045.490234,10998.991211,10978.965820,10968.335938,10930.478516,10889.204102,10878.320312,10841.193359,10785.495117,10757.013672,10743.043945,10699.831055,10651.437500,10583.387695,10581.689453,10579.002930,10569.717773,10541.143555,10508.383789,10474.969727,10417.070312,10402.465820,10351.496094,10346.468750,10230.958008,10187.731445,10148.403320,10114.408203,10096.832031,10060.001953,10034.123047,10007.995117,9969.179688,9959.876953,9942.899414,9890.883789,9853.126953,9817.757812,9799.829102,9786.339844,9773.291016,9742.594727,9722.920898,9693.582031,9642.353516,9624.180664,9590.550781,9571.009766,9557.037109,9540.985352,9465.242188,9422.524414,9415.711914,9370.611328,9345.971680,9344.207031,9329.799805,9264.916016,9231.767578,9212.096680,9130.505859,9119.208984,9101.124023,9099.995117,9061.919922,9033.315430,9013.706055,8994.937500,8984.374023,8974.893555,8934.754883,8913.644531,8912.755859,8906.626953,8902.000000,8895.362305,8874.877930,8868.031250,8853.727539,8832.938477,8820.280273,8764.425781,8737.013672,8734.109375,8711.283203,8708.835938,8690.767578,8687.672852,8682.293945,8681.506836,8634.950195,8633.539062,8630.810547,8627.821289,8625.349609,8624.373047,8621.885742,8621.885742]
}