{
"iteraciones": [20,40,80,100,120,140,160,180,200,220,240,260,280,300,320,340,360,400,420,440,460,480,500,520,560,580,600,620,640,660,680,700,720,740,760,800,820,840,860,880,900,920,940,960,980,1000,1020,1040,1060,1080,1100,1120,1140,1160,1180,1200,1220,1240,1260,1280,1300,1320,1340,1360,1380,1400,1420,1440,1460,1480,1500,1520,1540,1560,1580,1600,1620,1660,1680,1700,1720,1740,1760,1780,1800,1820,1840,1880,1900,1920,1940,1960,1980,2040,2060,2080,2100,2120,2140,2160,2200,2220,2240,2260,2280,2300,2320,2340,2380,2420,2440,2520,2540,2560,2580,2600,2620,2640,2660,2680,2700,2720,2740,2760,2780,2800,2860,2880,2900,2920,2940,2960,2980,3000,3020,3040,3100,3120,3160,3180,3220,3240,3260,3360,3380,3400,3440,3460,3500,3520,3540,3560,3580,3660,3680,3720,3740,3760,3940,3960,4000,4020,4040,4100,4180,4200,4220,4240,4380,4400,4420,4480,4520,4540,4600,4620,4640,4680,4760,4800,4860,4880,5120,5160,5180,5280,5320,5380,5620,5720,5900,5920,5940,6020,6480,6500,6520,6540,6580,8160,8380,11580],
"fitness": [15074.231445,14799.235352,14596.220703,14449.360352,14386.237305,14301.771484,14195.477539,14143.533203,14141.420898,14070.557617,14025.576172,13989.441406,13886.939453,13882.837891,13814.072266,13786.237305,13747.987305,13726.778320,13698.000000,13633.412109,13558.284180,13543.144531,13461.765625,13397.794922,13359.179688,13329.422852,13313.989258,13292.832031,13275.711914,13241.810547,13229.834961,13189.908203,13158.197266,13138.985352,13068.587891,13031.569336,12996.145508,12960.363281,12940.634766,12903.960938,12866.883789,12802.350586,12760.178711,12669.532227,12637.638672,12586.658203,12557.791016,12527.504883,12502.477539,12490.338867,12467.213867,12433.996094,12411.094727,12348.660156,12318.807617,12309.724609,12282.136719,12240.481445,12202.722656,12156.483398,12154.054688,12101.851562,12072.488281,12032.610352,12019.388672,12017.625977,11974.120117,11951.490234,11925.718750,11919.994141,11896.399414,11878.323242,11839.334961,11824.477539,11794.609375,11789.990234,11765.033203,11724.775391,11702.023438,11676.066406,11651.932617,11622.230469,11607.097656,11600.726562,11562.842773,11532.426758,11491.113281,11466.415039,11439.184570,11408.216797,11380.000000,11362.000000,11309.288086,11287.194336,11243.962891,11237.411133,11215.291016,11194.249023,11180.968750,11159.800781,11143.506836,11117.739258,11111.783203,11099.987305,11063.933594,11060.980469,11019.428711,10984.020508,10959.974609,10952.693359,10885.794922,10879.332031,10847.061523,10809.389648,10781.340820,10731.982422,10723.481445,10649.472656,10630.868164,10605.537109,10589.516602,10587.051758,10578.126953,10575.259766,10566.665039,10527.487305,10497.795898,10493.334961,10479.400391,10466.614258,10445.948242,10421.248047,10417.793945,10388.268555,10360.774414,10306.838867,10294.895508,10284.404297,10273.482422,10214.384766,10189.789062,10174.492188,10126.117188,10113.198242,10090.952148,10072.629883,10061.868164,10043.501953,10018.617188,10003.228516,9988.039062,9960.202148,9954.282227,9944.770508,9928.690430,9916.910156,9893.041016,9871.729492,9867.593750,9836.400391,9819.210938,9794.827148,9786.689453,9762.323242,9760.861328,9736.250977,9723.148438,9674.614258,9668.734375,9657.776367,9619.579102,9595.748047,9585.841797,9556.888672,9543.550781,9541.313477,9509.182617,9498.349609,9480.684570,9472.738281,9454.990234,9426.574219,9424.920898,9419.243164,9414.993164,9408.811523,9407.822266,9401.610352,9400.413086,9398.941406,9395.641602,9394.351562,9387.106445,9364.614258,9353.560547,9345.000000,9344.948242,9320.629883,9317.697266,9316.383789,9315.638672,9315.000000]
}