{
"iteraciones": [20,40,60,80,120,140,160,180,200,220,240,260,280,300,340,380,400,420,440,460,480,500,520,540,560,580,600,640,680,700,720,740,760,780,820,840,860,880,900,920,940,960,980,1000,1020,1040,1060,1080,1100,1120,1140,1160,1180,1200,1220,1240,1260,1280,1300,1320,1340,1380,1400,1420,1440,1460,1480,1500,1520,1540,1580,1600,1620,1640,1660,1680,1700,1720,1740,1760,1780,1800,1820,1840,1860,1880,1900,1920,1940,1960,1980,2020,2040,2060,2100,2120,2140,2160,2180,2200,2220,2240,2260,2280,2300,2320,2360,2400,2420,2480,2500,2520,2540,2560,2580,2600,2660,2700,2720,2780,2800,2900,2920,2980,3000,3060,3120,3140,3160,3180,3220,3440,3460,3480,3520,3540,3600,3620,3800,3860,4080,4120,4140,4160,4180,4200,4220,4300,4320,4360,4380,4400,4420,4480,4540,4560,4600,4620,4660,4680,4700,4720,4740,4780,4800,4820,4840,4860,4880,4940,5020,5040,5060,5080,5100,5140,5160,5180,5200,5220,5240,5280,5300,5340,5360,5380,5400,5420,5480,5520,5540,5560,5580,5600,5620,5640,5660,5680,5700,5720,5740,5760,5780,5800,5820,5860,5880,5900,5920,5940,5960,5980,6000,6020,6040,6080,6100,6140,6180,6200,6220,6240,6260,6280,6320,6360,6380,6400,6420,6440,6460,6480,6500,6520,6540,6560,6580,6600,6620,6660,6680,6700,6720,6740,6760,6780,6800,6820,6840,6860,6880,6900,6920,6980,7000,7020,7040,7060,7080,7100,7140,7160,7180,7220,7240,7340,7360,7380,7400,7420,7440,7460,7480,7500,7520,7540,7560,7580,7600,7620,7640,7680,7700,7720,7740,7800,7820,7840,7860,7880,7900,7920,8020,8120,8180,8200,8260,8280,8300,8340,8380,8400,8420,8680,8980,9000,9020,9040,9060,9140,9380,9520,9540,9560,9580,10080,10100,11680,11720,11780,14980],
"fitness": [15373.835938,14933.321289,14895.817383,14680.201172,14537.000000,14512.400391,14389.010742,14264.730469,14245.779297,14213.750977,14156.666016,14128.562500,14087.357422,14019.583984,13926.059570,13910.790039,13832.191406,13827.992188,13763.425781,13740.526367,13678.189453,13634.250977,13625.176758,13556.417969,13526.355469,13473.265625,13412.479492,13334.058594,13292.428711,13288.500000,13247.635742,13215.410156,13176.902344,13137.699219,13086.381836,13044.114258,13011.458984,12975.517578,12939.342773,12876.070312,12859.000000,12851.493164,12819.708984,12811.703125,12779.767578,12774.574219,12732.527344,12719.876953,12698.391602,12675.738281,12651.117188,12631.466797,12579.159180,12576.444336,12516.879883,12490.823242,12488.842773,12470.628906,12444.490234,12434.390625,12386.824219,12367.912109,12335.361328,12297.332031,12267.488281,12264.163086,12237.353516,12224.206055,12212.509766,12178.339844,12157.140625,12140.346680,12128.449219,12112.779297,12103.250000,12087.323242,12084.869141,12026.187500,12020.913086,11991.598633,11986.303711,11968.749023,11943.965820,11934.980469,11923.702148,11915.056641,11887.359375,11865.483398,11846.157227,11844.535156,11808.544922,11778.555664,11759.312500,11752.339844,11739.417969,11724.000000,11691.850586,11682.859375,11671.764648,11669.322266,11656.514648,11635.390625,11616.026367,11615.880859,11610.066406,11609.083008,11589.705078,11581.175781,11549.463867,11540.283203,11506.691406,11492.307617,11483.982422,11472.068359,11463.896484,11457.305664,11446.000000,11440.796875,11435.139648,11432.040039,11412.700195,11411.778320,11385.512695,11383.000000,11380.652344,11371.769531,11363.169922,11362.059570,11348.000000,11342.022461,11330.316406,11329.336914,11315.753906,11309.884766,11297.093750,11292.815430,11290.568359,11271.357422,11253.595703,11242.680664,11235.425781,11228.926758,11220.609375,11216.692383,11214.206055,11211.000000,11205.852539,11203.698242,11197.130859,11196.523438,11191.074219,11188.785156,11172.790039,11170.318359,11165.665039,11156.068359,11154.216797,11137.655273,11131.886719,11118.669922,11114.346680,11113.775391,11099.274414,11090.386719,11078.313477,11069.412109,11066.259766,11061.972656,11058.428711,11049.701172,11043.917969,11033.527344,11030.578125,11010.646484,11004.924805,10998.000000,10990.095703,10971.318359,10966.125977,10953.960938,10923.527344,10907.431641,10891.875000,10883.015625,10876.667969,10860.193359,10841.308594,10831.258789,10822.207031,10807.659180,10799.088867,10784.176758,10781.743164,10773.662109,10766.144531,10757.685547,10755.268555,10752.451172,10723.943359,10720.733398,10693.551758,10679.648438,10669.738281,10647.249023,10635.244141,10633.072266,10619.981445,10603.894531,10600.197266,10575.419922,10558.641602,10556.125977,10552.635742,10521.896484,10506.081055,10500.355469,10484.347656,10450.423828,10436.050781,10413.995117,10386.901367,10371.801758,10346.316406,10328.134766,10301.674805,10271.804688,10268.203125,10243.423828,10227.000000,10201.474609,10182.554688,10176.349609,10172.541992,10152.195312,10151.493164,10126.314453,10099.238281,10075.131836,10060.686523,10022.739258,10018.955078,10006.152344,9989.209961,9982.034180,9975.212891,9954.793945,9932.894531,9885.549805,9858.936523,9844.048828,9812.793945,9801.101562,9770.592773,9756.507812,9715.944336,9703.026367,9669.362305,9660.281250,9619.311523,9591.344727,9572.027344,9571.110352,9555.074219,9552.999023,9488.810547,9471.955078,9439.290039,9412.299805,9407.363281,9351.871094,9317.209961,9292.176758,9285.176758,9280.028320,9256.954102,9219.000000,9207.828125,9170.475586,9158.969727,9145.604492,9133.748047,9111.834961,9097.832031,9077.214844,9059.969727,9046.567383,9034.468750,9013.722656,9003.892578,8980.430664,8969.176758,8967.676758,8965.585938,8958.808594,8941.173828,8915.548828,8909.247070,8888.019531,8883.205078,8865.093750,8846.009766,8829.428711,8827.245117,8795.016602,8731.066406,8725.869141,8696.721680,8694.064453,8692.853516,8685.154297,8674.316406,8671.157227,8660.823242,8647.525391,8644.288086,8636.815430,8632.393555,8630.659180,8624.148438,8621.885742,8621.885742]
}