{
"iteraciones": [20,40,60,80,100,120,140,160,180,200,220,240,260,280,320,340,360,380,400,420,460,480,500,520,540,560,580,600,620,640,660,700,720,740,760,780,820,840,880,900,920,940,960,980,1000,1020,1040,1060,1080,1100,1120,1140,1160,1180,1200,1220,1240,1260,1280,1300,1320,1340,1360,1380,1400,1420,1440,1460,1480,1500,1520,1540,1560,1580,1600,1620,1640,1660,1700,1720,1740,1760,1780,1800,1840,1880,1900,1920,1940,1960,1980,2000,2040,2080,2100,2120,2140,2160,2180,2200,2220,2240,2280,2360,2380,2400,2420,2440,2460,2500,2520,2540,2560,2580,2600,2620,2640,2660,2680,2700,2720,2740,2760,2780,2800,2820,2840,2860,2940,2960,2980,3000,3020,3040,3100,3140,3160,3180,3200,3220,3240,3260,3300,3320,3340,3360,3380,3400,3420,3480,3500,3520,3540,3560,3580,3600,3620,3640,3660,3700,3720,3760,3840,3860,3900,4020,4080,4100,4120,4140,4180,4200,4220,4240,4260,4280,4300,4320,4340,4380,4420,4460,4580,4600,4640,4800,5040,5060,5080,5100,5120,5160,5180,5200,5240,5260,5280,5520,5860,6280,6560,6580,6660,9340,12540],
"fitness": [15329.895508,15125.794922,14883.959961,14739.924805,14495.954102,14318.983398,14256.655273,14167.335938,14113.317383,14058.816406,14052.594727,13979.213867,13929.397461,13844.944336,13782.283203,13744.708984,13718.437500,13679.033203,13651.891602,13523.067383,13518.488281,13412.924805,13378.367188,13342.862305,13280.562500,13253.204102,13230.484375,13170.961914,13111.786133,13057.931641,12997.676758,12959.037109,12940.005859,12900.733398,12872.422852,12811.247070,12780.870117,12710.219727,12695.696289,12631.356445,12612.885742,12570.310547,12534.118164,12496.378906,12482.066406,12443.680664,12411.295898,12371.276367,12346.700195,12329.586914,12304.000000,12276.914062,12242.826172,12195.898438,12175.887695,12137.820312,12110.574219,12056.244141,11976.650391,11939.666016,11908.117188,11836.207031,11809.916992,11762.396484,11735.370117,11727.404297,11690.405273,11642.750000,11632.868164,11598.706055,11580.491211,11526.625000,11522.044922,11483.327148,11457.207031,11451.000000,11418.078125,11355.484375,11338.138672,11337.859375,11303.454102,11271.854492,11227.450195,11201.414062,11181.466797,11145.709961,11132.465820,11122.282227,11094.804688,11049.097656,11048.945312,11020.734375,10982.972656,10981.239258,10940.780273,10926.954102,10893.143555,10866.837891,10852.082031,10786.616211,10767.855469,10725.097656,10665.863281,10655.241211,10636.559570,10601.650391,10594.580078,10585.306641,10535.312500,10509.327148,10498.208008,10462.631836,10414.115234,10361.076172,10345.660156,10330.755859,10324.657227,10281.909180,10268.395508,10265.358398,10242.627930,10223.849609,10191.217773,10187.499023,10156.807617,10141.521484,10122.757812,10050.156250,10046.472656,9989.564453,9969.788086,9939.815430,9936.837891,9900.851562,9864.873047,9842.117188,9818.791016,9789.628906,9776.597656,9715.752930,9699.237305,9649.339844,9633.227539,9623.277344,9613.864258,9605.474609,9562.079102,9551.623047,9531.333984,9517.802734,9486.041992,9460.820312,9438.896484,9432.520508,9411.032227,9402.735352,9364.313477,9342.581055,9318.538086,9297.495117,9288.315430,9285.394531,9284.838867,9253.007812,9246.244141,9235.181641,9202.875000,9198.204102,9191.463867,9158.626953,9149.592773,9145.247070,9117.340820,9104.948242,9098.099609,9091.114258,9073.229492,9067.648438,9048.327148,9002.482422,8995.160156,8962.925781,8935.840820,8928.838867,8895.374023,8861.604492,8848.805664,8810.071289,8785.219727,8779.827148,8777.638672,8763.588867,8761.716797,8740.635742,8729.709961,8717.336914,8699.260742,8695.408203,8692.707031,8666.287109,8656.573242,8653.000000,8650.482422,8627.891602,8627.891602]
}