{
"iteraciones": [20,40,60,80,100,140,160,180,200,240,280,300,320,340,360,380,400,420,440,460,480,500,520,540,560,580,600,620,640,660,680,700,720,740,760,780,800,820,840,860,880,900,920,940,960,980,1000,1020,1040,1060,1080,1100,1120,1140,1160,1180,1200,1220,1240,1260,1280,1300,1320,1340,1360,1400,1440,1460,1480,1500,1520,1540,1560,1600,1620,1640,1660,1680,1740,1760,1780,1800,1820,1840,1860,1880,1900,1940,1960,1980,2000,2020,2040,2060,2080,2120,2140,2160,2200,2220,2240,2260,2280,2300,2320,2340,2360,2380,2400,2420,2440,2480,2520,2560,2580,2600,2620,2640,2660,2680,2700,2720,2760,2780,2800,2820,2840,2860,2880,2900,2940,2960,3000,3020,3040,3060,3080,3120,3140,3180,3260,3300,3340,3360,3380,3420,3440,3480,3500,3520,3540,3560,3580,3600,3620,3640,3660,3680,3700,3720,3780,3820,3840,3880,3920,3960,3980,4000,4100,4140,4160,4240,4260,4300,4360,4380,4520,4540,4560,4600,4640,4660,4680,4700,4720,4740,4780,4880,5200,5240,5440,5720,5740,5760,5820,5880,6160,6220,6240,6780,7500,8880,9140,12340],
"fitness": [15374.763672,15152.435547,14923.219727,14679.123047,14386.071289,14231.498047,14131.998047,13971.457031,13906.161133,13740.077148,13657.675781,13631.927734,13568.236328,13515.203125,13460.179688,13417.732422,13393.824219,13347.094727,13317.325195,13302.276367,13240.583984,13215.784180,13161.625000,13120.236328,13105.859375,13077.277344,13032.936523,13002.574219,12975.541016,12956.135742,12915.458008,12881.981445,12858.007812,12817.708008,12780.626953,12774.355469,12708.690430,12693.865234,12666.876953,12647.319336,12625.297852,12607.078125,12556.216797,12555.130859,12518.864258,12494.281250,12481.598633,12458.933594,12389.823242,12373.076172,12326.410156,12318.411133,12288.037109,12271.691406,12252.290039,12209.469727,12187.126953,12157.912109,12119.203125,12102.947266,12063.003906,12052.515625,12036.958984,12004.790039,11967.658203,11922.170898,11904.081055,11872.385742,11863.501953,11838.420898,11814.000000,11788.483398,11745.918945,11739.001953,11697.643555,11687.087891,11656.258789,11625.125000,11617.986328,11604.451172,11583.222656,11533.095703,11525.218750,11508.000000,11463.300781,11447.283203,11427.380859,11425.557617,11414.623047,11391.048828,11380.464844,11365.083008,11346.452148,11335.000000,11290.390625,11268.092773,11230.622070,11186.849609,11180.177734,11143.557617,11130.400391,11119.471680,11093.185547,11074.614258,11058.362305,11043.494141,11037.864258,11018.636719,11007.013672,10957.945312,10940.869141,10914.265625,10886.807617,10870.053711,10863.300781,10839.430664,10821.299805,10812.327148,10786.584961,10767.861328,10760.549805,10704.656250,10696.848633,10666.061523,10643.185547,10630.052734,10620.608398,10605.479492,10593.680664,10564.538086,10540.768555,10497.758789,10487.697266,10460.147461,10448.712891,10433.885742,10372.787109,10339.273438,10330.273438,10293.587891,10263.766602,10225.173828,10196.850586,10175.026367,10129.194336,10112.985352,10094.002930,10083.710938,10069.716797,10055.804688,10051.964844,10034.437500,10026.609375,10011.112305,10002.594727,9999.189453,9961.280273,9936.895508,9878.348633,9867.933594,9857.172852,9828.989258,9818.935547,9795.299805,9770.371094,9765.362305,9745.510742,9737.201172,9726.913086,9723.817383,9694.770508,9681.131836,9650.700195,9640.839844,9638.239258,9611.312500,9600.535156,9593.850586,9576.157227,9554.802734,9549.081055,9527.527344,9493.743164,9479.344727,9459.014648,9456.049805,9436.057617,9425.481445,9396.237305,9393.243164,9387.274414,9375.427734,9362.108398,9359.000000,9348.731445,9342.919922,9341.516602,9332.000000,9329.458984,9327.048828,9318.666016,9317.973633,9315.907227,9315.638672]
}