{
"iteraciones": [20,60,80,100,120,140,160,180,200,220,240,280,320,340,360,380,400,420,440,460,480,500,520,540,560,580,600,620,640,660,700,720,740,760,780,800,840,860,880,900,920,940,960,980,1000,1020,1040,1080,1100,1120,1140,1160,1180,1200,1220,1240,1260,1280,1300,1320,1340,1360,1380,1400,1420,1440,1460,1480,1500,1520,1540,1560,1580,1600,1620,1640,1660,1680,1700,1720,1740,1760,1780,1800,1820,1840,1860,1880,1900,1920,1940,1960,1980,2020,2040,2080,2100,2120,2140,2160,2180,2200,2240,2260,2320,2340,2360,2380,2400,2440,2460,2480,2500,2520,2560,2580,2600,2620,2640,2660,2680,2700,2760,2800,2820,2840,2880,2900,2920,2940,2980,3000,3020,3040,3060,3080,3120,3140,3160,3200,3220,3240,3260,3300,3320,3340,3360,3380,3480,3500,3520,3540,3580,3600,3620,3640,3660,3680,3700,3720,3740,3760,3780,3800,3820,3840,3860,3880,3900,3920,3980,4000,4020,4040,4060,4120,4140,4180,4200,4220,4240,4260,4280,4300,4320,4380,4400,4420,4440,4460,4480,4500,4540,4600,4620,4660,4700,4720,4740,4760,4820,4840,4860,4920,4980,5000,5060,5100,5120,5160,5200,5220,5280,5380,5400,5420,5440,5560,5620,5700,5720,5740,6000,6100,6160,6200,6220,6240,6260,6400,6420,6560,7120,7140,7220,7240,7300,7980,8540,8820,11580,14780],
"fitness": [15204.456055,14835.418945,14779.822266,14540.750977,14470.349609,14307.900391,14192.522461,14130.557617,14083.241211,14079.731445,13991.311523,13891.647461,13829.603516,13788.638672,13763.668945,13714.289062,13702.088867,13662.552734,13631.639648,13607.688477,13539.161133,13475.267578,13463.020508,13403.892578,13374.992188,13329.457031,13303.849609,13294.415039,13234.724609,13182.300781,13139.816406,13080.695312,13053.613281,13030.429688,13024.236328,12983.727539,12948.978516,12930.887695,12895.721680,12845.196289,12844.047852,12801.342773,12766.583008,12748.926758,12713.182617,12711.550781,12659.200195,12614.945312,12587.033203,12539.644531,12491.164062,12471.578125,12445.548828,12385.735352,12358.000000,12342.584961,12309.234375,12289.000000,12260.294922,12237.941406,12196.053711,12189.352539,12151.470703,12147.393555,12146.655273,12139.015625,12130.600586,12115.767578,12093.524414,12081.778320,12063.883789,12051.322266,12024.997070,12021.732422,11974.084961,11973.350586,11941.022461,11930.717773,11909.281250,11894.246094,11857.996094,11826.592773,11801.788086,11780.310547,11764.496094,11723.172852,11715.406250,11669.036133,11647.830078,11640.297852,11610.056641,11596.791992,11576.799805,11559.713867,11507.836914,11505.537109,11487.000000,11472.363281,11465.491211,11431.198242,11408.172852,11407.103516,11406.659180,11391.825195,11378.256836,11374.332031,11356.776367,11348.033203,11314.031250,11302.514648,11290.022461,11262.341797,11237.119141,11209.189453,11197.812500,11170.043945,11154.815430,11143.303711,11124.010742,11121.594727,11094.427734,11092.046875,11051.771484,11044.541992,10999.755859,10965.290039,10923.253906,10914.226562,10895.270508,10860.094727,10838.977539,10803.789062,10797.870117,10793.875000,10753.055664,10739.912109,10726.404297,10710.911133,10673.353516,10671.980469,10644.799805,10638.000977,10619.485352,10607.782227,10585.040039,10555.876953,10550.178711,10485.497070,10475.791992,10442.595703,10430.058594,10408.198242,10399.543945,10382.000000,10365.599609,10334.916016,10324.651367,10308.260742,10296.790039,10280.272461,10274.844727,10258.402344,10235.771484,10205.459961,10196.149414,10178.524414,10093.600586,10073.127930,10040.847656,9978.923828,9946.275391,9930.183594,9918.556641,9914.680664,9880.323242,9865.327148,9838.745117,9816.979492,9784.055664,9760.133789,9737.365234,9699.932617,9687.460938,9671.819336,9624.580078,9610.102539,9599.095703,9555.070312,9534.874023,9505.693359,9497.190430,9466.722656,9457.239258,9456.411133,9427.461914,9391.707031,9387.457031,9346.224609,9313.890625,9294.271484,9260.621094,9245.777344,9226.807617,9211.652344,9194.048828,9164.418945,9155.939453,9145.159180,9125.910156,9113.968750,9077.765625,9054.817383,9035.979492,9008.444336,9004.173828,8986.749023,8983.203125,8921.315430,8881.253906,8878.314453,8857.791992,8856.542969,8844.745117,8843.456055,8819.821289,8810.510742,8803.897461,8779.848633,8777.716797,8764.554688,8762.782227,8750.459961,8728.521484,8714.999023,8711.713867,8682.723633,8675.125977,8669.928711,8666.010742,8636.327148,8621.885742,8621.885742]
}