{
"iteraciones": [20,40,60,80,100,140,160,180,200,220,240,260,280,300,320,340,360,380,400,420,460,480,500,520,540,560,580,600,620,640,660,680,700,720,740,760,780,800,820,840,860,880,900,920,940,960,980,1000,1020,1040,1060,1080,1100,1120,1140,1160,1180,1200,1220,1240,1260,1280,1300,1320,1340,1360,1400,1420,1440,1460,1480,1500,1520,1540,1560,1580,1600,1620,1640,1660,1680,1700,1720,1760,1780,1800,1820,1840,1860,1880,1900,1920,1940,1960,1980,2000,2020,2040,2060,2080,2100,2120,2160,2180,2200,2220,2240,2260,2280,2300,2340,2360,2380,2440,2460,2480,2520,2580,2600,2620,2640,2660,2720,2740,2760,2780,2800,2840,2860,2880,2900,2980,3000,3020,3080,3100,3140,3160,3180,3200,3220,3240,3280,3300,3320,3340,3360,3400,3420,3440,3480,3500,3520,3540,3560,3580,3600,3620,3640,3700,3740,3800,3840,3860,3900,3920,3940,3960,3980,4000,4060,4100,4120,4140,4160,4180,4200,4220,4320,4440,4740,4760,4780,4820,5020,5040,5060,5100,5120,5140,5240,5260,5280,5340,5380,5500,5600,5620,5800,6060,6220,6240,6520,7080,7540,7560,7580,7720,8440,9020,11420,14620],
"fitness": [15348.338867,14907.677734,14866.811523,14767.047852,14602.468750,14484.840820,14410.413086,14379.329102,14253.654297,14202.900391,14162.044922,14137.250000,14097.020508,14064.029297,14046.575195,14008.906250,13981.873047,13939.847656,13889.968750,13826.940430,13754.521484,13741.689453,13697.402344,13631.761719,13619.714844,13578.258789,13550.835938,13502.582031,13430.295898,13417.517578,13360.041016,13337.889648,13256.046875,13255.832031,13204.445312,13181.428711,13156.000000,13119.851562,13060.832031,12976.947266,12930.552734,12927.943359,12880.376953,12846.400391,12826.297852,12797.575195,12734.312500,12720.127930,12670.274414,12652.510742,12589.337891,12555.118164,12499.665039,12494.618164,12480.738281,12438.359375,12396.041016,12387.608398,12346.787109,12303.883789,12254.482422,12219.514648,12195.059570,12157.406250,12093.548828,12037.306641,12016.820312,11941.607422,11924.392578,11911.287109,11867.616211,11817.326172,11804.557617,11764.027344,11750.971680,11722.600586,11649.032227,11638.861328,11576.819336,11574.706055,11517.805664,11463.862305,11442.246094,11385.574219,11343.962891,11277.359375,11269.499023,11240.015625,11208.536133,11183.010742,11136.710938,11080.872070,11069.345703,11024.430664,10992.833008,10986.474609,10975.461914,10950.668945,10925.262695,10920.705078,10890.048828,10847.197266,10781.707031,10756.579102,10751.452148,10726.899414,10685.513672,10664.346680,10642.314453,10594.477539,10553.552734,10527.104492,10467.842773,10452.235352,10402.332031,10368.299805,10326.600586,10297.783203,10277.252930,10249.771484,10229.291016,10215.619141,10184.695312,10179.615234,10146.451172,10136.641602,10131.054688,10108.224609,10086.491211,10084.084961,10041.898438,10024.748047,9987.893555,9945.625000,9933.667969,9859.993164,9853.496094,9785.767578,9780.569336,9761.079102,9755.788086,9678.997070,9675.645508,9666.012695,9630.073242,9618.020508,9599.826172,9569.020508,9558.635742,9529.011719,9514.599609,9478.749023,9476.515625,9466.340820,9445.561523,9430.340820,9408.000000,9391.615234,9346.577148,9297.642578,9254.291016,9228.247070,9218.133789,9184.798828,9170.440430,9159.165039,9155.006836,9145.884766,9141.143555,9122.565430,9095.396484,9094.568359,9060.617188,9051.178711,9036.676758,9023.201172,9021.029297,9010.624023,8998.306641,8941.976562,8913.258789,8893.885742,8888.560547,8869.798828,8818.731445,8800.088867,8794.723633,8776.026367,8775.878906,8768.363281,8758.116211,8748.941406,8729.584961,8718.217773,8716.665039,8713.060547,8711.056641,8709.779297,8708.516602,8701.948242,8697.990234,8694.000000,8685.158203,8665.310547,8663.436523,8655.765625,8630.554688,8626.612305,8625.215820,8624.148438,8621.885742,8621.885742]
}