{
"iteraciones": [20,40,60,80,100,120,140,160,180,200,220,240,260,280,300,320,340,360,380,400,440,460,480,500,520,540,560,580,600,640,660,680,700,720,740,760,780,800,820,840,860,880,900,920,940,960,980,1020,1040,1060,1080,1100,1120,1140,1160,1180,1200,1220,1240,1260,1280,1300,1320,1340,1360,1380,1400,1420,1440,1460,1480,1500,1520,1540,1560,1580,1600,1620,1640,1660,1680,1700,1720,1740,1760,1780,1800,1820,1840,1860,1880,1900,1920,1940,1960,1980,2000,2020,2040,2060,2080,2100,2120,2160,2180,2200,2240,2260,2280,2300,2320,2360,2380,2400,2420,2440,2480,2500,2520,2540,2560,2580,2600,2620,2640,2740,2760,2780,2800,2820,2860,2880,2900,2920,2940,2960,2980,3020,3040,3080,3140,3180,3200,3220,3260,3300,3320,3340,3360,3400,3420,3440,3460,3480,3500,3520,3540,3560,3580,3600,3620,3640,3680,3700,3720,3740,3760,3800,3820,3840,3860,3880,3900,3920,3940,3980,4000,4020,4040,4060,4080,4100,4120,4140,4160,4200,4260,4280,4300,4340,4360,4380,4420,4440,4460,4500,4520,4540,4560,4580,4600,4620,4640,4660,4680,4700,4720,4740,4760,4780,4800,4820,4880,4900,4920,4940,4980,5000,5020,5060,5080,5100,5160,5180,5200,5220,5240,5280,5300,5320,5340,5360,5380,5400,5460,5480,5540,5560,5580,5620,5660,5700,5760,5780,5800,5820,5840,5860,5880,5900,5960,5980,6060,6080,6100,6120,6140,6180,6220,6240,6280,6340,6360,6380,6420,6540,6580,6740,6760,7020,7080,7160,7180,7240,7260,7300,7620,8100,8160,8380,8860,8900,8980,9260,9300,10280,12440,15640],
"fitness": [15188.769531,15093.093750,14917.511719,14777.067383,14580.309570,14434.245117,14366.150391,14262.809570,14227.560547,14197.827148,14110.565430,14073.220703,14016.895508,13999.731445,13953.991211,13897.980469,13836.432617,13818.606445,13753.317383,13691.316406,13689.444336,13657.531250,13641.394531,13625.681641,13592.000000,13529.042969,13484.994141,13451.000000,13358.429688,13342.157227,13280.286133,13279.083008,13203.491211,13162.831055,13125.470703,13065.664062,13045.614258,13030.538086,13021.708008,12983.013672,12954.653320,12900.661133,12861.755859,12846.152344,12789.668945,12734.038086,12702.750977,12683.652344,12657.227539,12648.808594,12625.000000,12590.033203,12558.720703,12531.801758,12505.111328,12487.171875,12449.432617,12436.541992,12419.338867,12405.380859,12377.739258,12364.420898,12336.518555,12315.965820,12283.203125,12253.708984,12219.355469,12199.797852,12175.633789,12145.758789,12141.253906,12138.756836,12134.752930,12096.284180,12067.655273,12052.445312,12022.806641,12003.507812,11979.525391,11957.697266,11955.958984,11930.578125,11906.413086,11883.089844,11879.385742,11855.882812,11850.124023,11827.117188,11818.323242,11812.595703,11767.539062,11733.431641,11701.786133,11684.258789,11646.578125,11627.475586,11607.880859,11587.173828,11568.876953,11555.663086,11545.923828,11528.504883,11513.301758,11498.473633,11461.566406,11455.987305,11417.167969,11403.518555,11377.739258,11355.765625,11334.808594,11320.453125,11310.586914,11295.848633,11285.747070,11280.106445,11270.064453,11259.715820,11249.750977,11234.084961,11225.240234,11223.973633,11215.700195,11210.676758,11189.909180,11185.227539,11184.352539,11183.988281,11179.478516,11162.583984,11158.451172,11156.816406,11148.491211,11142.967773,11141.496094,11124.582031,11112.878906,11087.535156,11049.115234,11041.140625,11025.707031,11006.637695,10999.082031,10981.515625,10959.858398,10944.537109,10940.010742,10938.882812,10922.731445,10916.939453,10899.626953,10874.129883,10865.399414,10850.046875,10848.623047,10839.204102,10832.304688,10818.738281,10811.466797,10804.805664,10795.418945,10766.485352,10761.696289,10743.442383,10736.546875,10720.728516,10715.775391,10707.165039,10692.945312,10690.979492,10674.535156,10665.000000,10639.032227,10618.384766,10598.453125,10584.644531,10568.970703,10556.265625,10548.497070,10537.185547,10512.608398,10506.602539,10470.850586,10462.122070,10418.552734,10415.155273,10391.594727,10383.084961,10352.555664,10329.148438,10312.770508,10295.212891,10289.806641,10275.440430,10242.550781,10227.858398,10213.375977,10210.466797,10201.247070,10179.997070,10165.439453,10151.946289,10144.763672,10131.377930,10111.538086,10096.270508,10087.268555,10062.821289,10049.518555,10033.713867,10024.563477,9994.313477,9981.610352,9962.418945,9937.252930,9891.146484,9883.946289,9861.033203,9814.282227,9793.430664,9782.564453,9761.521484,9746.411133,9741.003906,9711.884766,9693.587891,9667.192383,9635.518555,9626.612305,9586.189453,9568.708984,9525.438477,9505.500977,9504.562500,9475.444336,9463.142578,9453.500977,9411.289062,9377.520508,9350.972656,9316.549805,9273.200195,9264.805664,9243.560547,9198.410156,9183.180664,9161.349609,9157.119141,9111.987305,9081.634766,9078.549805,9056.424805,9010.678711,9006.395508,8995.314453,8957.900391,8954.930664,8946.831055,8939.120117,8936.148438,8902.906250,8890.547852,8868.875977,8851.261719,8849.926758,8808.359375,8773.893555,8762.017578,8757.011719,8749.789062,8725.632812,8713.997070,8706.205078,8700.201172,8692.453125,8691.063477,8686.530273,8677.421875,8671.131836,8668.091797,8662.593750,8661.166016,8657.628906,8641.597656,8630.710938,8624.148438,8621.885742,8621.885742]
}