{
"iteraciones": [20,60,80,100,120,140,160,180,200,220,240,260,300,320,340,360,380,400,420,440,460,480,520,540,560,580,600,620,640,660,680,700,720,740,760,780,800,820,840,860,880,900,920,940,960,980,1000,1020,1040,1060,1080,1100,1120,1140,1160,1180,1220,1240,1260,1280,1300,1320,1340,1360,1380,1400,1420,1440,1460,1480,1500,1520,1540,1560,1580,1600,1620,1640,1660,1680,1700,1740,1760,1780,1800,1820,1840,1860,1880,1900,1920,1940,1960,1980,2000,2020,2040,2060,2080,2100,2120,2140,2160,2200,2220,2240,2260,2280,2300,2320,2340,2360,2380,2400,2440,2460,2480,2520,2540,2560,2580,2600,2620,2640,2660,2680,2700,2720,2740,2760,2780,2820,2860,2880,2900,2920,2940,2960,2980,3000,3020,3040,3080,3100,3120,3140,3160,3180,3200,3220,3240,3260,3280,3300,3340,3380,3400,3420,3440,3460,3500,3520,3560,3600,3620,3680,3780,3800,3820,3840,3860,3880,3960,4420,4440,4460,4520,4540,4780,4800,4820,4920,5260,5280,5400,5720,5740,5780,5800,6060,6080,6100,6140,6160,6420,6500,6560,6700,7120,10320,13520],
"fitness": [15235.576172,14999.472656,14812.430664,14639.580078,14626.088867,14512.383789,14403.677734,14367.352539,14304.074219,14199.568359,14182.283203,14078.816406,14036.475586,13991.708984,13915.856445,13908.213867,13869.187500,13833.663086,13788.107422,13693.199219,13679.553711,13595.791992,13561.729492,13495.552734,13463.305664,13433.209961,13395.598633,13376.636719,13351.266602,13293.726562,13283.228516,13225.826172,13202.947266,13176.891602,13142.080078,13110.902344,13095.859375,13045.592773,12998.173828,12974.000000,12936.708008,12878.517578,12829.274414,12779.813477,12771.275391,12719.215820,12696.412109,12651.696289,12642.339844,12597.360352,12530.787109,12512.981445,12474.652344,12403.523438,12384.492188,12275.521484,12268.455078,12205.392578,12200.884766,12155.293945,12121.228516,12074.433594,12053.232422,12000.884766,11954.656250,11923.032227,11896.185547,11830.010742,11807.927734,11756.400391,11717.136719,11686.911133,11617.000977,11591.206055,11561.960938,11559.161133,11513.449219,11479.024414,11430.309570,11420.405273,11383.000000,11342.087891,11320.333984,11317.547852,11273.979492,11238.025391,11204.055664,11149.416016,11140.174805,11054.758789,10996.986328,10968.121094,10940.025391,10907.103516,10854.983398,10818.027344,10788.812500,10730.947266,10723.174805,10682.188477,10671.653320,10643.570312,10544.717773,10525.838867,10447.691406,10428.352539,10409.021484,10367.358398,10340.989258,10318.112305,10307.433594,10276.975586,10244.135742,10200.795898,10171.054688,10157.482422,10115.670898,10096.706055,10084.044922,10022.617188,9990.156250,9914.541992,9904.507812,9884.584961,9835.861328,9814.319336,9779.475586,9773.109375,9748.076172,9738.683594,9712.506836,9706.669922,9695.180664,9684.149414,9609.375977,9585.687500,9553.961914,9514.777344,9493.964844,9456.468750,9442.505859,9425.922852,9421.166016,9402.460938,9377.387695,9352.864258,9322.992188,9318.212891,9302.805664,9295.932617,9233.762695,9220.195312,9215.397461,9208.589844,9196.969727,9181.315430,9178.847656,9148.806641,9134.091797,9106.343750,9104.872070,9073.088867,9065.514648,9058.965820,9055.202148,9025.780273,9022.421875,9005.195312,8974.265625,8969.929688,8956.605469,8945.040039,8937.182617,8934.338867,8919.568359,8916.010742,8914.674805,8864.594727,8861.404297,8819.000000,8817.989258,8815.920898,8812.000000,8809.685547,8785.027344,8755.000977,8741.782227,8707.289062,8696.153320,8682.152344,8674.637695,8656.304688,8653.241211,8649.267578,8645.792969,8637.990234,8630.140625,8629.929688,8624.148438,8621.885742,8621.885742]
}