{
"iteraciones": [20,40,60,100,120,140,180,200,220,240,260,280,300,320,340,360,380,400,420,440,460,480,500,520,540,560,580,600,620,640,660,680,700,720,740,780,800,820,840,860,900,920,940,960,980,1000,1020,1040,1060,1080,1100,1120,1140,1180,1200,1220,1240,1280,1320,1340,1380,1400,1420,1440,1460,1480,1520,1540,1560,1580,1620,1640,1660,1680,1700,1720,1740,1760,1780,1820,1840,1860,1900,1920,1940,1960,1980,2020,2040,2060,2080,2100,2120,2140,2160,2180,2200,2220,2240,2260,2280,2300,2340,2360,2380,2400,2420,2440,2460,2480,2500,2520,2540,2560,2580,2600,2620,2640,2660,2680,2700,2740,2800,2820,2840,2860,2880,2900,2940,2960,2980,3000,3020,3040,3060,3080,3100,3140,3160,3180,3200,3240,3280,3300,3320,3340,3380,3400,3420,3440,3460,3500,3520,3620,3640,3700,3720,3740,3760,3920,3940,3960,4160,4220,4440,4460,4560,4580,4600,4620,4680,4780,4840,4860,5400,5420,5460,5500,6460,7100,7120,7200,7640,10160,11580,11640,14840],
"fitness": [15361.275391,15186.788086,14877.660156,14773.925781,14605.198242,14429.802734,14376.531250,14305.778320,14244.970703,14224.466797,14179.713867,14158.161133,14072.161133,14063.613281,14034.275391,14004.713867,13953.590820,13911.465820,13852.968750,13826.911133,13789.786133,13759.841797,13708.623047,13673.606445,13610.064453,13605.136719,13535.557617,13502.827148,13480.222656,13463.110352,13407.139648,13357.995117,13320.019531,13261.663086,13207.530273,13185.926758,13127.380859,13065.415039,13018.496094,12948.895508,12921.544922,12866.925781,12824.728516,12784.079102,12751.477539,12669.162109,12647.876953,12620.907227,12582.134766,12577.840820,12539.437500,12520.197266,12439.154297,12385.052734,12304.573242,12299.329102,12196.333984,12118.101562,12059.265625,11971.103516,11915.332031,11911.415039,11870.399414,11854.101562,11758.346680,11671.665039,11647.435547,11601.669922,11568.708984,11511.758789,11460.755859,11436.647461,11405.384766,11379.613281,11356.108398,11311.776367,11263.703125,11258.347656,11224.375977,11205.432617,11169.537109,11140.880859,11097.072266,11030.027344,10993.250977,10948.285156,10904.664062,10898.044922,10860.553711,10853.247070,10826.716797,10770.790039,10760.954102,10702.267578,10698.013672,10668.163086,10655.936523,10639.636719,10600.304688,10559.337891,10458.191406,10450.451172,10410.640625,10406.985352,10321.339844,10320.223633,10244.771484,10194.136719,10187.810547,10163.938477,10155.307617,10147.844727,10117.778320,10067.774414,10048.046875,10012.608398,10003.708008,9970.853516,9908.647461,9899.149414,9865.878906,9832.386719,9820.198242,9790.861328,9744.295898,9720.984375,9713.919922,9669.607422,9649.528320,9634.081055,9578.397461,9575.562500,9526.847656,9508.531250,9503.574219,9490.590820,9465.654297,9442.254883,9440.816406,9417.311523,9394.075195,9392.109375,9356.901367,9344.898438,9307.450195,9301.087891,9288.535156,9235.221680,9229.554688,9215.791992,9161.472656,9109.305664,9106.537109,9100.898438,9076.552734,9067.981445,9059.708984,9017.513672,8992.423828,8988.566406,8987.750977,8961.943359,8959.678711,8950.780273,8937.642578,8918.629883,8914.720703,8878.485352,8876.132812,8805.265625,8772.038086,8771.003906,8770.869141,8755.455078,8744.753906,8743.488281,8738.554688,8726.716797,8691.422852,8673.102539,8655.198242,8635.073242,8631.831055,8630.292969,8624.296875,8621.885742,8621.885742]
}