{
"iteraciones": [20,40,60,80,100,120,140,160,180,200,220,240,260,280,300,320,340,360,380,400,420,440,460,480,500,520,540,560,580,600,620,640,680,700,720,740,760,780,800,820,860,880,900,920,940,960,980,1000,1020,1040,1060,1080,1100,1120,1140,1160,1180,1200,1220,1260,1280,1300,1320,1340,1360,1380,1400,1440,1460,1480,1500,1520,1540,1560,1580,1600,1620,1640,1660,1680,1700,1720,1740,1760,1780,1800,1820,1840,1860,1880,1900,1920,1940,1960,1980,2000,2020,2040,2060,2080,2100,2120,2140,2160,2180,2200,2220,2240,2260,2280,2300,2320,2340,2360,2380,2400,2420,2440,2480,2500,2520,2540,2560,2580,2620,2660,2680,2720,2740,2760,2780,2800,2820,2840,2860,2920,2940,2960,2980,3020,3120,3140,3180,3320,3380,3400,3440,3480,3640,3700,3740,3760,3780,3860,3900,3920,3940,4000,4020,4040,4100,4120,4140,4160,4200,4260,4320,4420,5140,5160,5180,5300,5340,5360,5380,5400,5420,5440,6240,7040,7060,7100,7240,7460,10660],
"fitness": [15296.183594,15113.664062,14821.879883,14665.257812,14579.068359,14393.979492,14304.405273,14201.681641,14182.918945,14117.579102,14080.710938,13982.601562,13958.318359,13895.002930,13822.855469,13793.265625,13724.000000,13682.110352,13662.463867,13628.856445,13604.402344,13508.124023,13496.000000,13413.534180,13400.801758,13323.282227,13291.358398,13217.167969,13165.546875,13150.037109,13118.826172,13041.804688,12973.792969,12934.740234,12901.803711,12863.692383,12855.318359,12829.004883,12761.468750,12660.217773,12640.069336,12607.334961,12571.855469,12526.025391,12523.404297,12452.354492,12389.253906,12379.000977,12322.189453,12309.347656,12222.101562,12213.029297,12173.994141,12107.222656,12093.064453,12014.914062,11983.507812,11951.904297,11848.991211,11833.272461,11792.468750,11763.549805,11737.639648,11710.841797,11672.333984,11658.671875,11550.601562,11511.199219,11498.313477,11444.360352,11433.165039,11392.627930,11328.364258,11316.787109,11267.166992,11254.191406,11217.624023,11216.317383,11184.869141,11169.777344,11133.235352,11118.251953,11069.102539,11044.771484,11036.929688,11030.808594,10997.786133,10940.938477,10921.369141,10864.497070,10839.374023,10819.138672,10785.343750,10749.333008,10708.308594,10646.357422,10581.310547,10543.408203,10538.776367,10455.971680,10433.241211,10407.681641,10398.826172,10368.576172,10310.369141,10293.483398,10229.543945,10217.834961,10172.117188,10114.200195,10098.762695,10069.442383,10031.938477,10030.193359,9999.587891,9985.639648,9929.715820,9853.553711,9834.197266,9766.258789,9720.146484,9695.627930,9673.196289,9628.767578,9577.658203,9561.000000,9498.940430,9462.486328,9456.194336,9417.083008,9409.799805,9351.343750,9346.383789,9300.934570,9279.411133,9250.234375,9221.389648,9203.650391,9198.895508,9136.120117,9126.193359,9080.936523,9055.252930,9030.562500,9026.000977,8994.189453,8990.507812,8970.333008,8968.389648,8962.528320,8947.586914,8938.140625,8883.053711,8867.462891,8862.149414,8838.923828,8812.416992,8792.027344,8776.278320,8769.745117,8768.570312,8743.919922,8742.737305,8741.599609,8711.633789,8709.767578,8708.853516,8705.652344,8701.506836,8699.313477,8698.000000,8692.154297,8680.840820,8668.018555,8655.490234,8652.451172,8645.985352,8639.057617,8638.195312,8630.607422,8628.998047,8626.570312,8623.272461,8621.885742,8621.885742]
}