{
"iteraciones": [20,40,60,80,100,120,140,160,180,200,220,240,260,280,300,320,340,360,380,400,420,440,460,480,500,520,540,560,580,600,620,640,660,680,700,720,740,760,780,800,820,840,860,880,900,920,940,960,980,1000,1020,1040,1060,1080,1100,1120,1140,1160,1180,1200,1220,1240,1260,1280,1300,1320,1340,1360,1380,1400,1420,1440,1460,1480,1500,1520,1540,1560,1580,1600,1620,1640,1660,1680,1700,1740,1760,1780,1800,1820,1840,1860,1880,1900,1920,1960,2000,2020,2080,2100,2160,2180,2200,2220,2260,2280,2300,2320,2360,2400,2420,2440,2460,2500,2520,2540,2560,2580,2600,2660,2680,2700,2720,2740,2760,2780,2800,2820,2840,2880,2900,2920,2940,2960,2980,3000,3020,3040,3060,3100,3120,3140,3160,3180,3240,3280,3300,3320,3340,3400,3420,3440,3460,3480,3520,3560,3580,3620,3640,3660,3680,3700,3720,3740,3760,3780,3820,3840,3880,3940,3960,3980,4000,4020,4100,4120,4180,4200,4220,4240,4400,4440,4460,4500,4620,4640,4660,4720,5100,5120,5140,5240,5260,5280,5300,5820,5880,5900,6120,6180,6400,6440,6460,6480,7180,7440,7560,10760],
"fitness": [15229.477539,15046.825195,14923.655273,14811.983398,14702.791016,14564.537109,14541.583008,14479.486328,14388.775391,14315.471680,14287.979492,14256.508789,14210.381836,14191.127930,14152.599609,14096.312500,14037.541992,13983.507812,13966.362305,13932.457031,13852.805664,13830.912109,13792.740234,13712.478516,13653.666016,13644.074219,13586.202148,13527.938477,13496.369141,13459.074219,13430.697266,13404.822266,13350.121094,13315.452148,13299.890625,13272.107422,13217.102539,13197.883789,13187.688477,13135.566406,13134.137695,13089.964844,13068.926758,13057.291992,13005.197266,12975.491211,12957.649414,12910.702148,12889.024414,12847.564453,12802.687500,12777.401367,12706.189453,12676.725586,12618.689453,12599.472656,12575.441406,12536.500977,12514.766602,12441.583984,12408.699219,12406.778320,12372.166016,12346.266602,12299.478516,12240.290039,12200.416992,12180.454102,12144.465820,12125.000000,12094.448242,12068.610352,12024.958008,11959.323242,11952.573242,11896.874023,11825.374023,11783.175781,11777.353516,11747.251953,11711.568359,11695.375977,11658.194336,11608.392578,11565.826172,11532.052734,11494.807617,11448.185547,11440.805664,11410.147461,11389.366211,11363.624023,11336.666016,11322.666016,11306.662109,11255.012695,11240.997070,11146.381836,11105.631836,11008.748047,10960.665039,10956.654297,10926.568359,10849.059570,10836.484375,10796.874023,10749.801758,10725.536133,10686.882812,10653.782227,10607.541016,10601.629883,10574.006836,10573.000000,10542.677734,10524.858398,10519.529297,10501.087891,10431.737305,10399.129883,10375.958984,10324.777344,10284.265625,10266.931641,10230.315430,10224.833008,10190.119141,10158.284180,10138.993164,10106.863281,10085.457031,10078.175781,10037.490234,10030.659180,10006.414062,9979.357422,9968.104492,9943.851562,9915.658203,9900.883789,9886.721680,9856.518555,9846.000000,9827.313477,9811.835938,9800.414062,9782.246094,9768.687500,9737.450195,9700.502930,9694.163086,9665.651367,9660.784180,9644.908203,9618.139648,9612.484375,9557.406250,9554.654297,9521.029297,9469.894531,9457.120117,9421.701172,9406.294922,9383.358398,9361.370117,9309.493164,9297.444336,9278.960938,9229.390625,9224.293945,9184.247070,9180.345703,9167.000000,9125.910156,9094.462891,9074.911133,9073.536133,9040.425781,8995.125000,8982.163086,8969.886719,8963.043945,8931.878906,8912.174805,8906.770508,8899.680664,8869.370117,8829.961914,8808.372070,8804.184570,8790.047852,8771.804688,8760.833008,8747.798828,8738.405273,8730.679688,8714.007812,8704.877930,8698.974609,8660.528320,8636.001953,8635.704102,8634.693359,8630.656250,8628.283203,8627.256836,8621.885742,8621.885742]
}