{
"iteraciones": [20,40,60,100,120,140,160,180,200,220,240,260,280,300,320,340,360,380,400,420,440,460,480,500,520,540,560,580,600,620,640,660,680,700,720,740,760,780,800,820,840,860,880,920,940,960,980,1000,1020,1040,1060,1100,1160,1200,1220,1240,1260,1280,1300,1320,1340,1360,1380,1420,1440,1460,1480,1500,1520,1540,1560,1580,1600,1620,1640,1660,1680,1700,1720,1740,1780,1800,1820,1840,1860,1880,1900,1920,1940,1960,1980,2000,2020,2040,2060,2080,2100,2120,2140,2160,2180,2200,2220,2240,2260,2280,2300,2320,2360,2420,2440,2520,2540,2560,2620,2640,2660,2680,2700,2720,2760,2780,2800,2820,2860,2920,2940,2980,3000,3020,3040,3060,3080,3100,3120,3140,3200,3220,3240,3260,3280,3300,3320,3340,3360,3380,3420,3440,3520,3560,3580,3600,3620,3640,3700,3720,3760,3780,3800,3820,3840,3860,3880,3920,3940,3960,3980,4000,4020,4040,4060,4080,4100,4120,4140,4200,4220,4240,4260,4280,4300,4320,4340,4400,4420,4460,4500,4520,4540,4560,4600,4640,4660,4680,4700,4720,4740,4760,4780,4800,4820,4840,4940,5080,5100,5120,5140,5180,5200,5220,5320,5360,5380,5400,5420,5460,5480,5500,5520,5540,5560,5640,5720,5740,5800,5820,5840,5860,5900,5920,5940,5980,6040,6060,6080,6120,6140,6200,6220,6240,6260,6280,6460,6480,6500,6520,6560,6580,6660,6720,6920,7040,7060,7320,7360,7380,7740,7820,7960,8200,11400],
"fitness": [15345.928711,15076.325195,14909.130859,14731.685547,14449.049805,14245.880859,14212.524414,14048.120117,13889.335938,13850.219727,13810.355469,13792.913086,13756.797852,13736.954102,13689.178711,13676.305664,13652.436523,13628.528320,13610.195312,13567.511719,13511.652344,13494.173828,13482.349609,13435.812500,13403.127930,13381.403320,13324.066406,13287.501953,13244.177734,13207.179688,13178.609375,13156.625000,13112.912109,13101.381836,13098.065430,13056.826172,13033.577148,12994.599609,12957.358398,12890.934570,12848.215820,12835.060547,12753.230469,12738.947266,12694.893555,12664.003906,12648.930664,12628.088867,12610.104492,12581.900391,12519.998047,12467.867188,12443.597656,12407.394531,12401.720703,12391.123047,12380.021484,12343.133789,12334.574219,12285.246094,12243.993164,12223.656250,12193.342773,12173.700195,12157.932617,12150.913086,12131.936523,12123.855469,12101.891602,12082.754883,12073.623047,12047.580078,12037.094727,12018.758789,11986.372070,11970.594727,11945.416992,11940.939453,11912.163086,11870.967773,11866.277344,11834.148438,11778.242188,11759.205078,11751.343750,11703.762695,11692.874023,11657.272461,11600.048828,11585.328125,11569.182617,11562.119141,11546.916992,11527.000000,11514.589844,11501.437500,11488.392578,11484.784180,11482.894531,11461.622070,11456.821289,11439.990234,11430.484375,11429.945312,11415.401367,11407.545898,11390.831055,11382.466797,11375.645508,11370.852539,11341.590820,11337.293945,11312.704102,11291.730469,11276.020508,11271.924805,11251.833008,11250.681641,11241.478516,11233.401367,11205.751953,11199.123047,11198.365234,11187.683594,11173.506836,11165.513672,11155.562500,11131.115234,11120.730469,11104.525391,11085.271484,11079.166016,11057.281250,11048.380859,11031.643555,11017.314453,11011.727539,10994.685547,10979.934570,10950.627930,10936.275391,10930.414062,10920.993164,10909.769531,10895.947266,10882.464844,10878.765625,10849.869141,10831.323242,10810.839844,10808.007812,10795.588867,10790.142578,10773.283203,10755.971680,10737.659180,10728.689453,10712.767578,10708.751953,10704.160156,10692.378906,10678.668945,10654.020508,10644.168945,10631.000000,10620.494141,10614.725586,10602.499023,10593.897461,10584.282227,10572.310547,10567.977539,10558.498047,10543.762695,10517.456055,10509.391602,10488.873047,10480.750977,10476.556641,10472.561523,10461.793945,10452.810547,10427.528320,10417.360352,10413.217773,10383.991211,10374.583008,10364.998047,10341.125000,10337.382812,10323.000000,10295.585938,10294.893555,10281.649414,10243.233398,10231.773438,10204.142578,10184.900391,10149.290039,10106.934570,10098.405273,10080.532227,10077.400391,10074.842773,10069.059570,10061.670898,10026.048828,10011.958984,10009.405273,10007.074219,9986.176758,9984.819336,9976.368164,9950.612305,9914.316406,9907.358398,9886.472656,9865.307617,9844.150391,9840.626953,9819.800781,9805.753906,9792.327148,9776.578125,9762.732422,9748.472656,9724.866211,9714.954102,9712.578125,9707.810547,9697.782227,9687.874023,9679.765625,9674.662109,9648.468750,9641.699219,9574.399414,9572.247070,9563.148438,9562.538086,9553.334961,9526.452148,9520.299805,9517.109375,9496.608398,9479.854492,9462.937500,9451.178711,9448.745117,9447.865234,9439.576172,9422.526367,9391.400391,9352.883789,9351.436523,9339.619141,9331.670898,9329.484375,9321.391602,9319.900391,9319.000000]
}