{
"iteraciones": [20,40,60,80,120,140,160,180,200,220,240,280,300,320,340,360,380,400,420,440,460,500,520,540,560,580,600,620,640,660,680,700,720,740,760,780,800,840,860,880,900,920,940,960,1000,1020,1040,1060,1080,1100,1120,1140,1160,1180,1200,1240,1280,1300,1320,1340,1360,1380,1400,1420,1440,1460,1480,1500,1520,1540,1560,1580,1600,1620,1640,1660,1680,1720,1740,1760,1780,1800,1820,1840,1860,1880,1900,1920,1940,1960,1980,2000,2040,2080,2100,2120,2140,2160,2180,2200,2220,2240,2260,2300,2360,2380,2400,2420,2440,2460,2480,2500,2520,2540,2560,2600,2620,2640,2660,2680,2700,2720,2740,2780,2800,2820,2840,2860,2880,2900,2920,2940,2960,2980,3000,3020,3080,3120,3140,3160,3200,3220,3240,3300,3320,3360,3380,3460,3480,3500,3520,3560,3580,3600,3620,3640,3660,3680,3720,3740,3760,3780,3800,3840,3880,3900,3980,4140,4160,4180,4200,4260,4320,4460,4480,4500,4560,4640,4700,4900,4940,4960,4980,5120,5160,5300,5320,6600,7060,7180,7560,10760],
"fitness": [15381.932617,15227.715820,15160.930664,14715.897461,14637.732422,14485.638672,14444.156250,14346.791992,14324.677734,14225.353516,14121.393555,14094.397461,14029.712891,14004.509766,13974.304688,13939.575195,13869.419922,13855.772461,13836.822266,13807.230469,13741.949219,13716.831055,13688.815430,13646.649414,13640.861328,13602.893555,13527.195312,13518.733398,13478.182617,13435.781250,13373.988281,13285.017578,13264.583984,13220.897461,13167.586914,13149.610352,13053.371094,13000.750977,12960.711914,12941.574219,12869.208008,12839.929688,12811.688477,12744.314453,12682.650391,12640.316406,12581.822266,12555.313477,12496.153320,12456.165039,12429.000000,12377.938477,12367.791016,12313.762695,12262.127930,12207.989258,12172.410156,12141.847656,12086.632812,12071.658203,12041.973633,12015.019531,11986.701172,11953.577148,11919.756836,11896.765625,11846.228516,11822.200195,11812.855469,11765.844727,11728.048828,11669.840820,11648.760742,11635.329102,11620.818359,11555.660156,11492.329102,11475.107422,11434.247070,11361.665039,11278.260742,11272.466797,11255.243164,11205.363281,11144.942383,11128.502930,11111.153320,11107.691406,11077.035156,11046.356445,11037.558594,10982.875000,10912.719727,10846.383789,10836.693359,10794.867188,10771.501953,10756.883789,10719.711914,10691.546875,10677.012695,10658.756836,10604.319336,10567.346680,10549.794922,10509.927734,10482.000000,10432.038086,10411.840820,10395.345703,10355.919922,10344.769531,10322.953125,10297.000000,10271.501953,10245.702148,10238.442383,10204.500977,10169.687500,10153.111328,10143.669922,10127.832031,10081.745117,10071.906250,10048.964844,10023.982422,9979.575195,9960.339844,9927.701172,9904.746094,9884.807617,9868.585938,9807.276367,9761.678711,9748.650391,9709.669922,9667.706055,9631.390625,9609.076172,9550.391602,9518.257812,9508.295898,9444.284180,9427.843750,9387.974609,9358.204102,9337.086914,9336.513672,9297.694336,9275.721680,9270.320312,9257.374023,9221.831055,9201.475586,9179.392578,9152.662109,9119.704102,9063.867188,9061.112305,9027.606445,8998.913086,8993.965820,8959.039062,8947.381836,8936.695312,8892.057617,8852.392578,8799.009766,8770.884766,8748.779297,8719.241211,8716.163086,8709.570312,8703.958008,8695.000000,8690.197266,8689.555664,8680.074219,8669.687500,8662.187500,8656.500000,8646.386719,8644.844727,8642.181641,8639.299805,8637.708984,8633.798828,8632.129883,8629.685547,8625.349609,8621.885742,8621.885742]
}