{
"iteraciones": [20,40,60,80,100,120,140,160,180,200,220,240,260,280,300,320,340,360,380,400,420,440,460,480,500,520,540,560,580,600,620,640,660,680,700,720,760,780,800,840,860,880,900,920,940,960,980,1000,1020,1040,1060,1080,1100,1140,1160,1180,1200,1220,1240,1260,1280,1300,1320,1340,1360,1380,1400,1440,1460,1480,1500,1520,1540,1560,1580,1620,1660,1680,1700,1720,1740,1760,1780,1800,1820,1840,1860,1880,1900,1940,1960,1980,2000,2020,2040,2060,2100,2120,2140,2160,2180,2200,2220,2240,2260,2280,2300,2320,2340,2360,2380,2400,2420,2440,2460,2480,2500,2540,2560,2580,2680,2700,2720,2740,2760,2780,2800,2840,2860,2880,2900,2920,2940,2960,2980,3040,3060,3080,3100,3120,3160,3180,3200,3220,3240,3260,3280,3320,3340,3360,3380,3420,3440,3460,3480,3500,3520,3580,3600,3660,3680,3700,3740,3760,3800,3820,3840,3860,3900,3920,3940,3960,3980,4000,4040,4060,4080,4100,4140,4160,4180,4200,4220,4240,4260,4280,4300,4320,4360,4380,4400,4480,4500,4540,4560,4600,4620,4640,4660,4680,4700,4740,4760,4860,4880,4900,4920,4940,4960,4980,5000,5020,5120,5140,5160,5240,5260,5300,5320,5340,5380,5420,5440,5500,5560,5580,5600,5640,5740,5880,6060,6080,6160,6180,6200,6500,6520,6540,6760,6880,6900,6920,6940,6960,7560,7580,7600,8980,9320,9840,10980,11500,14700],
"fitness": [15271.582031,14896.317383,14785.013672,14645.080078,14294.490234,14240.807617,14152.208008,14060.550781,13965.067383,13917.245117,13843.438477,13795.796875,13742.126953,13713.101562,13693.428711,13639.659180,13621.297852,13575.171875,13564.265625,13544.465820,13483.947266,13444.259766,13384.704102,13376.502930,13343.416016,13302.494141,13286.546875,13256.235352,13185.697266,13174.440430,13121.648438,13103.550781,13065.340820,13037.668945,13014.689453,12947.845703,12941.877930,12863.677734,12792.126953,12782.799805,12754.047852,12726.806641,12711.065430,12674.340820,12671.834961,12635.980469,12623.511719,12588.417969,12581.524414,12555.042969,12525.349609,12519.596680,12471.963867,12455.374023,12425.131836,12420.249023,12397.277344,12373.193359,12340.874023,12301.013672,12263.407227,12248.330078,12231.171875,12208.424805,12182.982422,12149.627930,12131.530273,12109.567383,12090.294922,12074.227539,12062.474609,12052.989258,12014.006836,11993.463867,11942.129883,11916.666992,11900.094727,11852.141602,11818.027344,11799.395508,11783.353516,11759.393555,11746.159180,11722.125977,11712.411133,11670.239258,11659.990234,11624.169922,11613.989258,11592.959961,11565.225586,11549.982422,11539.652344,11530.703125,11495.788086,11480.831055,11453.080078,11421.232422,11415.086914,11384.455078,11357.077148,11343.980469,11326.628906,11304.858398,11274.711914,11256.871094,11229.981445,11202.592773,11194.783203,11163.994141,11159.554688,11150.000000,11125.433594,11108.782227,11090.730469,11069.403320,11045.206055,11043.131836,11023.066406,10989.375000,10981.023438,10975.041992,10961.190430,10958.981445,10934.020508,10932.170898,10880.989258,10862.144531,10852.833984,10839.100586,10833.333008,10820.769531,10819.027344,10804.183594,10766.147461,10723.539062,10708.139648,10684.517578,10669.813477,10632.778320,10625.053711,10618.536133,10606.040039,10588.915039,10546.809570,10524.041992,10508.373047,10497.248047,10493.929688,10481.411133,10445.980469,10438.359375,10423.094727,10408.497070,10403.638672,10397.168945,10375.622070,10364.757812,10325.620117,10300.719727,10287.999023,10252.596680,10234.241211,10192.742188,10158.488281,10129.252930,10093.907227,10072.943359,10051.456055,10038.024414,10016.565430,9988.773438,9946.368164,9919.934570,9901.298828,9888.363281,9869.571289,9839.121094,9829.000000,9812.981445,9788.624023,9782.598633,9743.923828,9741.333984,9703.602539,9690.294922,9675.000000,9655.208984,9646.106445,9625.609375,9588.574219,9585.187500,9580.800781,9541.345703,9519.038086,9515.548828,9498.000000,9468.805664,9446.745117,9424.899414,9403.388672,9397.799805,9354.663086,9337.392578,9326.789062,9279.228516,9272.636719,9264.235352,9250.990234,9245.764648,9220.888672,9183.721680,9149.676758,9134.948242,9094.618164,9089.184570,9074.037109,9063.102539,9062.375977,9017.141602,9004.134766,8995.697266,8981.072266,8950.109375,8928.999023,8912.726562,8894.192383,8857.070312,8841.856445,8837.536133,8836.677734,8824.726562,8821.000000,8813.913086,8805.900391,8795.878906,8787.306641,8781.852539,8747.300781,8736.236328,8734.217773,8733.669922,8728.759766,8718.531250,8691.889648,8675.905273,8670.663086,8647.328125,8641.835938,8636.815430,8630.710938,8624.148438,8624.148438]
}