{
"iteraciones": [40,60,80,100,120,140,180,200,240,260,280,300,320,340,360,380,400,420,440,460,480,500,520,540,560,580,600,620,640,660,680,700,720,740,760,780,800,860,880,900,920,940,960,980,1000,1020,1040,1060,1080,1120,1140,1160,1200,1220,1240,1260,1280,1300,1320,1340,1360,1380,1400,1420,1440,1480,1500,1540,1560,1580,1600,1620,1640,1660,1680,1700,1720,1740,1760,1800,1820,1840,1860,1880,1900,1920,1940,1960,1980,2000,2020,2080,2100,2120,2140,2160,2180,2200,2220,2240,2260,2280,2300,2320,2340,2360,2380,2400,2420,2440,2460,2480,2500,2520,2560,2600,2620,2640,2660,2720,2740,2760,2780,2800,2820,2840,2860,2880,2900,2920,2940,2960,2980,3000,3040,3060,3100,3120,3140,3160,3180,3200,3220,3240,3300,3320,3360,3380,3400,3440,3480,3500,3520,3540,3560,3580,3600,3620,3660,3680,3700,3720,3740,3780,3800,3820,3840,3860,3880,3900,3920,3940,3960,3980,4060,4080,4100,4120,4140,4160,4180,4200,4220,4240,4260,4280,4300,4320,4340,4360,4380,4400,4420,4440,4460,4500,4520,4540,4580,4600,4620,4640,4680,4740,4760,4780,4820,4840,4860,4880,4900,4920,4960,5000,5020,5040,5060,5080,5100,5120,5140,5160,5180,5200,5220,5240,5260,5280,5300,5320,5340,5360,5380,5420,5460,5500,5520,5580,5600,5620,5640,5700,5720,5920,5940,5960,5980,6000,6080,6140,6180,6220,6260,6280,6380,6420,6440,6460,6480,6500,6540,6580,6600,6680,6780,6860,6940,6960,6980,7080,7120,7140,7420,7720,7840,8160,8180,8200,8220,8260,8300,9520,9880,12100,15300],
"fitness": [15075.230469,14979.915039,14661.786133,14539.081055,14342.116211,14230.008789,14198.172852,14110.780273,14065.781250,14049.314453,13987.435547,13935.437500,13886.492188,13856.453125,13782.560547,13722.431641,13693.145508,13632.294922,13603.731445,13578.044922,13544.981445,13497.125977,13483.842773,13461.661133,13422.960938,13384.360352,13354.930664,13304.862305,13297.538086,13260.072266,13232.344727,13194.086914,13162.502930,13127.227539,13086.149414,13060.615234,12948.522461,12937.555664,12905.611328,12872.530273,12851.839844,12818.531250,12775.812500,12755.904297,12708.416016,12690.704102,12647.547852,12623.728516,12582.888672,12572.457031,12532.656250,12485.522461,12480.000000,12445.096680,12422.509766,12389.008789,12342.115234,12310.556641,12293.282227,12278.233398,12256.981445,12225.895508,12197.392578,12188.844727,12151.987305,12116.343750,12072.332031,12051.699219,12019.750000,12007.319336,11991.127930,11975.738281,11955.128906,11940.217773,11926.835938,11918.706055,11903.300781,11896.588867,11879.554688,11864.046875,11836.662109,11834.150391,11819.470703,11805.806641,11800.208008,11777.782227,11747.517578,11744.785156,11729.396484,11700.901367,11667.519531,11621.937500,11619.992188,11599.743164,11574.383789,11562.146484,11534.239258,11522.511719,11517.944336,11513.000000,11500.066406,11486.609375,11483.708984,11474.034180,11461.242188,11449.069336,11442.418945,11429.527344,11424.000000,11409.774414,11389.741211,11378.875977,11371.950195,11358.760742,11356.880859,11349.873047,11343.000000,11337.209961,11322.453125,11305.447266,11298.557617,11281.804688,11275.911133,11268.635742,11252.991211,11250.585938,11227.209961,11223.513672,11209.011719,11198.676758,11181.778320,11180.150391,11165.228516,11151.498047,11150.506836,11116.315430,11097.170898,11080.458984,11063.454102,11032.769531,11001.603516,10999.591797,10980.154297,10979.629883,10965.038086,10946.840820,10934.739258,10915.851562,10884.183594,10866.818359,10850.379883,10845.268555,10824.613281,10799.214844,10776.677734,10775.103516,10770.622070,10758.738281,10748.005859,10736.450195,10725.915039,10715.426758,10697.217773,10681.666016,10654.210938,10642.829102,10621.888672,10610.287109,10600.000000,10582.186523,10564.793945,10553.341797,10545.984375,10514.262695,10503.124023,10480.000000,10467.651367,10459.610352,10445.036133,10430.583984,10410.407227,10396.931641,10380.951172,10369.617188,10359.847656,10319.003906,10317.520508,10291.073242,10289.546875,10267.953125,10241.354492,10226.561523,10193.895508,10188.124023,10131.235352,10122.697266,10116.137695,10068.086914,10061.770508,10042.033203,10003.763672,9957.477539,9878.337891,9872.064453,9855.512695,9817.524414,9803.598633,9776.825195,9761.023438,9732.291016,9707.869141,9701.533203,9659.755859,9653.361328,9623.645508,9590.408203,9581.307617,9567.159180,9562.648438,9530.291016,9511.603516,9473.288086,9451.002930,9446.432617,9405.378906,9397.344727,9378.075195,9346.620117,9341.430664,9308.014648,9267.215820,9252.480469,9248.210938,9241.700195,9226.821289,9222.503906,9205.398438,9199.228516,9176.791992,9162.203125,9124.215820,9117.669922,9094.043945,9093.558594,9079.114258,9076.066406,9063.366211,9059.814453,9041.227539,9028.194336,8996.395508,8974.313477,8963.206055,8949.083008,8917.857422,8896.594727,8879.530273,8850.161133,8840.899414,8810.205078,8799.861328,8782.323242,8771.146484,8756.465820,8749.222656,8747.213867,8745.453125,8743.936523,8741.466797,8728.375977,8721.037109,8717.814453,8716.767578,8715.006836,8681.732422,8655.249023,8654.980469,8646.945312,8642.905273,8638.610352,8630.710938,8624.148438,8623.272461,8621.885742,8621.885742]
}