{
"iteraciones": [20,40,60,80,100,120,140,160,180,200,220,240,260,280,300,380,400,420,440,460,500,520,540,560,580,600,620,640,660,680,700,740,760,780,800,820,840,860,880,900,920,940,960,980,1000,1040,1060,1080,1100,1120,1140,1160,1180,1200,1220,1240,1260,1280,1300,1340,1360,1380,1400,1460,1480,1500,1520,1540,1560,1580,1600,1620,1640,1660,1680,1700,1720,1740,1760,1780,1800,1820,1840,1860,1880,1900,1920,1940,1960,1980,2000,2020,2040,2060,2080,2100,2160,2180,2200,2240,2260,2280,2300,2320,2340,2360,2380,2400,2420,2440,2460,2480,2500,2520,2540,2580,2600,2640,2660,2680,2700,2720,2740,2760,2780,2800,2820,2840,2860,2880,2920,2940,3000,3040,3060,3080,3100,3120,3140,3160,3180,3200,3240,3280,3300,3360,3380,3460,3480,3500,3560,3580,3600,3620,3640,3680,3780,3800,3840,3940,3960,3980,4040,4060,4080,4140,4160,4200,4220,4240,4260,4360,4380,4500,4680,4700,4780,4860,4960,4980,5060,5100,5720,5740,5760,5800,9000],
"fitness": [15255.368164,15160.896484,14912.333008,14737.074219,14623.735352,14523.734375,14423.455078,14369.181641,14288.675781,14198.341797,14106.359375,14078.843750,14048.293945,14005.719727,13913.613281,13883.453125,13850.208008,13778.068359,13776.296875,13661.166992,13626.623047,13578.483398,13569.762695,13507.240234,13453.154297,13424.837891,13403.903320,13366.886719,13325.905273,13300.920898,13248.453125,13199.469727,13180.555664,13142.013672,13074.504883,12971.724609,12938.123047,12914.080078,12861.829102,12829.294922,12775.468750,12724.864258,12715.477539,12641.158203,12534.256836,12532.127930,12406.170898,12376.259766,12359.174805,12346.532227,12320.742188,12296.772461,12275.474609,12239.004883,12220.000000,12195.666016,12148.230469,12113.640625,12071.998047,12048.648438,12015.063477,11987.187500,11891.911133,11871.403320,11850.695312,11789.441406,11730.564453,11689.611328,11620.174805,11617.325195,11582.012695,11555.772461,11549.184570,11519.446289,11462.647461,11420.573242,11405.459961,11359.274414,11289.700195,11247.449219,11217.204102,11173.473633,11165.542969,11127.868164,11125.269531,11097.482422,11087.600586,11034.638672,11011.047852,10979.065430,10937.569336,10891.268555,10813.379883,10804.430664,10799.614258,10764.932617,10744.006836,10702.003906,10631.893555,10621.294922,10611.661133,10550.356445,10536.112305,10513.080078,10496.064453,10480.987305,10474.771484,10449.310547,10419.437500,10385.353516,10370.812500,10363.619141,10323.222656,10292.169922,10289.575195,10269.467773,10219.963867,10206.659180,10157.949219,10144.802734,10068.345703,10042.467773,9999.317383,9935.278320,9923.182617,9859.236328,9819.540039,9780.883789,9744.151367,9697.384766,9658.537109,9631.086914,9586.136719,9575.257812,9560.661133,9547.364258,9522.840820,9508.878906,9458.106445,9446.319336,9382.355469,9329.428711,9319.929688,9316.562500,9274.269531,9254.143555,9231.503906,9227.025391,9196.594727,9188.650391,9186.313477,9130.021484,9105.881836,9074.182617,9065.958984,9063.872070,9038.291016,9013.013672,8986.672852,8967.054688,8962.877930,8939.680664,8935.153320,8917.056641,8899.598633,8886.877930,8856.829102,8809.961914,8807.685547,8803.969727,8785.939453,8777.166992,8760.937500,8751.744141,8748.701172,8734.084961,8712.745117,8695.103516,8668.980469,8661.112305,8660.082031,8651.872070,8649.745117,8645.996094,8626.728516,8621.885742,8621.885742]
}