{
"iteraciones": [20,40,60,80,100,120,140,160,180,200,220,240,260,280,300,320,340,360,380,400,420,440,460,480,500,520,540,560,580,600,620,640,660,680,700,720,740,760,780,800,820,840,860,880,900,920,940,980,1000,1020,1040,1080,1100,1120,1140,1180,1200,1220,1240,1260,1280,1300,1320,1340,1360,1380,1400,1420,1440,1460,1480,1500,1520,1540,1560,1580,1600,1640,1660,1680,1700,1720,1740,1760,1780,1800,1840,1860,1880,1900,1920,1960,1980,2000,2040,2060,2080,2100,2120,2140,2160,2180,2200,2220,2240,2260,2280,2320,2340,2380,2420,2440,2460,2480,2520,2540,2560,2580,2600,2620,2640,2660,2680,2700,2720,2740,2760,2780,2800,2820,2840,2860,2880,2900,2920,2940,2960,2980,3000,3040,3120,3140,3160,3220,3240,3260,3280,3300,3320,3400,3420,3460,3500,3560,3600,3620,3640,3680,3700,3760,3780,3800,3820,3900,3920,4060,4080,4100,4240,4400,4460,4480,4540,4560,4580,4600,4620,4700,4760,4780,4880,4900,4960,5360,5400,6060,6660,7040,8140,8600,8980,12180],
"fitness": [15283.882812,15047.183594,14880.507812,14763.507812,14665.432617,14616.358398,14578.239258,14472.948242,14398.393555,14344.208984,14277.086914,14207.320312,14151.087891,14150.000000,14061.488281,14039.599609,13992.315430,13931.898438,13863.382812,13831.996094,13760.419922,13722.208984,13676.884766,13620.196289,13598.272461,13558.229492,13526.364258,13505.054688,13481.438477,13454.379883,13409.591797,13389.390625,13342.788086,13314.951172,13236.978516,13193.531250,13175.804688,13105.383789,13044.525391,13021.154297,12988.313477,12939.029297,12897.845703,12841.858398,12777.303711,12722.766602,12610.968750,12566.716797,12541.771484,12505.845703,12446.511719,12410.951172,12391.093750,12332.730469,12236.854492,12219.133789,12194.652344,12150.839844,12133.000000,12111.677734,12057.959961,12023.215820,11989.013672,11967.475586,11923.874023,11885.886719,11847.494141,11815.341797,11813.345703,11777.628906,11764.000000,11725.962891,11697.116211,11665.958008,11593.565430,11562.236328,11524.248047,11483.622070,11458.663086,11433.542969,11408.795898,11291.265625,11289.243164,11254.734375,11240.031250,11192.332031,11171.713867,11130.418945,11111.581055,11095.863281,11062.958984,11057.989258,11021.852539,10990.351562,10970.331055,10943.701172,10897.984375,10869.253906,10856.422852,10823.645508,10814.227539,10778.576172,10753.482422,10729.487305,10704.966797,10681.438477,10628.952148,10595.541992,10563.143555,10551.300781,10520.920898,10518.937500,10496.218750,10478.892578,10442.424805,10431.363281,10416.226562,10380.314453,10357.877930,10351.807617,10328.710938,10305.160156,10248.876953,10203.980469,10172.436523,10146.540039,10130.474609,10104.538086,10085.755859,10061.965820,10003.161133,9960.231445,9930.938477,9884.779297,9878.609375,9874.824219,9837.589844,9802.937500,9737.737305,9694.418945,9634.254883,9594.123047,9545.139648,9530.237305,9513.744141,9462.802734,9397.216797,9380.638672,9322.627930,9318.569336,9247.593750,9220.679688,9182.282227,9168.646484,9130.988281,9106.774414,9101.898438,9081.963867,9073.166016,9050.648438,9032.487305,9019.474609,8995.629883,8969.371094,8935.712891,8925.102539,8922.234375,8905.645508,8884.894531,8852.659180,8849.629883,8816.516602,8809.553711,8799.565430,8786.817383,8783.180664,8779.383789,8735.968750,8729.107422,8702.676758,8700.034180,8697.181641,8664.718750,8661.314453,8659.993164,8657.403320,8654.860352,8652.373047,8645.558594,8629.685547,8621.885742,8621.885742]
}