{
"iteraciones": [20,40,60,80,120,140,160,180,200,220,260,280,300,320,340,380,400,420,440,460,480,500,520,540,560,580,600,620,640,660,680,700,740,760,780,800,820,840,860,880,900,940,960,980,1000,1020,1040,1060,1100,1120,1200,1220,1240,1260,1280,1300,1320,1340,1360,1380,1400,1420,1440,1460,1480,1500,1520,1540,1560,1580,1600,1620,1640,1660,1700,1720,1740,1760,1780,1800,1820,1840,1860,1880,1900,1920,1960,1980,2000,2020,2040,2060,2080,2100,2120,2140,2160,2180,2200,2220,2240,2260,2280,2300,2320,2340,2360,2380,2400,2420,2440,2460,2480,2540,2560,2580,2600,2620,2640,2700,2720,2740,2760,2780,2800,2820,2840,2860,2920,2940,2980,3000,3020,3040,3060,3080,3100,3120,3140,3160,3180,3200,3280,3380,3400,3420,3440,3460,3480,3500,3580,3600,3620,3640,3660,3680,3720,3740,3760,3800,3820,3840,3860,3880,3940,4000,4020,4040,4080,4140,4180,4240,4300,4320,4340,4360,4380,4400,4460,4720,4740,4800,4940,4980,5100,6280,6400,6420,6440,6600,7820,7840,9700,12900],
"fitness": [15317.601562,15220.222656,15143.271484,14683.161133,14600.335938,14451.279297,14352.200195,14255.091797,14184.589844,14068.956055,13892.173828,13854.306641,13838.596680,13805.778320,13699.487305,13650.633789,13634.694336,13579.162109,13497.447266,13458.728516,13397.005859,13342.800781,13306.541016,13270.512695,13215.525391,13203.323242,13188.648438,13141.369141,13117.000000,13095.532227,13038.955078,12982.278320,12944.327148,12903.929688,12876.738281,12835.963867,12813.000977,12759.982422,12740.517578,12717.734375,12658.166992,12634.663086,12603.048828,12564.696289,12534.198242,12513.075195,12493.576172,12436.061523,12400.314453,12268.170898,12229.208008,12142.198242,12093.655273,12047.617188,12007.699219,11981.821289,11948.023438,11941.617188,11903.864258,11858.272461,11807.605469,11782.108398,11758.467773,11742.615234,11724.747070,11685.195312,11651.377930,11625.585938,11607.389648,11591.721680,11554.164062,11508.599609,11478.196289,11468.000000,11453.984375,11429.505859,11385.616211,11376.590820,11342.895508,11324.292969,11323.464844,11288.218750,11254.530273,11194.111328,11154.000000,11124.766602,11101.874023,11068.384766,11038.859375,10974.032227,10950.332031,10900.898438,10854.667969,10848.906250,10810.640625,10775.530273,10742.759766,10714.660156,10703.175781,10666.851562,10614.533203,10583.377930,10552.581055,10518.978516,10494.987305,10448.599609,10435.367188,10416.189453,10406.204102,10375.916016,10347.568359,10333.166992,10301.678711,10275.540039,10272.419922,10246.813477,10240.944336,10223.945312,10173.768555,10152.128906,10127.396484,10094.263672,10073.326172,10043.061523,10012.277344,10000.846680,9972.010742,9938.098633,9909.532227,9887.268555,9856.882812,9848.811523,9825.705078,9777.701172,9766.145508,9756.125977,9747.381836,9731.931641,9712.650391,9699.587891,9681.142578,9654.863281,9612.780273,9588.904297,9558.227539,9523.922852,9485.823242,9483.040039,9482.665039,9468.559570,9464.334961,9460.244141,9453.670898,9432.077148,9387.934570,9383.038086,9350.840820,9325.678711,9293.694336,9287.658203,9265.958008,9254.926758,9223.692383,9157.764648,9122.661133,9090.624023,9078.202148,9068.208984,9053.852539,9051.085938,9036.692383,9024.357422,8990.704102,8966.474609,8963.390625,8960.616211,8952.970703,8929.456055,8879.680664,8877.630859,8828.466797,8797.040039,8767.678711,8758.785156,8746.264648,8716.033203,8694.055664,8691.607422,8655.376953,8634.525391,8628.142578,8626.720703,8621.885742,8621.885742]
}