{
"iteraciones": [20,40,80,100,120,140,160,180,200,220,240,260,280,300,320,340,360,380,400,420,440,460,480,520,540,560,580,600,620,640,660,680,700,720,740,760,780,800,820,840,860,880,900,920,960,980,1000,1020,1040,1060,1080,1100,1120,1140,1160,1180,1200,1220,1240,1260,1280,1300,1320,1340,1360,1380,1400,1420,1440,1460,1500,1520,1560,1580,1600,1620,1640,1660,1680,1700,1720,1740,1760,1780,1820,1840,1860,1880,1900,1920,1940,1960,1980,2000,2020,2040,2080,2100,2120,2140,2180,2200,2220,2260,2280,2300,2320,2340,2360,2380,2400,2420,2440,2460,2480,2500,2520,2540,2560,2580,2600,2620,2640,2680,2700,2720,2740,2760,2780,2800,2840,2860,2880,2900,2920,2940,2960,2980,3000,3020,3040,3060,3140,3180,3200,3220,3280,3300,3320,3340,3360,3400,3420,3440,3460,3480,3500,3560,3580,3600,3620,3640,3660,3680,3700,3720,3740,3760,3780,3840,3860,3880,3900,3920,3940,3980,4040,4060,4080,4100,4120,4140,4160,4180,4200,4220,4240,4260,4280,4300,4320,4340,4360,4380,4420,4440,4460,4480,4500,4540,4580,4600,4640,4660,4680,4720,4740,4760,4820,4840,4860,4880,5060,5140,5160,5180,5200,5300,5320,5340,5360,5380,5400,5420,5520,5560,5580,5620,5640,5680,5720,5740,5980,6000,6020,6040,6200,6280,6360,6540,6560,6580,6600,6720,6860,7980,8060,8160,8300,8620,8900,8920,8940,9920,13120],
"fitness": [15393.844727,15118.173828,14935.346680,14892.013672,14838.704102,14734.549805,14675.090820,14616.356445,14583.586914,14500.775391,14401.725586,14390.057617,14296.646484,14179.094727,14142.764648,14066.781250,14035.740234,14005.485352,13985.271484,13862.994141,13800.853516,13774.602539,13720.859375,13675.625977,13649.986328,13604.134766,13559.873047,13558.322266,13534.939453,13478.817383,13453.559570,13425.945312,13373.360352,13356.096680,13310.280273,13291.000000,13251.128906,13221.100586,13182.587891,13112.822266,13086.398438,13053.510742,13005.994141,12965.897461,12922.046875,12875.329102,12868.236328,12810.332031,12745.592773,12690.798828,12685.694336,12656.317383,12632.300781,12603.197266,12586.630859,12544.505859,12509.215820,12486.939453,12444.990234,12423.639648,12408.095703,12392.597656,12362.712891,12353.699219,12314.672852,12304.946289,12287.271484,12248.255859,12208.536133,12186.413086,12164.227539,12137.795898,12108.283203,12071.744141,12058.593750,12041.000000,11998.800781,11982.195312,11972.596680,11967.063477,11945.319336,11924.267578,11892.639648,11861.119141,11804.592773,11802.216797,11767.848633,11736.359375,11722.159180,11682.464844,11657.842773,11641.952148,11629.925781,11612.727539,11596.734375,11580.792969,11573.155273,11564.298828,11540.890625,11521.105469,11492.557617,11481.708008,11460.148438,11444.525391,11420.397461,11401.420898,11384.228516,11373.469727,11370.328125,11347.979492,11332.291016,11320.493164,11304.584961,11291.596680,11279.049805,11273.810547,11246.756836,11236.000000,11203.148438,11184.500977,11165.404297,11155.436523,11130.780273,11125.734375,11098.923828,11080.070312,11058.625000,11041.060547,11019.470703,10991.702148,10979.924805,10972.867188,10937.408203,10919.497070,10901.788086,10861.549805,10852.612305,10844.210938,10824.494141,10800.244141,10782.517578,10764.375000,10753.174805,10730.732422,10725.722656,10694.092773,10675.724609,10653.260742,10649.949219,10647.571289,10609.411133,10606.006836,10569.533203,10542.562500,10537.837891,10510.059570,10471.390625,10457.468750,10445.555664,10426.416016,10406.724609,10404.206055,10396.484375,10379.908203,10362.501953,10351.699219,10340.196289,10331.000000,10262.107422,10240.790039,10187.117188,10133.116211,10128.534180,10112.816406,10105.889648,10085.830078,10079.956055,10062.482422,10040.765625,10034.337891,10019.624023,9990.815430,9934.353516,9911.667969,9864.509766,9821.691406,9814.109375,9784.367188,9781.614258,9774.965820,9750.678711,9727.955078,9700.516602,9684.779297,9643.264648,9624.523438,9594.088867,9564.000000,9542.186523,9511.085938,9503.927734,9454.109375,9444.942383,9418.231445,9394.572266,9375.475586,9367.709961,9311.167969,9294.129883,9283.216797,9272.947266,9270.596680,9201.434570,9157.936523,9148.774414,9142.785156,9114.832031,9109.970703,9092.469727,9080.394531,9076.881836,9065.803711,9055.451172,9022.622070,8977.656250,8952.008789,8937.813477,8930.902344,8898.166016,8875.228516,8864.723633,8854.940430,8826.270508,8825.778320,8823.756836,8792.994141,8782.124023,8778.043945,8751.938477,8734.204102,8727.990234,8707.931641,8694.134766,8692.484375,8688.249023,8685.650391,8650.518555,8646.058594,8643.238281,8638.630859,8635.649414,8630.554688,8624.148438,8621.885742,8621.885742]
}