{
"iteraciones": [20,40,60,80,100,140,160,180,200,220,240,260,280,300,320,340,360,380,400,420,440,460,500,520,540,560,580,600,620,640,660,680,700,720,740,760,800,820,840,860,880,900,920,940,960,980,1000,1020,1040,1080,1100,1120,1140,1160,1180,1200,1220,1240,1260,1280,1300,1320,1340,1400,1420,1440,1460,1480,1500,1520,1540,1560,1580,1600,1620,1640,1660,1680,1700,1720,1740,1760,1780,1800,1820,1840,1860,1880,1900,1920,1940,1960,1980,2000,2020,2040,2060,2080,2100,2120,2140,2160,2180,2200,2240,2260,2280,2300,2320,2360,2380,2400,2440,2480,2500,2520,2540,2580,2600,2620,2640,2660,2680,2720,2740,2760,2780,2800,2820,2860,2880,2920,2960,2980,3000,3020,3040,3100,3120,3140,3160,3180,3200,3220,3240,3260,3300,3320,3440,3580,3600,3620,3640,3680,3760,3820,3840,3880,3920,3940,3960,4040,4060,4420,4520,4540,4560,4700,4980,5000,5160,5380,5580,5900,5920,5940,6060,6120,6240,6460,7200,7720,7780,8140,11340],
"fitness": [15113.629883,15081.822266,14711.509766,14693.522461,14345.577148,14273.718750,14191.976562,14092.205078,14048.620117,14031.651367,13977.743164,13961.599609,13911.370117,13843.931641,13816.253906,13742.299805,13727.284180,13690.769531,13658.432617,13589.592773,13563.671875,13472.579102,13397.890625,13337.620117,13297.389648,13282.798828,13238.581055,13190.538086,13157.949219,13094.690430,13084.866211,13042.849609,12988.075195,12965.165039,12914.711914,12869.427734,12806.754883,12767.434570,12739.929688,12707.466797,12628.028320,12593.340820,12538.049805,12483.804688,12458.455078,12442.679688,12441.851562,12397.042969,12312.718750,12239.346680,12201.583984,12194.814453,12152.113281,12137.336914,12072.256836,12051.258789,12025.834961,11991.574219,11949.257812,11885.838867,11875.621094,11821.631836,11752.716797,11694.410156,11639.490234,11572.851562,11539.719727,11502.194336,11441.632812,11391.494141,11381.665039,11352.466797,11311.256836,11264.178711,11197.989258,11157.544922,11143.683594,11090.571289,11079.929688,11055.615234,11007.975586,10965.365234,10914.783203,10899.119141,10859.168945,10842.512695,10791.502930,10765.988281,10732.304688,10702.891602,10692.940430,10660.554688,10616.319336,10576.642578,10553.000977,10541.507812,10512.817383,10480.431641,10475.342773,10460.749023,10438.355469,10428.269531,10398.629883,10358.760742,10341.699219,10325.838867,10298.144531,10262.282227,10240.240234,10218.234375,10185.022461,10156.533203,10135.599609,10104.061523,10067.718750,10046.818359,9967.405273,9953.659180,9910.687500,9872.853516,9850.923828,9843.249023,9786.525391,9755.106445,9715.219727,9701.003906,9658.578125,9612.445312,9561.561523,9537.616211,9489.570312,9470.583008,9410.795898,9364.126953,9339.631836,9320.021484,9315.864258,9301.524414,9295.931641,9280.230469,9262.827148,9221.541992,9205.307617,9187.638672,9164.540039,9151.820312,9141.599609,9115.291016,9059.051758,9054.214844,9042.601562,9040.228516,9016.920898,9004.266602,8976.262695,8943.821289,8936.009766,8909.634766,8886.458008,8872.936523,8836.937500,8803.507812,8799.322266,8753.551758,8739.579102,8716.321289,8714.559570,8709.869141,8707.640625,8703.166992,8701.608398,8700.399414,8656.977539,8653.494141,8651.966797,8650.552734,8645.019531,8639.808594,8636.862305,8630.554688,8629.603516,8625.215820,8624.373047,8621.885742,8621.885742]
}