{
"iteraciones": [20,40,60,80,100,120,140,200,220,240,260,280,300,320,340,360,380,400,420,440,460,480,500,520,540,560,580,600,620,640,660,680,700,720,740,760,780,800,820,840,860,880,900,920,940,960,980,1000,1020,1060,1080,1100,1120,1140,1160,1180,1200,1220,1240,1280,1300,1320,1340,1360,1380,1400,1460,1480,1500,1520,1580,1600,1620,1640,1660,1700,1720,1740,1760,1780,1800,1820,1840,1860,1880,1900,1920,1940,1960,1980,2000,2020,2040,2060,2080,2100,2120,2140,2160,2180,2200,2220,2240,2260,2280,2300,2320,2360,2380,2400,2420,2440,2460,2480,2500,2540,2580,2600,2620,2640,2700,2720,2740,2760,2800,2820,2840,2860,2880,2900,2920,2940,2960,3000,3040,3080,3100,3120,3140,3200,3220,3260,3280,3300,3320,3380,3400,3420,3440,3480,3500,3580,3600,3620,3640,3800,3840,3900,3920,4020,4080,4100,4120,4140,4200,4400,4640,4740,4760,5060,5440,5520,5540,8740],
"fitness": [15277.654297,15052.060547,15041.334961,14749.656250,14742.683594,14521.304688,14255.262695,14251.460938,14128.763672,14061.516602,13882.559570,13857.955078,13798.917969,13768.718750,13703.933594,13667.906250,13653.880859,13608.000000,13556.475586,13499.657227,13439.330078,13423.459961,13368.267578,13289.936523,13242.009766,13185.124023,13159.004883,13092.772461,13063.620117,13028.744141,12969.480469,12943.855469,12875.152344,12843.002930,12807.208008,12772.041016,12743.880859,12715.164062,12665.408203,12610.088867,12593.172852,12545.666992,12514.166016,12462.358398,12401.084961,12361.881836,12289.791016,12260.434570,12159.266602,12145.453125,12122.616211,12090.214844,12029.295898,11952.792969,11898.334961,11880.636719,11821.375977,11794.787109,11716.577148,11691.446289,11643.839844,11607.035156,11601.907227,11577.260742,11561.302734,11459.736328,11431.409180,11417.858398,11380.866211,11293.414062,11238.983398,11205.613281,11196.025391,11177.409180,11167.879883,11157.075195,11081.134766,11063.000000,11020.491211,10987.025391,10950.373047,10939.976562,10912.783203,10891.407227,10854.083984,10829.333008,10808.113281,10757.032227,10738.281250,10710.234375,10689.699219,10647.718750,10610.666016,10607.031250,10524.666016,10500.649414,10489.745117,10438.205078,10390.371094,10365.624023,10320.489258,10319.870117,10272.583984,10223.125977,10174.325195,10173.676758,10131.707031,10124.000000,10059.734375,10051.247070,10007.017578,9994.226562,9963.574219,9928.429688,9904.511719,9872.119141,9862.627930,9833.052734,9817.933594,9713.424805,9683.276367,9671.519531,9649.538086,9632.494141,9614.988281,9598.654297,9597.562500,9579.980469,9562.328125,9527.435547,9492.867188,9477.144531,9438.086914,9412.307617,9385.580078,9351.606445,9343.275391,9322.211914,9278.845703,9263.409180,9225.619141,9196.289062,9155.056641,9151.511719,9138.319336,9101.844727,9088.785156,9072.359375,9032.554688,9006.707031,8996.058594,8974.230469,8939.600586,8927.225586,8888.587891,8883.166992,8850.654297,8841.721680,8816.000000,8757.679688,8735.931641,8728.210938,8698.925781,8679.338867,8675.387695,8669.272461,8664.189453,8662.041992,8660.686523,8649.504883,8641.393555,8630.140625,8624.148438,8624.148438]
}