{
"iteraciones": [20,40,60,80,100,120,140,160,180,220,240,260,280,300,320,340,360,400,420,440,460,480,500,520,540,560,580,600,620,640,660,680,700,720,740,760,780,800,820,840,860,880,900,920,940,960,980,1000,1020,1040,1060,1080,1100,1120,1140,1160,1180,1200,1220,1240,1260,1320,1340,1360,1380,1400,1420,1440,1460,1480,1500,1520,1540,1560,1580,1600,1620,1640,1660,1680,1700,1720,1740,1760,1780,1820,1840,1860,1900,1920,1940,1980,2000,2020,2040,2060,2080,2100,2120,2160,2220,2240,2260,2300,2320,2340,2400,2420,2440,2460,2480,2500,2520,2540,2560,2580,2600,2620,2640,2660,2680,2700,2720,2740,2800,2820,2840,2860,2880,2920,2960,2980,3000,3020,3040,3060,3100,3120,3160,3180,3200,3240,3340,3380,3440,3460,3480,3500,3520,3580,3600,3620,3640,3660,3680,3740,3820,3840,3860,3880,3900,4000,4060,4140,4320,4340,4680,4700,4720,4740,4800,4840,4880,5000,5060,5080,5140,5260,5400,5740,5760,5780,5840,6020,6140,6900,6920,6960,6980,7080,7560,8000,8220,11420],
"fitness": [15267.704102,15040.580078,15022.208008,14701.807617,14481.441406,14394.168945,14288.041992,14245.369141,14149.541016,14104.387695,14072.154297,14012.451172,13970.870117,13911.524414,13893.188477,13855.286133,13782.733398,13724.981445,13708.208984,13657.466797,13638.885742,13575.341797,13569.594727,13536.571289,13467.239258,13422.399414,13363.402344,13352.383789,13265.144531,13219.155273,13200.692383,13176.382812,13137.813477,13108.761719,13081.907227,13075.474609,13035.870117,12991.651367,12955.945312,12927.587891,12872.863281,12836.768555,12806.047852,12733.006836,12698.862305,12694.758789,12636.958008,12609.524414,12559.440430,12523.045898,12462.254883,12440.983398,12409.099609,12329.436523,12288.491211,12266.387695,12215.079102,12160.000977,12149.000000,12100.106445,11974.798828,11951.394531,11901.708008,11852.822266,11822.325195,11761.449219,11747.585938,11709.218750,11663.363281,11637.714844,11604.920898,11567.025391,11525.531250,11469.230469,11448.453125,11418.341797,11331.580078,11284.064453,11262.925781,11193.375000,11191.334961,11150.019531,11129.101562,11095.095703,11062.764648,10982.733398,10936.204102,10905.500000,10900.703125,10888.075195,10817.560547,10786.491211,10779.422852,10749.204102,10720.277344,10664.871094,10655.227539,10622.127930,10621.810547,10556.918945,10553.313477,10515.773438,10461.353516,10445.693359,10395.849609,10332.677734,10297.346680,10285.710938,10244.309570,10176.319336,10162.625977,10140.225586,10117.593750,10096.000000,10074.082031,10058.480469,10045.974609,10014.451172,9992.010742,9969.562500,9940.439453,9906.541992,9895.126953,9879.978516,9867.896484,9782.879883,9778.698242,9734.040039,9723.282227,9699.673828,9697.847656,9688.987305,9668.088867,9627.009766,9605.109375,9563.188477,9562.395508,9540.920898,9521.147461,9498.291016,9438.454102,9390.722656,9367.772461,9345.262695,9323.909180,9316.094727,9293.957031,9278.838867,9262.530273,9246.469727,9216.939453,9174.443359,9161.451172,9127.968750,9104.427734,9061.981445,9055.368164,9002.245117,9001.256836,8977.427734,8950.132812,8907.892578,8904.336914,8875.067383,8873.927734,8857.534180,8851.416992,8840.217773,8833.424805,8815.575195,8808.198242,8803.279297,8801.810547,8788.396484,8787.152344,8782.975586,8780.164062,8772.484375,8751.382812,8744.620117,8718.485352,8698.589844,8680.901367,8662.874023,8645.662109,8642.564453,8639.381836,8637.218750,8635.637695,8631.793945,8629.603516,8625.349609,8621.885742,8621.885742]
}