{
"iteraciones": [20,40,60,80,100,120,140,160,200,220,240,260,280,300,320,340,360,380,400,420,440,460,480,500,520,540,580,600,620,640,660,680,700,720,740,760,780,800,820,840,860,880,900,920,940,960,980,1000,1020,1040,1060,1080,1100,1120,1140,1160,1180,1240,1260,1280,1300,1320,1340,1360,1380,1400,1420,1440,1460,1480,1500,1520,1540,1580,1600,1620,1680,1700,1720,1740,1760,1780,1800,1820,1840,1860,1880,1900,1920,1940,1960,2000,2020,2040,2060,2100,2160,2180,2200,2240,2260,2300,2320,2360,2380,2400,2420,2440,2460,2480,2520,2540,2560,2600,2680,2700,2720,2740,2760,2820,2840,2860,2960,3000,3040,3060,3080,3140,3260,3300,3320,3340,3360,3420,3440,3460,3480,3540,3560,3580,3600,3620,3660,3680,3700,3780,3800,3820,3840,3860,3880,3900,3920,3940,3960,3980,4020,4040,4080,4100,4120,4140,4200,4220,4240,4260,4280,4360,4380,4400,4420,4440,4520,4540,4560,4580,4600,4620,4640,4660,4720,4740,4760,4780,4820,4840,4940,4960,5040,5080,5100,5120,5140,5160,5180,5200,5220,5240,5260,5280,5300,5320,5340,5360,5380,5400,5440,5460,5500,5520,5560,5580,5600,5620,5640,5660,5680,5700,5720,5740,5760,5780,5800,5880,5900,5940,6000,6040,6060,6120,6240,6260,6320,6340,6360,6400,6420,6440,6480,6500,6560,6580,6600,6620,6700,6740,6820,6840,6860,6920,7080,7100,7160,7260,7340,7360,7380,7620,7640,7800,7880,7900,7940,7960,8040,8220,8280,8300,8320,8340,9140,9340,9380,9480,10040,13240],
"fitness": [15397.287109,15173.485352,15101.617188,14937.783203,14777.257812,14594.935547,14508.180664,14211.949219,14184.598633,14031.390625,13992.650391,13939.654297,13860.860352,13776.899414,13697.190430,13683.781250,13643.974609,13622.989258,13602.278320,13581.065430,13537.751953,13515.305664,13489.963867,13439.088867,13423.021484,13359.631836,13290.921875,13265.473633,13220.540039,13199.284180,13151.038086,13135.170898,13111.887695,13063.934570,12964.660156,12946.750977,12929.562500,12888.797852,12860.345703,12835.965820,12801.232422,12764.887695,12700.871094,12693.348633,12630.252930,12573.000000,12541.700195,12532.043945,12501.486328,12458.723633,12434.104492,12431.091797,12409.274414,12377.582031,12361.916016,12336.000000,12252.193359,12228.349609,12219.477539,12187.317383,12171.747070,12145.172852,12122.178711,12102.813477,12085.455078,12058.039062,12030.006836,12020.207031,12007.000000,11982.741211,11978.208008,11962.838867,11950.558594,11936.000000,11929.081055,11908.916992,11898.227539,11883.455078,11865.459961,11861.168945,11834.023438,11818.992188,11807.829102,11803.844727,11785.581055,11776.363281,11760.984375,11750.704102,11725.677734,11698.737305,11689.187500,11669.742188,11645.467773,11636.750000,11604.911133,11600.790039,11596.838867,11591.101562,11583.045898,11579.773438,11578.624023,11553.841797,11541.519531,11529.275391,11521.716797,11510.015625,11508.996094,11497.079102,11494.552734,11473.517578,11466.701172,11451.039062,11432.761719,11404.409180,11402.717773,11365.562500,11360.424805,11357.000000,11343.480469,11339.842773,11323.038086,11300.181641,11290.059570,11280.096680,11276.009766,11269.135742,11259.448242,11247.380859,11230.659180,11229.066406,11226.126953,11207.571289,11202.991211,11182.775391,11179.373047,11161.275391,11150.285156,11148.432617,11141.000000,11134.000000,11130.640625,11129.634766,11123.663086,11112.324219,11072.858398,11071.523438,11064.569336,11038.733398,11027.908203,11018.809570,11015.984375,10997.601562,10992.361328,10985.943359,10982.848633,10968.724609,10956.006836,10950.567383,10940.150391,10935.113281,10932.000000,10913.576172,10897.869141,10888.843750,10884.389648,10881.952148,10863.100586,10842.459961,10824.068359,10815.472656,10812.297852,10807.259766,10787.591797,10761.043945,10743.937500,10724.255859,10718.666016,10687.183594,10681.317383,10645.537109,10632.914062,10617.633789,10610.391602,10598.848633,10583.767578,10559.233398,10550.418945,10506.393555,10483.731445,10481.964844,10454.962891,10435.948242,10423.261719,10399.000000,10388.377930,10372.035156,10360.849609,10343.122070,10329.688477,10328.095703,10312.531250,10303.000000,10281.425781,10277.449219,10260.587891,10223.048828,10199.547852,10194.279297,10189.543945,10157.825195,10154.318359,10129.778320,10111.131836,10110.916992,10074.673828,10062.222656,10042.910156,10031.872070,10021.872070,10019.181641,10018.820312,9995.200195,9993.735352,9985.710938,9977.938477,9954.820312,9919.779297,9883.853516,9863.671875,9836.606445,9786.899414,9769.829102,9768.000000,9764.175781,9726.426758,9705.641602,9695.442383,9664.787109,9633.644531,9631.832031,9624.474609,9612.211914,9608.493164,9602.921875,9598.018555,9595.044922,9575.504883,9563.792969,9532.925781,9529.996094,9524.508789,9510.708984,9501.961914,9469.561523,9464.554688,9451.026367,9428.601562,9420.133789,9415.753906,9405.259766,9385.560547,9378.207031,9377.521484,9348.895508,9347.341797,9340.128906,9339.185547,9337.000000,9334.841797,9333.882812,9332.644531,9331.000000,9329.533203,9317.697266,9315.638672,9315.000000]
}