{
"iteraciones": [20,40,60,120,140,160,180,200,220,240,260,280,300,320,340,360,380,400,440,460,480,500,520,540,560,580,620,640,660,680,700,720,740,760,780,800,820,840,860,880,900,920,940,960,980,1000,1020,1040,1060,1080,1100,1120,1140,1160,1180,1200,1220,1240,1260,1280,1300,1320,1340,1360,1380,1400,1420,1440,1460,1480,1500,1520,1540,1580,1600,1620,1640,1660,1680,1700,1720,1740,1760,1780,1800,1820,1840,1860,1880,1900,1920,2000,2040,2060,2080,2100,2120,2160,2180,2200,2220,2240,2280,2300,2320,2340,2360,2400,2420,2440,2480,2540,2560,2580,2600,2620,2640,2660,2680,2700,2760,2780,2800,2880,2900,2920,2940,2960,2980,3000,3020,3040,3060,3080,3100,3120,3160,3200,3220,3240,3260,3280,3300,3320,3360,3460,3500,3520,3540,3560,3580,3600,3620,3700,3740,3760,3780,3800,3820,3860,3880,3900,3920,3980,4000,4080,4120,4180,4200,4220,4280,4440,4480,4500,4520,4540,4820,4980,5020,5220,5360,5560,5580,5620,5640,6000,6720,6740,7280,10480],
"fitness": [15301.451172,15154.774414,14778.358398,14650.039062,14619.477539,14479.439453,14429.385742,14386.495117,14330.596680,14316.514648,14273.822266,14188.850586,14176.791992,14069.792969,14061.349609,14018.355469,13929.523438,13782.465820,13747.978516,13672.348633,13641.012695,13562.337891,13546.486328,13452.048828,13402.700195,13295.374023,13252.915039,13228.964844,13197.903320,13151.545898,13124.825195,13096.100586,13048.885742,13030.390625,12987.981445,12944.693359,12923.617188,12880.291992,12858.717773,12810.018555,12722.804688,12685.170898,12645.756836,12612.472656,12575.894531,12551.518555,12503.034180,12497.527344,12433.864258,12417.805664,12400.540039,12384.000000,12354.166992,12307.787109,12284.649414,12276.000977,12218.778320,12195.215820,12159.000000,12080.290039,12077.817383,12030.880859,11989.910156,11938.510742,11922.171875,11883.250000,11800.128906,11786.322266,11742.561523,11718.765625,11692.583984,11661.328125,11596.995117,11553.334961,11507.436523,11449.715820,11429.980469,11395.360352,11326.394531,11291.891602,11250.104492,11235.781250,11177.637695,11176.461914,11135.033203,11088.615234,11055.472656,11005.119141,10950.103516,10922.882812,10852.117188,10815.722656,10784.991211,10761.578125,10737.697266,10736.441406,10693.411133,10675.359375,10640.741211,10607.000000,10555.372070,10487.038086,10421.660156,10400.363281,10347.915039,10306.861328,10251.830078,10237.506836,10216.037109,10161.511719,10121.218750,10086.227539,10064.951172,9998.598633,9985.960938,9983.558594,9947.240234,9942.698242,9923.566406,9913.383789,9904.702148,9865.985352,9816.014648,9813.342773,9783.478516,9748.886719,9727.629883,9712.518555,9680.513672,9665.924805,9645.921875,9622.603516,9600.817383,9586.675781,9574.720703,9546.525391,9507.229492,9485.234375,9455.498047,9433.758789,9399.640625,9383.609375,9323.833008,9271.156250,9267.570312,9235.755859,9215.525391,9204.150391,9186.437500,9165.489258,9157.673828,9141.503906,9125.662109,9095.821289,9070.812500,9048.384766,9002.568359,8972.463867,8943.234375,8936.785156,8891.766602,8872.409180,8846.824219,8840.254883,8813.078125,8803.442383,8788.302734,8782.553711,8767.525391,8759.347656,8754.812500,8745.238281,8715.319336,8705.890625,8699.916992,8694.520508,8690.186523,8682.059570,8674.578125,8672.804688,8654.435547,8653.909180,8636.815430,8633.078125,8631.742188,8627.762695,8625.290039,8624.296875,8621.885742,8621.885742]
}