{
"iteraciones": [20,40,60,80,100,120,140,160,180,200,220,240,260,280,300,320,340,360,380,400,420,440,460,480,500,520,540,560,580,600,620,640,660,680,700,720,740,760,800,820,840,860,880,900,920,940,980,1000,1020,1040,1060,1080,1100,1120,1140,1160,1180,1200,1220,1240,1260,1280,1300,1320,1340,1360,1380,1400,1420,1440,1460,1480,1500,1520,1540,1560,1580,1600,1620,1640,1660,1680,1700,1720,1740,1760,1780,1800,1820,1840,1860,1920,1960,1980,2000,2040,2060,2080,2100,2120,2140,2160,2180,2200,2220,2240,2260,2280,2300,2320,2340,2360,2380,2400,2420,2440,2460,2480,2520,2540,2580,2620,2660,2680,2720,2740,2760,2800,2860,2900,2960,2980,3040,3080,3100,3160,3180,3200,3220,3240,3280,3300,3340,3360,3380,3420,3440,3460,3480,3500,3520,3540,3580,3660,3720,3740,3760,3780,3800,3940,3960,3980,4000,4020,4040,4080,4180,4240,4280,4320,4460,4560,4580,4940,4960,5200,5280,5380,5440,5480,5560,5700,5920,6180,6200,6220,6240,6340,6640,7420,10620],
"fitness": [15407.218750,15082.584961,15001.870117,14855.392578,14649.538086,14558.060547,14518.528320,14466.401367,14349.447266,14346.363281,14255.860352,14231.845703,14154.000000,14070.262695,14046.678711,14002.545898,13895.169922,13824.385742,13796.621094,13718.934570,13669.603516,13650.936523,13609.485352,13562.785156,13522.291992,13498.862305,13450.192383,13432.789062,13390.244141,13313.461914,13286.997070,13252.140625,13196.338867,13139.440430,13091.164062,13061.160156,13032.727539,12972.470703,12923.009766,12869.422852,12831.248047,12813.944336,12768.069336,12673.504883,12642.396484,12558.603516,12478.782227,12440.933594,12355.606445,12225.544922,12209.927734,12175.370117,12159.173828,12102.266602,12086.730469,12024.667969,11992.943359,11923.150391,11905.389648,11861.759766,11842.306641,11793.481445,11757.902344,11699.525391,11683.469727,11657.059570,11622.084961,11587.496094,11566.597656,11484.289062,11440.255859,11420.058594,11358.900391,11357.877930,11290.340820,11221.657227,11210.803711,11177.623047,11148.583008,11119.005859,11086.387695,11081.248047,11056.710938,11036.992188,11007.781250,10986.480469,10957.718750,10932.134766,10919.226562,10893.120117,10850.105469,10804.828125,10783.817383,10758.412109,10718.005859,10687.493164,10680.082031,10609.867188,10566.644531,10562.942383,10539.127930,10534.116211,10512.505859,10496.481445,10460.689453,10444.793945,10434.711914,10406.071289,10399.802734,10355.225586,10349.751953,10298.854492,10247.459961,10179.281250,10149.201172,10086.000000,10020.314453,10006.558594,9998.297852,9942.970703,9911.404297,9872.296875,9847.628906,9797.480469,9791.886719,9748.615234,9700.326172,9661.073242,9588.759766,9558.541992,9551.959961,9518.844727,9502.370117,9473.947266,9434.303711,9425.127930,9387.028320,9372.634766,9330.694336,9307.266602,9260.085938,9254.407227,9228.792969,9206.241211,9201.368164,9188.182617,9187.332031,9134.963867,9132.095703,9131.924805,9075.868164,9051.938477,9037.810547,9008.087891,8992.624023,8989.539062,8967.503906,8964.730469,8954.175781,8951.095703,8911.771484,8896.978516,8895.428711,8832.969727,8826.152344,8818.672852,8815.125000,8812.520508,8806.897461,8801.479492,8794.411133,8791.923828,8772.416992,8771.485352,8723.733398,8698.138672,8697.686523,8682.830078,8665.651367,8644.843750,8643.049805,8642.666992,8639.154297,8637.707031,8634.000000,8633.973633,8632.517578,8628.283203,8624.148438,8621.885742,8621.885742]
}