{
"iteraciones": [40,60,80,100,120,140,160,180,200,220,240,260,280,300,320,340,360,380,400,420,440,460,480,500,520,540,560,580,600,620,640,680,700,720,740,760,780,800,820,840,860,880,900,920,940,960,980,1000,1020,1040,1060,1080,1120,1140,1160,1180,1200,1220,1240,1260,1280,1300,1320,1340,1360,1380,1400,1420,1440,1460,1480,1500,1520,1540,1560,1580,1600,1620,1640,1660,1680,1700,1720,1740,1780,1800,1820,1840,1860,1880,1900,1920,1940,1960,1980,2000,2020,2040,2060,2080,2100,2120,2140,2180,2200,2220,2240,2260,2280,2300,2320,2340,2360,2420,2440,2460,2480,2500,2540,2560,2580,2620,2700,2720,2740,2760,2780,2800,2840,2860,2880,2900,2920,2940,2960,3020,3040,3080,3100,3140,3200,3280,3300,3320,3340,3360,3420,3460,3480,3520,3560,3600,3640,3660,3680,3780,3800,3820,3840,3860,3900,4340,4360,4380,4400,4420,4460,4480,4500,4540,4580,4760,4780,4880,4960,5800,6140,6660,7000,7440,7480,7880,8420,11620],
"fitness": [14991.206055,14840.710938,14611.894531,14479.343750,14327.504883,14199.404297,14098.025391,14061.488281,14052.962891,13997.472656,13960.408203,13946.976562,13892.142578,13862.965820,13840.151367,13787.728516,13750.662109,13701.200195,13674.429688,13619.236328,13590.562500,13583.158203,13538.799805,13521.126953,13492.411133,13468.608398,13373.754883,13345.953125,13332.984375,13287.555664,13217.220703,13196.920898,13156.978516,13077.254883,13005.212891,12979.867188,12952.010742,12929.534180,12902.362305,12861.430664,12814.291016,12808.792969,12760.043945,12717.286133,12691.582031,12616.759766,12607.510742,12539.230469,12492.899414,12457.458008,12421.314453,12320.335938,12271.192383,12237.650391,12203.202148,12165.822266,12117.173828,12083.535156,12040.729492,11950.803711,11881.875977,11870.813477,11838.819336,11830.984375,11806.211914,11780.227539,11765.476562,11732.905273,11688.141602,11653.866211,11630.624023,11603.392578,11552.117188,11518.167969,11447.368164,11445.000000,11382.419922,11373.711914,11337.071289,11292.201172,11269.865234,11260.781250,11185.906250,11136.520508,11102.055664,11076.769531,11058.712891,11020.000000,10973.000000,10911.072266,10905.732422,10849.385742,10837.340820,10825.262695,10803.168945,10754.076172,10720.726562,10665.101562,10636.887695,10605.149414,10555.514648,10525.726562,10467.576172,10449.955078,10414.680664,10390.753906,10381.413086,10345.999023,10314.876953,10292.845703,10285.250000,10233.494141,10206.634766,10164.796875,10131.779297,10121.358398,10095.800781,10060.025391,10040.927734,10014.604492,9986.126953,9936.822266,9912.541016,9903.383789,9900.810547,9855.528320,9842.402344,9808.434570,9749.143555,9730.125977,9675.625977,9663.498047,9618.535156,9594.314453,9553.002930,9537.473633,9473.208008,9406.456055,9373.677734,9328.808594,9321.649414,9298.795898,9282.270508,9266.037109,9241.076172,9228.369141,9202.546875,9178.585938,9166.600586,9137.488281,9093.645508,9081.391602,9050.092773,9047.954102,9018.916016,9010.814453,8997.244141,8988.731445,8967.602539,8966.595703,8927.335938,8919.868164,8896.596680,8879.368164,8875.367188,8871.970703,8861.637695,8853.963867,8800.159180,8772.115234,8712.517578,8698.511719,8696.872070,8690.493164,8681.473633,8665.796875,8635.979492,8634.735352,8631.742188,8629.052734,8625.290039,8624.296875,8621.885742,8621.885742]
}