{
"iteraciones": [20,40,60,80,120,140,160,180,200,220,240,260,280,300,320,340,360,380,400,420,440,460,480,500,520,560,580,600,620,640,660,680,700,720,740,760,800,820,840,860,880,900,920,940,960,980,1000,1020,1040,1060,1080,1100,1120,1140,1160,1180,1200,1220,1240,1260,1300,1320,1340,1360,1380,1400,1420,1440,1460,1480,1500,1520,1560,1600,1620,1640,1660,1680,1700,1720,1740,1760,1780,1800,1820,1840,1860,1880,1900,1920,1940,1960,1980,2000,2020,2040,2060,2080,2100,2120,2140,2180,2200,2220,2240,2260,2280,2300,2320,2340,2360,2380,2400,2440,2460,2500,2520,2540,2560,2620,2640,2660,2680,2700,2720,2740,2760,2780,2820,2840,2860,2880,2920,2940,3000,3020,3040,3060,3080,3100,3140,3200,3220,3240,3280,3300,3340,3400,3420,3460,3480,3500,3520,3540,3560,3580,3620,3640,3660,3680,3700,3720,3800,3820,3840,3860,3880,3980,4000,4020,4040,4080,4100,4120,4140,4160,4180,4200,4320,4400,4420,4440,4460,4500,4520,4540,4560,4600,4620,4640,4660,4700,4820,4840,4860,4880,4900,4920,4940,4960,4980,5020,5060,5100,5120,5140,5220,5240,5260,5280,5300,5320,5340,5420,5440,5460,5480,5500,5520,5560,5580,5620,5660,5680,5700,5720,5740,5760,5780,5880,5920,5940,5960,5980,6020,6040,6060,6080,6200,6240,6340,6460,6480,6500,6520,6580,6640,6740,6760,6780,6800,6840,6860,6880,6920,6980,7240,7260,7300,7320,7440,7500,7520,7540,7680,7700,7800,8020,8260,8320,8420,8440,8480,8500,10600,11320,14520],
"fitness": [15406.553711,15038.563477,15009.887695,14662.306641,14612.852539,14342.358398,14324.508789,14117.519531,14078.958984,13991.585938,13889.491211,13820.344727,13756.526367,13705.623047,13667.523438,13637.185547,13605.753906,13519.384766,13485.799805,13460.109375,13425.579102,13398.343750,13381.092773,13342.595703,13238.862305,13234.831055,13185.473633,13160.207031,13137.684570,13108.028320,13092.957031,13058.123047,13002.049805,13000.205078,12965.121094,12912.902344,12885.714844,12879.796875,12840.396484,12811.884766,12798.194336,12764.275391,12735.068359,12683.835938,12660.145508,12617.367188,12601.079102,12560.832031,12521.764648,12499.492188,12457.987305,12427.950195,12381.661133,12358.745117,12320.293945,12297.761719,12274.224609,12261.223633,12243.085938,12192.915039,12184.367188,12140.176758,12135.234375,12124.620117,12115.257812,12103.353516,12088.398438,12069.062500,12065.795898,12026.750000,12014.486328,11967.697266,11949.989258,11915.247070,11893.673828,11861.997070,11824.066406,11811.405273,11789.563477,11770.865234,11755.601562,11747.791016,11746.340820,11721.516602,11684.604492,11681.151367,11661.684570,11659.754883,11632.795898,11620.875977,11616.727539,11598.955078,11595.304688,11572.831055,11564.595703,11543.467773,11536.674805,11507.163086,11482.707031,11475.851562,11471.689453,11452.521484,11441.951172,11431.238281,11412.344727,11409.536133,11390.688477,11379.045898,11376.117188,11358.439453,11356.208984,11345.684570,11338.862305,11310.449219,11303.914062,11295.216797,11291.574219,11278.594727,11266.445312,11262.118164,11257.717773,11250.597656,11234.040039,11226.718750,11224.375000,11198.085938,11189.789062,11183.126953,11166.808594,11160.311523,11149.539062,11138.294922,11124.097656,11109.258789,11091.893555,11088.685547,11074.137695,11067.545898,11066.180664,11059.000000,11037.125977,11034.346680,11002.873047,10996.080078,10972.598633,10968.113281,10954.153320,10944.579102,10923.279297,10917.809570,10895.982422,10890.563477,10876.348633,10871.695312,10870.899414,10820.794922,10797.036133,10773.461914,10748.091797,10731.725586,10726.041016,10718.235352,10694.977539,10689.126953,10679.914062,10660.773438,10648.748047,10638.373047,10629.332031,10620.338867,10603.583984,10587.006836,10579.541992,10567.789062,10565.437500,10554.329102,10551.605469,10538.229492,10489.957031,10478.557617,10465.105469,10459.072266,10437.204102,10417.799805,10403.207031,10402.059570,10369.623047,10362.223633,10331.514648,10319.252930,10302.178711,10293.207031,10268.192383,10267.424805,10248.690430,10237.155273,10230.194336,10223.803711,10212.468750,10203.954102,10202.797852,10188.188477,10183.653320,10172.090820,10168.748047,10129.620117,10119.487305,10095.032227,10083.082031,10073.824219,10062.257812,10045.813477,9996.414062,9976.313477,9947.603516,9930.248047,9923.164062,9915.236328,9914.388672,9906.539062,9902.261719,9899.934570,9895.295898,9884.312500,9859.054688,9841.002930,9829.882812,9828.155273,9780.864258,9750.574219,9737.012695,9722.830078,9717.084961,9679.317383,9665.283203,9647.786133,9644.166992,9624.634766,9613.171875,9604.656250,9596.925781,9592.701172,9588.069336,9570.364258,9553.263672,9550.266602,9547.910156,9543.425781,9539.369141,9525.465820,9515.176758,9497.992188,9496.279297,9473.823242,9471.213867,9452.764648,9450.349609,9444.191406,9443.107422,9439.603516,9431.127930,9412.405273,9401.590820,9400.097656,9391.356445,9387.658203,9386.850586,9385.824219,9377.682617,9371.255859,9355.437500,9350.923828,9349.920898,9347.249023,9326.744141,9315.638672,9315.000000]
}