{
"iteraciones": [20,40,60,80,100,120,140,160,180,200,220,240,260,280,300,320,340,360,380,400,420,440,460,480,500,520,540,560,580,600,620,640,660,680,700,720,740,760,780,800,820,840,860,880,900,920,940,960,980,1000,1020,1040,1060,1080,1100,1120,1140,1160,1180,1200,1220,1240,1280,1300,1320,1340,1360,1380,1420,1440,1460,1480,1500,1520,1540,1560,1580,1600,1620,1660,1680,1700,1720,1740,1760,1780,1820,1840,1860,1880,1900,1920,1960,1980,2020,2040,2060,2080,2120,2140,2160,2180,2200,2220,2260,2280,2320,2340,2380,2400,2420,2440,2460,2500,2520,2540,2580,2600,2620,2640,2660,2680,2700,2720,2740,2760,2780,2800,2820,2840,2860,2880,2900,2920,2940,2960,3060,3080,3120,3180,3200,3220,3260,3300,3320,3340,3380,3400,3440,3460,3480,3500,3520,3540,3560,3580,3660,3680,3700,3720,3740,3760,3940,3960,4000,4060,4120,4140,4160,4180,4220,4300,4320,4340,4360,4380,4400,4420,4520,4660,4680,4700,5220,5440,5460,6120,6140,6180,6380,6460,6480,6500,6660,7040,7480,7520,7760,7900,11100],
"fitness": [15100.419922,15023.713867,14784.944336,14620.120117,14406.620117,14346.555664,14302.178711,14292.241211,14216.255859,14199.839844,14124.815430,14095.447266,14031.145508,14000.759766,13951.635742,13890.090820,13882.869141,13841.213867,13820.014648,13788.797852,13731.310547,13708.426758,13669.300781,13634.897461,13629.913086,13584.896484,13546.556641,13514.625000,13496.886719,13411.708008,13406.052734,13348.953125,13286.502930,13260.095703,13225.091797,13174.041992,13151.267578,13119.208984,13060.296875,13045.431641,13034.333008,12992.585938,12952.537109,12905.271484,12892.094727,12869.252930,12847.106445,12806.290039,12773.824219,12747.374023,12712.055664,12698.798828,12654.544922,12628.666992,12608.626953,12576.225586,12556.851562,12525.988281,12471.618164,12445.651367,12401.517578,12342.940430,12319.429688,12274.050781,12248.333008,12217.936523,12181.001953,12132.236328,12059.813477,12019.044922,11989.410156,11957.673828,11869.429688,11865.493164,11826.621094,11817.791992,11781.480469,11763.059570,11715.772461,11696.873047,11665.607422,11642.252930,11597.736328,11586.978516,11567.102539,11526.499023,11496.684570,11473.120117,11409.994141,11341.706055,11312.759766,11276.070312,11235.790039,11190.554688,11147.501953,11097.865234,11091.473633,10963.374023,10926.677734,10918.438477,10902.506836,10887.439453,10870.398438,10801.706055,10789.378906,10691.242188,10635.831055,10603.941406,10592.264648,10570.174805,10539.875977,10491.177734,10467.282227,10414.855469,10371.725586,10355.638672,10320.696289,10300.714844,10243.022461,10195.258789,10181.396484,10160.512695,10156.119141,10151.058594,10125.185547,10094.732422,10090.925781,10035.959961,10011.159180,9987.511719,9981.742188,9966.297852,9957.718750,9925.955078,9903.375977,9861.359375,9825.154297,9807.451172,9757.391602,9720.431641,9706.873047,9677.492188,9654.576172,9639.857422,9603.913086,9570.289062,9530.488281,9512.454102,9475.976562,9474.753906,9419.611328,9396.104492,9378.156250,9367.264648,9362.366211,9317.759766,9285.868164,9281.358398,9250.538086,9216.837891,9192.659180,9132.296875,9122.019531,9089.909180,9071.621094,9054.405273,9052.156250,9017.645508,9006.916016,9004.593750,8989.636719,8974.996094,8972.629883,8957.497070,8906.083008,8868.425781,8840.034180,8813.551758,8785.035156,8781.328125,8741.591797,8714.595703,8698.744141,8697.803711,8681.537109,8678.907227,8675.533203,8674.410156,8658.895508,8646.125977,8639.714844,8638.526367,8637.725586,8633.072266,8632.000000,8631.165039,8627.012695,8621.885742,8621.885742]
}