{
"iteraciones": [20,40,60,80,100,120,140,160,180,200,220,240,260,280,320,340,360,380,400,420,440,480,500,520,540,560,580,600,620,640,660,680,700,720,740,760,780,800,820,840,860,880,900,920,940,960,980,1000,1020,1040,1060,1080,1100,1120,1160,1180,1200,1220,1240,1260,1280,1300,1320,1340,1360,1380,1400,1440,1460,1480,1500,1520,1560,1580,1600,1620,1640,1660,1680,1700,1720,1740,1760,1780,1800,1820,1840,1860,1880,1900,1920,1940,1960,1980,2000,2020,2040,2060,2080,2100,2120,2180,2200,2220,2240,2260,2280,2300,2340,2360,2380,2400,2420,2460,2480,2500,2520,2540,2560,2580,2600,2620,2640,2660,2700,2720,2740,2760,2780,2800,2820,2860,2880,2900,2920,2980,3000,3020,3040,3080,3100,3120,3200,3220,3240,3260,3320,3340,3360,3380,3400,3420,3460,3500,3540,3560,3600,3640,3660,3720,3740,3760,3960,3980,4020,4100,4200,4220,4240,4280,4340,4380,4400,4480,4620,4740,4760,4800,4960,5160,5280,5320,5520,5580,5600,5740,6220,6840,10040],
"fitness": [15116.985352,15062.543945,14709.262695,14635.833984,14549.174805,14428.399414,14377.796875,14308.056641,14219.258789,14144.962891,14118.656250,14052.632812,14016.788086,13975.808594,13941.189453,13865.715820,13837.773438,13767.595703,13729.000000,13620.943359,13548.764648,13491.609375,13437.414062,13374.791992,13346.733398,13313.530273,13238.716797,13198.092773,13138.915039,13071.424805,13010.571289,13003.356445,12900.259766,12886.481445,12880.000000,12841.742188,12774.621094,12765.958984,12733.037109,12682.439453,12661.882812,12604.864258,12564.252930,12549.014648,12496.874023,12473.000000,12442.219727,12400.080078,12385.504883,12334.311523,12312.640625,12271.641602,12209.013672,12143.756836,12102.994141,12070.364258,12030.097656,12029.125000,11989.294922,11953.466797,11915.349609,11912.489258,11826.444336,11799.745117,11781.981445,11759.103516,11718.147461,11681.971680,11616.233398,11594.501953,11588.581055,11533.849609,11500.368164,11491.956055,11448.093750,11434.299805,11384.650391,11356.841797,11333.490234,11296.832031,11278.603516,11232.855469,11174.628906,11159.628906,11133.577148,11095.975586,11059.229492,11022.227539,11008.777344,10970.208008,10955.252930,10929.961914,10928.765625,10881.400391,10854.786133,10833.120117,10752.749023,10746.123047,10726.280273,10676.685547,10583.565430,10551.029297,10541.536133,10534.802734,10485.858398,10414.838867,10378.115234,10340.711914,10300.698242,10250.144531,10181.340820,10139.873047,10121.815430,10092.053711,10074.848633,10066.559570,10025.639648,10006.214844,9983.479492,9975.171875,9938.186523,9929.931641,9906.938477,9877.830078,9868.646484,9852.620117,9833.360352,9809.895508,9768.984375,9699.620117,9676.316406,9644.705078,9621.147461,9607.529297,9588.985352,9557.609375,9522.221680,9516.647461,9463.623047,9447.697266,9428.924805,9405.797852,9395.591797,9380.537109,9373.968750,9346.789062,9314.673828,9310.381836,9263.419922,9226.549805,9216.817383,9158.403320,9151.005859,9138.055664,9130.012695,9123.449219,9103.112305,9074.907227,9048.233398,9031.771484,8984.518555,8966.827148,8954.351562,8942.771484,8888.309570,8851.458984,8849.091797,8842.216797,8835.014648,8832.814453,8825.461914,8821.848633,8816.449219,8809.132812,8786.479492,8769.789062,8750.440430,8711.068359,8710.903320,8694.032227,8686.938477,8667.732422,8660.831055,8656.321289,8653.880859,8632.305664,8625.215820,8621.885742,8621.885742]
}