{
"iteraciones": [20,40,60,80,100,120,140,160,180,200,220,240,260,280,300,320,340,360,380,420,440,460,480,500,520,540,580,600,620,640,660,680,700,720,740,760,780,800,820,840,860,880,900,920,940,960,980,1000,1020,1040,1060,1080,1100,1120,1140,1160,1180,1200,1220,1240,1260,1280,1300,1320,1340,1360,1400,1420,1440,1460,1480,1500,1520,1540,1580,1600,1620,1640,1700,1720,1740,1760,1780,1800,1820,1840,1860,1880,1900,1920,1940,1960,1980,2000,2020,2040,2060,2080,2100,2120,2160,2180,2200,2240,2260,2280,2300,2320,2340,2360,2380,2420,2440,2460,2480,2500,2580,2600,2620,2640,2660,2680,2700,2720,2740,2760,2780,2800,2820,2840,2860,2880,2900,2940,2960,2980,3000,3020,3060,3080,3100,3120,3140,3180,3260,3300,3340,3360,3380,3400,3420,3440,3460,3480,3500,3520,3640,3660,3680,3720,3740,3760,3800,3820,3840,3860,3880,3900,3920,3960,3980,4000,4040,4060,4100,4140,4160,4180,4260,4360,4380,4400,4460,4480,4940,4960,5000,5160,7580,9100,10560,12180,15380],
"fitness": [15088.418945,14850.666992,14822.675781,14545.512695,14506.062500,14364.053711,14255.747070,14199.000000,14097.280273,14054.986328,13991.024414,13941.626953,13882.076172,13869.041016,13800.875000,13782.648438,13769.609375,13706.761719,13669.451172,13606.839844,13600.939453,13543.416016,13489.063477,13461.816406,13439.882812,13365.321289,13339.531250,13306.793945,13263.480469,13243.813477,13195.322266,13146.994141,13142.107422,13107.294922,13080.232422,13037.445312,13023.592773,12949.151367,12894.264648,12869.553711,12848.016602,12810.916016,12788.756836,12749.817383,12715.540039,12646.698242,12605.715820,12560.701172,12517.955078,12475.765625,12443.057617,12392.773438,12341.784180,12322.572266,12280.681641,12213.428711,12195.961914,12172.076172,12133.040039,12113.615234,12074.538086,12067.324219,12042.327148,12016.434570,12002.081055,11970.447266,11964.006836,11924.541992,11882.784180,11850.095703,11806.890625,11779.079102,11746.451172,11677.333984,11654.844727,11635.651367,11624.658203,11519.964844,11483.929688,11407.936523,11362.911133,11341.542969,11315.378906,11292.412109,11252.324219,11245.443359,11220.293945,11191.008789,11154.822266,11132.467773,11098.563477,11050.098633,11040.541016,10995.349609,10968.318359,10940.273438,10928.082031,10896.646484,10881.557617,10827.874023,10810.101562,10767.172852,10723.764648,10694.937500,10671.359375,10663.661133,10629.729492,10627.864258,10603.053711,10588.956055,10554.612305,10548.301758,10527.924805,10493.757812,10441.503906,10391.544922,10384.532227,10344.438477,10308.516602,10293.568359,10248.282227,10211.541992,10193.214844,10192.250977,10162.348633,10147.137695,10108.725586,10073.812500,10063.501953,10029.881836,10007.937500,9981.668945,9936.604492,9890.798828,9864.289062,9849.575195,9823.039062,9821.069336,9811.648438,9783.530273,9773.967773,9757.100586,9741.499023,9645.416992,9569.381836,9541.653320,9533.624023,9503.539062,9497.177734,9473.573242,9411.668945,9409.880859,9396.798828,9389.025391,9384.444336,9336.009766,9309.093750,9284.571289,9269.470703,9243.505859,9235.668945,9206.166016,9157.699219,9108.992188,9095.970703,9053.763672,9038.484375,9016.733398,9001.178711,8990.173828,8960.398438,8936.954102,8931.000000,8921.000000,8889.923828,8873.718750,8842.549805,8824.585938,8818.175781,8811.956055,8805.418945,8793.732422,8787.379883,8747.972656,8721.720703,8703.710938,8697.343750,8664.630859,8632.829102,8631.165039,8630.445312,8621.885742,8621.885742]
}