{
"iteraciones": [20,40,60,80,100,120,140,160,180,200,220,240,260,280,300,320,340,360,380,400,420,440,460,480,500,520,540,560,580,600,620,640,660,680,700,720,740,760,780,800,820,840,860,900,920,960,980,1000,1020,1040,1060,1080,1100,1120,1140,1180,1200,1220,1260,1280,1300,1320,1340,1360,1380,1400,1420,1440,1460,1480,1500,1520,1560,1580,1620,1640,1660,1680,1700,1720,1740,1760,1780,1800,1820,1840,1860,1880,1900,1920,1960,1980,2000,2040,2060,2080,2100,2120,2140,2180,2200,2240,2260,2280,2300,2320,2340,2360,2380,2400,2420,2440,2460,2480,2500,2520,2540,2560,2600,2620,2660,2680,2700,2720,2740,2780,2800,2820,2840,2860,2880,2900,2920,2940,2960,2980,3000,3020,3040,3060,3080,3100,3120,3140,3160,3240,3260,3280,3300,3340,3360,3380,3400,3420,3440,3460,3520,3620,3660,3680,3720,3740,3760,3780,3820,3840,3940,3960,4040,4080,4100,4120,4140,4160,4380,4420,4540,4560,4580,4740,4760,4780,5200,5220,5240,5700,6580,6620,6680,8020,11220],
"fitness": [15372.363281,15081.610352,14988.886719,14773.674805,14545.992188,14442.225586,14381.031250,14303.285156,14189.569336,14020.463867,13960.363281,13957.481445,13895.802734,13857.727539,13786.711914,13751.210938,13723.837891,13660.713867,13625.456055,13575.146484,13550.484375,13521.103516,13477.000000,13441.817383,13403.754883,13329.534180,13323.982422,13290.100586,13239.030273,13229.833984,13193.414062,13166.868164,13091.923828,13074.748047,13016.398438,12980.955078,12914.337891,12883.458984,12850.806641,12789.821289,12751.164062,12734.138672,12675.337891,12614.708984,12573.264648,12534.035156,12505.683594,12429.580078,12396.626953,12378.583008,12323.128906,12307.677734,12227.865234,12187.645508,12136.318359,12078.491211,12056.459961,12016.769531,11983.919922,11970.232422,11946.711914,11920.179688,11898.477539,11863.833984,11862.704102,11837.772461,11794.736328,11770.404297,11760.405273,11747.211914,11716.451172,11617.977539,11602.573242,11522.040039,11491.744141,11452.591797,11396.212891,11373.833008,11327.504883,11291.848633,11260.616211,11224.463867,11198.713867,11144.769531,11114.531250,11084.006836,11064.884766,11027.632812,11016.970703,10989.977539,10980.389648,10958.371094,10940.369141,10930.441406,10904.186523,10886.910156,10855.620117,10821.883789,10774.872070,10743.578125,10721.428711,10703.549805,10666.190430,10629.102539,10619.383789,10586.000000,10547.925781,10514.018555,10487.505859,10456.659180,10435.803711,10426.909180,10401.652344,10388.540039,10358.843750,10333.587891,10326.815430,10241.175781,10198.531250,10187.988281,10173.430664,10147.879883,10130.000000,10088.276367,10026.846680,9959.390625,9945.020508,9857.157227,9851.755859,9848.518555,9820.436523,9803.245117,9781.208984,9738.134766,9711.761719,9690.148438,9681.712891,9655.676758,9645.868164,9590.785156,9560.240234,9554.977539,9515.956055,9501.497070,9444.021484,9433.124023,9400.383789,9376.812500,9365.884766,9345.841797,9328.523438,9289.757812,9274.628906,9256.581055,9239.375977,9224.677734,9195.733398,9136.926758,9110.486328,9071.797852,9070.879883,9047.217773,9027.000000,8989.074219,8974.642578,8959.378906,8941.113281,8920.530273,8912.392578,8897.359375,8896.169922,8877.815430,8829.862305,8794.003906,8782.182617,8771.331055,8758.724609,8751.271484,8734.353516,8726.281250,8703.138672,8688.977539,8682.929688,8678.587891,8668.604492,8646.144531,8633.631836,8627.663086,8626.570312,8621.885742,8621.885742]
}