{
"iteraciones": [20,40,60,80,100,120,140,160,180,200,220,240,280,300,320,340,360,380,400,420,440,460,480,520,540,560,580,600,620,640,660,680,700,720,740,760,780,800,820,840,880,900,920,940,960,980,1000,1020,1040,1060,1080,1120,1140,1180,1200,1220,1260,1280,1300,1320,1340,1360,1380,1400,1420,1440,1460,1480,1500,1540,1560,1580,1600,1640,1660,1680,1720,1740,1760,1780,1800,1840,1860,1880,1900,1920,1940,1960,1980,2000,2020,2040,2060,2080,2100,2120,2160,2180,2200,2220,2260,2280,2300,2320,2340,2380,2420,2440,2460,2480,2520,2540,2560,2580,2600,2640,2660,2680,2700,2720,2760,2780,2820,2880,2920,2960,2980,3060,3080,3140,3160,3220,3240,3260,3300,3380,3400,3440,3500,3520,3540,3640,3660,3680,3700,3720,3740,3760,3780,3840,3860,3900,3940,3960,3980,4020,4040,4060,4080,4180,4200,4220,4240,4260,4280,4320,4340,4400,4420,4440,4460,4540,4560,4580,4640,4660,4700,4720,4740,4760,4780,4800,4840,4860,4880,4920,4980,5000,5040,5060,5080,5100,5240,5280,5300,5320,5340,5360,5380,5400,5420,5440,5460,5480,5500,5520,5560,5580,5620,5640,5660,5680,5700,5740,5780,5800,5820,5840,5860,5880,5900,5920,5940,5960,5980,6000,6020,6040,6060,6080,6100,6120,6180,6200,6220,6240,6260,6280,6320,6360,6380,6400,6420,6440,6460,6540,6580,6600,6620,6680,6720,6740,6780,6800,6820,6840,6860,6880,6900,6960,6980,7040,7080,7100,7120,7200,7220,7240,7280,7400,7460,7520,7540,7580,7600,7640,7660,7680,7700,7880,8120,8140,8380,8400,8420,8440,8620,8800,8820,8840,8860,8980,9060,9080,9360,9400,9640,9660,9680,9740,10140,10180,10340,10600,13800],
"fitness": [15398.527344,15033.008789,15012.926758,14845.837891,14671.096680,14580.702148,14445.734375,14365.832031,14320.043945,14255.470703,14237.796875,14128.897461,14115.709961,14081.231445,14047.219727,14002.906250,13966.082031,13935.056641,13903.088867,13874.205078,13824.135742,13803.081055,13699.126953,13652.094727,13566.874023,13539.332031,13512.786133,13476.088867,13464.970703,13418.252930,13386.173828,13366.791992,13303.106445,13271.303711,13258.503906,13215.448242,13176.668945,13144.807617,13133.228516,13059.727539,13058.377930,12998.444336,12966.691406,12948.750000,12926.909180,12889.354492,12844.219727,12822.318359,12808.417969,12772.313477,12748.365234,12706.529297,12659.848633,12647.934570,12572.004883,12522.340820,12507.955078,12469.324219,12450.000000,12406.508789,12380.995117,12376.694336,12363.928711,12353.000000,12335.223633,12301.028320,12288.677734,12244.583984,12220.140625,12219.016602,12199.000000,12184.723633,12159.143555,12145.272461,12112.335938,12077.797852,12065.355469,12025.083008,12002.371094,11997.649414,11973.572266,11962.371094,11950.055664,11930.625977,11923.824219,11910.334961,11881.656250,11870.647461,11840.779297,11836.231445,11811.405273,11808.250977,11779.274414,11773.312500,11766.192383,11723.166016,11716.933594,11682.967773,11678.994141,11656.312500,11640.989258,11619.577148,11602.098633,11595.209961,11577.000000,11564.266602,11549.786133,11535.966797,11524.200195,11501.953125,11498.283203,11475.266602,11474.373047,11468.447266,11451.422852,11449.451172,11435.100586,11422.121094,11419.761719,11396.098633,11387.906250,11385.510742,11370.538086,11362.623047,11359.095703,11353.000000,11347.227539,11346.894531,11338.883789,11337.796875,11323.322266,11315.686523,11313.208008,11309.785156,11306.148438,11291.248047,11285.745117,11280.447266,11279.000000,11273.946289,11259.061523,11249.984375,11243.046875,11230.231445,11220.912109,11218.235352,11201.166016,11196.420898,11184.583008,11181.916016,11179.585938,11172.631836,11169.039062,11167.818359,11155.586914,11144.367188,11140.357422,11137.728516,11126.522461,11108.481445,11099.652344,11090.741211,11084.127930,11073.004883,11059.098633,11053.775391,11038.726562,11027.633789,11019.714844,11016.048828,11003.096680,11002.729492,10996.988281,10995.258789,10994.508789,10958.340820,10957.425781,10937.289062,10931.199219,10912.876953,10902.236328,10879.547852,10866.732422,10850.365234,10838.073242,10801.906250,10781.037109,10780.265625,10763.238281,10759.443359,10754.286133,10738.180664,10721.927734,10697.047852,10689.476562,10663.458984,10652.487305,10629.874023,10610.963867,10586.534180,10582.795898,10561.146484,10550.049805,10528.400391,10500.291016,10483.928711,10476.512695,10455.305664,10439.892578,10429.132812,10428.080078,10408.929688,10392.559570,10371.084961,10362.564453,10342.752930,10339.757812,10332.470703,10323.106445,10318.044922,10311.018555,10308.638672,10306.843750,10283.799805,10266.463867,10258.142578,10225.006836,10202.151367,10185.446289,10152.839844,10090.237305,10088.892578,10082.286133,10081.590820,10072.655273,10066.419922,10063.474609,10059.904297,10031.111328,10023.217773,10007.826172,9986.798828,9985.788086,9981.195312,9978.856445,9934.502930,9931.478516,9882.198242,9879.824219,9847.935547,9815.594727,9794.181641,9778.665039,9776.072266,9754.306641,9748.756836,9726.453125,9720.410156,9718.856445,9716.404297,9702.581055,9685.422852,9682.097656,9660.950195,9646.137695,9644.911133,9639.352539,9624.806641,9623.241211,9601.416016,9599.752930,9593.093750,9559.709961,9543.823242,9529.268555,9524.926758,9519.458984,9499.500000,9472.443359,9469.725586,9447.728516,9438.233398,9437.184570,9435.452148,9427.875000,9422.759766,9392.097656,9387.239258,9383.776367,9380.920898,9376.677734,9375.829102,9371.431641,9369.948242,9367.628906,9356.511719,9347.871094,9332.739258,9324.195312,9322.897461,9321.721680,9320.726562,9319.696289,9317.697266,9317.697266]
}