{
"iteraciones": [20,40,60,80,100,120,140,160,180,220,240,260,280,300,320,340,360,400,420,440,460,480,500,520,540,560,580,600,620,640,660,680,700,720,740,760,780,800,820,840,880,900,920,940,960,980,1000,1020,1040,1060,1080,1120,1140,1160,1180,1200,1220,1240,1260,1300,1340,1360,1380,1400,1420,1440,1460,1500,1520,1540,1560,1580,1600,1640,1660,1680,1720,1760,1780,1800,1820,1840,1880,1900,1920,1940,1960,1980,2020,2040,2060,2080,2100,2120,2140,2160,2180,2200,2220,2240,2320,2340,2360,2420,2440,2460,2480,2520,2560,2600,2620,2640,2660,2680,2720,2740,2760,2800,2940,2960,2980,3000,3140,3160,3380,3400,3440,3480,3500,3540,3580,3600,3620,3660,3680,3700,3720,3740,3780,3800,3840,3920,3940,3960,3980,4000,4020,4040,4120,4140,4160,4180,4200,4220,4240,4260,4280,4300,4360,4380,4400,4420,4440,4460,4480,4520,4540,4600,4620,4640,4660,4700,4720,4740,4780,4820,4860,4880,4900,4940,4980,5000,5020,5060,5100,5120,5140,5180,5220,5240,5260,5280,5300,5320,5340,5360,5380,5420,5480,5500,5520,5580,5600,5620,5640,5660,5680,5700,5720,5760,5780,5800,5820,5840,5880,5900,5920,5940,5960,6000,6020,6040,6060,6080,6100,6120,6140,6180,6200,6220,6260,6280,6300,6320,6400,6420,6440,6460,6480,6500,6540,6560,6580,6600,6620,6640,6660,6680,6700,6720,6740,6760,6780,6800,6820,6860,6880,6900,6920,6940,6980,7040,7060,7080,7100,7120,7140,7160,7180,7200,7220,7280,7320,7340,7360,7380,7400,7420,7440,7480,7540,7560,7580,7600,7680,7780,7800,7920,7940,7960,7980,8000,8020,8100,8120,8160,8220,8240,8280,8320,8340,8360,8380,8540,8560,8620,8640,8760,8840,8980,9000,9020,9160,9280,9560,9760,9840,10280,10560,10580,10620,10640,10660,10680,10980,11000,11180,11200,11320,11800,12060,13940,14300,15020,18220],
"fitness": [15212.371094,15210.187500,14972.195312,14883.397461,14786.123047,14697.865234,14448.269531,14372.873047,14139.015625,14122.018555,13992.107422,13907.027344,13889.862305,13824.858398,13807.620117,13759.788086,13713.912109,13609.074219,13590.267578,13565.662109,13535.967773,13524.872070,13465.801758,13411.544922,13373.846680,13336.251953,13290.679688,13253.035156,13223.623047,13184.898438,13178.036133,13132.135742,13121.510742,13072.666016,13071.129883,13027.373047,13001.532227,12962.554688,12949.200195,12886.983398,12871.012695,12827.778320,12822.985352,12791.592773,12749.214844,12736.000000,12680.725586,12648.641602,12595.708008,12576.718750,12509.668945,12506.116211,12478.178711,12464.141602,12439.325195,12429.496094,12410.783203,12381.295898,12345.571289,12298.747070,12280.603516,12250.787109,12227.247070,12221.723633,12192.533203,12154.690430,12138.144531,12097.442383,12095.374023,12086.161133,12077.121094,12065.277344,12027.928711,12017.455078,11994.325195,11966.331055,11934.258789,11920.039062,11904.209961,11874.224609,11855.704102,11834.870117,11830.751953,11806.086914,11802.974609,11777.233398,11750.000000,11736.403320,11729.378906,11711.757812,11701.035156,11697.000000,11684.260742,11643.665039,11625.968750,11618.195312,11607.087891,11595.205078,11579.345703,11562.660156,11556.430664,11550.096680,11527.858398,11503.021484,11489.698242,11478.455078,11458.585938,11434.956055,11429.489258,11426.336914,11424.804688,11420.275391,11412.790039,11396.765625,11395.663086,11385.458008,11365.431641,11350.589844,11332.903320,11321.977539,11310.363281,11305.252930,11304.958984,11302.386719,11298.130859,11296.642578,11294.846680,11292.606445,11289.431641,11288.070312,11285.224609,11283.377930,11277.561523,11274.541992,11261.253906,11257.428711,11246.125977,11237.748047,11232.691406,11224.071289,11219.489258,11218.117188,11217.403320,11215.000000,11211.102539,11208.935547,11206.829102,11200.339844,11195.108398,11184.229492,11181.536133,11171.800781,11164.641602,11161.146484,11160.106445,11157.512695,11151.316406,11144.038086,11143.593750,11133.577148,11131.969727,11123.000000,11119.400391,11107.442383,11097.354492,11093.796875,11080.920898,11079.111328,11069.791016,11057.789062,11051.861328,11042.484375,11039.310547,11021.883789,11018.791992,11007.934570,11004.948242,11002.727539,10996.149414,10993.908203,10990.957031,10979.000000,10955.990234,10943.449219,10935.526367,10913.510742,10900.553711,10884.727539,10883.536133,10874.449219,10859.613281,10853.687500,10841.039062,10838.196289,10823.750000,10813.765625,10811.625000,10764.773438,10760.968750,10734.488281,10720.317383,10718.739258,10716.301758,10712.090820,10695.802734,10682.753906,10663.774414,10652.756836,10635.971680,10602.683594,10582.611328,10572.514648,10569.477539,10554.121094,10535.099609,10528.203125,10512.430664,10487.590820,10447.238281,10444.533203,10419.252930,10409.473633,10407.144531,10381.711914,10367.000000,10358.368164,10327.968750,10321.050781,10283.817383,10262.813477,10258.828125,10240.713867,10227.740234,10211.238281,10206.959961,10179.025391,10150.524414,10127.266602,10104.257812,10073.461914,10056.230469,10033.756836,10021.053711,10014.908203,10002.204102,9991.990234,9981.615234,9952.716797,9940.571289,9904.449219,9874.875977,9863.768555,9835.292969,9830.637695,9811.690430,9803.429688,9772.500977,9770.017578,9758.445312,9738.405273,9692.918945,9675.131836,9644.939453,9615.031250,9591.213867,9582.596680,9569.222656,9552.874023,9531.753906,9512.060547,9492.239258,9482.129883,9474.877930,9459.905273,9442.503906,9413.790039,9410.946289,9393.077148,9386.799805,9373.816406,9370.648438,9363.623047,9300.395508,9279.478516,9257.309570,9250.127930,9239.208008,9221.155273,9196.253906,9168.616211,9163.843750,9144.239258,9120.256836,9119.960938,9087.000977,9065.293945,9043.992188,9008.581055,8983.939453,8973.462891,8962.878906,8918.456055,8901.356445,8900.263672,8884.492188,8843.318359,8826.448242,8821.052734,8809.018555,8807.824219,8792.989258,8791.728516,8790.113281,8788.810547,8773.707031,8769.497070,8768.755859,8766.054688,8748.961914,8732.081055,8715.702148,8709.755859,8694.173828,8682.341797,8679.510742,8651.261719,8648.131836,8646.731445,8638.877930,8629.521484,8627.740234,8625.290039,8624.296875,8621.885742,8621.885742]
}