{
"iteraciones": [20,40,60,80,100,120,140,160,180,200,220,240,260,280,300,320,340,360,380,400,420,440,460,480,500,520,540,560,580,600,620,640,660,680,700,720,740,760,780,800,820,840,860,880,900,920,940,960,980,1000,1020,1040,1060,1100,1120,1160,1180,1200,1220,1240,1260,1280,1300,1320,1340,1360,1380,1400,1420,1440,1460,1480,1500,1520,1540,1560,1580,1600,1620,1640,1660,1680,1700,1740,1760,1780,1840,1860,1900,1920,1940,1960,2000,2020,2040,2060,2080,2100,2120,2140,2160,2180,2200,2240,2260,2280,2300,2320,2340,2360,2380,2400,2420,2440,2460,2500,2520,2560,2580,2600,2620,2640,2680,2700,2720,2740,2760,2780,2820,2840,2860,2880,2900,2920,2940,2960,3000,3020,3040,3060,3080,3100,3120,3140,3160,3180,3200,3220,3240,3260,3280,3300,3320,3340,3360,3380,3400,3420,3440,3460,3480,3500,3540,3580,3600,3620,3640,3660,3680,3700,3720,3740,3760,3780,3800,3880,3900,3920,3940,3960,3980,4000,4020,4040,4080,4100,4160,4180,4200,4220,4240,4260,4280,4320,4460,4480,4500,4560,4640,4660,4680,4720,4740,4780,4800,4820,4840,4860,4880,4900,4920,5060,5260,5280,5340,5380,5400,5600,5720,5740,5800,5840,6000,6060,6160,6240,6720,6780,6800,7300,7600,8080,9760,9800,10040,10920,14120],
"fitness": [15234.283203,15154.474609,14685.214844,14674.875977,14436.209961,14305.333008,14196.957031,14084.381836,14065.500000,14002.146484,13965.225586,13878.111328,13854.389648,13789.879883,13764.703125,13718.946289,13682.522461,13652.126953,13632.295898,13605.777344,13564.243164,13503.814453,13494.013672,13467.330078,13428.654297,13403.015625,13334.649414,13309.962891,13246.186523,13187.327148,13148.927734,13081.676758,13031.395508,12988.573242,12948.358398,12912.215820,12874.045898,12842.379883,12798.789062,12774.085938,12746.788086,12727.939453,12712.227539,12692.556641,12649.400391,12609.583984,12570.512695,12549.540039,12528.679688,12469.043945,12458.128906,12437.192383,12403.849609,12376.822266,12316.276367,12287.993164,12273.438477,12249.318359,12229.645508,12211.023438,12183.512695,12154.786133,12122.448242,12098.741211,12078.536133,12039.647461,12016.426758,11977.477539,11951.743164,11940.230469,11923.963867,11900.242188,11873.633789,11849.214844,11816.237305,11782.673828,11766.842773,11723.103516,11712.476562,11675.008789,11672.300781,11625.834961,11590.937500,11565.432617,11559.227539,11510.427734,11499.839844,11448.202148,11427.934570,11400.379883,11394.046875,11363.867188,11357.068359,11323.036133,11301.607422,11288.331055,11259.636719,11256.845703,11235.612305,11216.856445,11204.102539,11201.023438,11190.481445,11176.048828,11141.190430,11132.442383,11106.898438,11083.312500,11072.323242,11040.603516,11002.037109,10952.741211,10938.655273,10925.494141,10893.490234,10851.464844,10816.548828,10781.433594,10777.431641,10744.429688,10738.699219,10707.341797,10697.203125,10683.000000,10662.087891,10653.479492,10641.078125,10606.271484,10593.832031,10575.940430,10560.377930,10551.637695,10520.208008,10515.461914,10478.033203,10418.594727,10404.792969,10356.670898,10313.493164,10303.072266,10287.995117,10280.638672,10242.103516,10218.216797,10201.574219,10172.571289,10139.707031,10104.946289,10069.000000,10036.574219,10018.199219,9977.964844,9968.985352,9928.643555,9912.945312,9898.864258,9871.604492,9848.056641,9809.791016,9807.312500,9786.763672,9759.322266,9720.536133,9716.205078,9658.892578,9657.016602,9619.259766,9595.621094,9581.072266,9567.914062,9549.215820,9542.015625,9528.938477,9512.132812,9474.847656,9462.563477,9433.481445,9410.295898,9397.097656,9373.175781,9358.548828,9351.385742,9344.594727,9327.588867,9322.776367,9304.772461,9297.498047,9267.298828,9261.402344,9225.311523,9212.856445,9199.012695,9152.197266,9112.046875,9110.770508,9071.543945,9060.208984,9021.025391,9000.560547,8998.517578,8982.467773,8970.283203,8958.577148,8949.962891,8948.014648,8930.100586,8925.686523,8903.770508,8891.148438,8886.359375,8882.313477,8850.324219,8829.203125,8824.956055,8816.395508,8810.595703,8805.624023,8775.248047,8773.707031,8746.699219,8742.024414,8715.079102,8704.176758,8700.237305,8696.891602,8691.461914,8676.911133,8673.090820,8672.903320,8640.707031,8637.672852,8632.829102,8629.929688,8628.404297,8624.148438,8621.885742,8621.885742]
}