{
"iteraciones": [20,40,60,80,100,120,140,160,180,200,220,240,260,280,300,340,360,380,400,420,460,480,500,520,540,560,580,600,620,640,660,680,700,720,740,760,780,800,820,840,860,880,900,920,940,960,980,1000,1020,1040,1060,1080,1100,1140,1160,1180,1200,1220,1240,1260,1280,1300,1320,1340,1360,1380,1400,1420,1440,1460,1480,1540,1560,1580,1600,1620,1640,1660,1680,1700,1720,1740,1780,1800,1820,1840,1860,1900,1920,1940,1960,1980,2000,2020,2040,2060,2080,2100,2120,2140,2160,2200,2240,2260,2280,2300,2320,2340,2380,2400,2420,2440,2460,2480,2500,2540,2560,2580,2600,2620,2640,2660,2700,2720,2740,2760,2780,2800,2820,2840,2860,2880,2900,2920,2940,2960,2980,3000,3020,3040,3060,3080,3100,3120,3140,3160,3200,3220,3240,3260,3280,3300,3320,3340,3360,3380,3400,3440,3460,3480,3500,3520,3560,3580,3600,3620,3660,3680,3700,3720,3740,3760,3780,3800,3860,3880,3900,3920,3960,4000,4040,4060,4080,4100,4120,4140,4160,4180,4200,4220,4280,4300,4320,4360,4480,4500,4540,4560,4580,4600,4680,4700,4820,4840,4860,4880,4960,5020,5060,5080,5140,5360,5400,5420,5440,5460,5600,5620,5700,5840,5920,5960,6240,6400,6420,6440,6640,6660,6700,8540,9140,9660,12860],
"fitness": [15353.483398,15104.951172,14996.521484,14878.132812,14759.882812,14695.009766,14543.833984,14485.021484,14406.724609,14402.747070,14350.548828,14281.057617,14268.904297,14248.134766,14131.584961,14109.983398,14086.096680,14062.745117,14013.941406,13950.750000,13846.644531,13841.698242,13759.055664,13723.749023,13680.760742,13632.986328,13611.662109,13556.380859,13524.000000,13479.475586,13451.117188,13428.379883,13395.972656,13344.047852,13320.781250,13290.958984,13257.817383,13242.794922,13207.123047,13187.328125,13162.059570,13148.969727,13123.198242,13091.466797,13071.583008,13034.319336,12987.711914,12953.307617,12910.669922,12890.242188,12853.662109,12815.032227,12748.476562,12739.780273,12664.757812,12560.701172,12531.089844,12504.827148,12445.637695,12423.050781,12396.042969,12365.798828,12334.550781,12287.927734,12283.073242,12255.434570,12222.452148,12205.341797,12182.308594,12176.284180,12108.875977,12101.567383,12070.453125,12053.416992,12025.142578,12013.339844,11982.710938,11962.146484,11952.180664,11933.645508,11910.299805,11841.717773,11827.291016,11809.375000,11784.568359,11783.016602,11751.301758,11712.875977,11696.048828,11676.000000,11628.353516,11605.560547,11568.572266,11567.994141,11522.198242,11503.674805,11478.420898,11461.882812,11460.117188,11437.334961,11416.939453,11359.248047,11335.784180,11334.540039,11299.251953,11261.197266,11244.770508,11199.074219,11192.189453,11175.033203,11157.370117,11143.209961,11124.701172,11104.254883,11065.697266,11049.924805,11017.130859,10995.644531,10971.064453,10927.342773,10917.606445,10896.141602,10858.398438,10841.641602,10821.858398,10775.190430,10745.669922,10735.297852,10718.183594,10698.598633,10667.003906,10651.989258,10616.997070,10611.230469,10590.214844,10576.000000,10545.450195,10540.234375,10509.299805,10464.676758,10445.898438,10432.603516,10403.378906,10388.540039,10370.304688,10328.281250,10305.446289,10271.761719,10232.280273,10213.794922,10207.597656,10194.080078,10180.746094,10160.304688,10121.329102,10117.291992,10083.348633,10032.568359,10000.319336,9991.833008,9943.056641,9907.886719,9888.929688,9855.840820,9852.552734,9815.020508,9795.721680,9736.765625,9710.618164,9698.559570,9648.001953,9637.115234,9574.047852,9535.558594,9530.468750,9497.931641,9451.946289,9446.037109,9401.202148,9387.148438,9343.188477,9338.361328,9328.770508,9323.458008,9297.369141,9267.482422,9249.426758,9228.719727,9212.502930,9188.127930,9179.591797,9159.662109,9144.053711,9112.808594,9111.875977,9090.346680,9074.061523,9066.535156,9058.379883,9045.546875,9042.629883,9017.323242,9008.186523,8980.610352,8962.411133,8959.867188,8947.888672,8887.295898,8880.362305,8817.081055,8803.826172,8791.184570,8790.105469,8775.932617,8764.625000,8746.667969,8732.738281,8730.578125,8727.562500,8724.709961,8717.333008,8693.021484,8679.803711,8677.001953,8644.471680,8640.602539,8638.202148,8634.814453,8632.305664,8630.778320,8629.685547,8621.885742,8621.885742]
}