{
"iteraciones": [20,40,60,80,100,140,160,180,200,220,240,260,280,320,340,360,380,400,420,440,460,480,500,520,560,580,600,620,640,660,680,700,720,760,780,800,820,840,880,900,940,960,980,1000,1020,1040,1060,1080,1120,1140,1160,1180,1200,1220,1240,1260,1280,1300,1320,1340,1360,1380,1420,1440,1460,1480,1500,1520,1540,1560,1580,1600,1640,1660,1680,1700,1720,1740,1760,1780,1800,1840,1860,1880,1900,1920,1940,1960,1980,2000,2020,2060,2080,2100,2120,2140,2160,2180,2200,2220,2240,2260,2280,2300,2320,2340,2380,2400,2420,2440,2460,2480,2500,2520,2540,2560,2580,2600,2620,2640,2660,2680,2700,2720,2740,2760,2780,2800,2820,2840,2860,2880,2900,2920,2940,2960,3000,3020,3040,3060,3120,3140,3160,3180,3200,3240,3260,3280,3300,3320,3360,3400,3420,3440,3460,3480,3520,3620,3640,3660,3680,3720,3740,3800,3820,3840,3900,3920,3940,3960,4000,4020,4060,4080,4100,4120,4160,4180,4220,4280,4340,4380,4400,4440,4500,4520,4540,4660,4780,4960,4980,5000,5020,5040,5100,5240,5260,5280,5300,5380,5480,5600,6540,6560,6800,7020,7060,10260],
"fitness": [15508.045898,15321.300781,15059.775391,14935.437500,14733.907227,14574.181641,14534.285156,14459.682617,14387.592773,14330.051758,14271.061523,14196.556641,14157.242188,14130.587891,14089.704102,14063.781250,13988.079102,13946.535156,13914.907227,13862.453125,13830.197266,13785.070312,13718.183594,13631.074219,13574.855469,13536.047852,13507.287109,13481.732422,13456.438477,13420.782227,13376.063477,13342.253906,13253.869141,13185.757812,13147.115234,13127.866211,13064.422852,12984.914062,12977.744141,12894.530273,12862.610352,12833.874023,12769.837891,12740.146484,12673.147461,12607.013672,12572.357422,12518.004883,12481.438477,12453.375000,12446.565430,12409.587891,12393.156250,12329.541992,12316.937500,12269.190430,12238.541992,12225.920898,12195.000000,12178.947266,12125.467773,12079.284180,12065.108398,12025.066406,12013.895508,11976.327148,11950.303711,11911.442383,11886.170898,11840.735352,11836.963867,11798.415039,11761.578125,11747.525391,11740.173828,11673.706055,11660.543945,11625.891602,11619.893555,11609.043945,11537.447266,11504.389648,11458.516602,11441.131836,11426.896484,11395.906250,11377.064453,11366.203125,11314.430664,11284.294922,11198.825195,11165.525391,11118.268555,11081.625000,11065.000000,11063.138672,11006.584961,10988.761719,10965.394531,10939.286133,10888.528320,10849.668945,10802.911133,10785.013672,10766.572266,10725.964844,10710.486328,10671.582031,10656.188477,10655.644531,10616.722656,10599.450195,10581.091797,10569.968750,10559.583008,10531.508789,10510.512695,10473.309570,10466.995117,10442.758789,10429.137695,10399.077148,10392.836914,10385.826172,10357.609375,10317.585938,10295.247070,10270.682617,10248.097656,10226.000000,10186.495117,10139.992188,10111.050781,10095.137695,10041.890625,10027.132812,10002.792969,9956.837891,9945.567383,9922.416992,9896.272461,9839.102539,9776.533203,9767.397461,9695.531250,9663.914062,9651.727539,9650.711914,9632.665039,9598.755859,9561.614258,9555.310547,9515.133789,9502.078125,9493.297852,9489.000000,9449.811523,9444.692383,9406.116211,9379.892578,9363.212891,9324.856445,9300.951172,9289.218750,9278.794922,9241.687500,9240.285156,9210.534180,9199.766602,9189.347656,9152.832031,9148.266602,9147.566406,9120.987305,9111.027344,9068.503906,9053.390625,9014.103516,8984.071289,8917.392578,8910.763672,8903.591797,8893.431641,8841.629883,8835.002930,8806.114258,8794.828125,8768.583984,8745.424805,8736.776367,8726.962891,8720.020508,8719.840820,8715.402344,8712.533203,8710.342773,8708.911133,8707.474609,8703.820312,8702.385742,8700.976562,8672.664062,8639.561523,8638.573242,8630.181641,8629.110352,8627.891602,8627.891602]
}