{
"iteraciones": [20,40,60,80,100,120,180,200,220,240,260,280,300,320,340,360,380,400,440,460,480,500,520,560,580,600,620,640,660,680,700,720,740,760,780,800,840,860,880,920,940,960,980,1000,1020,1040,1060,1080,1100,1120,1140,1160,1180,1200,1220,1240,1260,1280,1300,1320,1340,1360,1380,1400,1420,1460,1480,1500,1520,1540,1560,1580,1600,1620,1640,1660,1680,1700,1720,1740,1760,1780,1800,1820,1840,1860,1880,1900,1960,1980,2000,2020,2040,2080,2100,2120,2140,2160,2180,2200,2220,2240,2260,2280,2300,2360,2380,2400,2420,2440,2460,2480,2500,2540,2560,2580,2620,2660,2680,2700,2720,2740,2760,2780,2800,2820,2900,2940,2960,2980,3000,3020,3040,3060,3080,3100,3120,3140,3180,3200,3220,3240,3260,3280,3340,3360,3380,3400,3420,3440,3520,3540,3560,3580,3620,3680,3720,3740,3780,3820,3860,3960,3980,4000,4020,4060,4080,4100,4120,4140,4160,4200,4240,4280,4440,4580,4640,4680,4700,4720,4740,4860,4880,4900,4920,5000,5140,5280,5300,5320,5340,5360,5380,5420,5460,5480,5520,5720,5740,5780,5840,5860,5880,5900,5940,6020,7620,8500,11700],
"fitness": [15353.957031,15224.584961,14928.103516,14758.848633,14679.591797,14128.434570,14062.749023,13905.665039,13901.026367,13834.467773,13789.977539,13754.329102,13702.082031,13677.469727,13633.110352,13588.312500,13558.445312,13499.487305,13494.232422,13396.563477,13387.669922,13285.816406,13205.916016,13200.250000,13148.182617,13100.547852,13095.116211,13045.468750,13016.734375,12994.512695,12929.051758,12910.876953,12843.501953,12823.807617,12780.643555,12752.220703,12739.000000,12713.853516,12648.637695,12609.766602,12565.813477,12553.465820,12508.321289,12483.434570,12428.026367,12410.421875,12368.841797,12318.595703,12278.523438,12263.819336,12214.867188,12198.467773,12169.690430,12127.956055,12097.885742,12075.385742,12073.752930,12043.532227,12034.683594,12022.661133,11990.456055,11958.012695,11917.984375,11899.567383,11849.072266,11837.618164,11815.718750,11788.683594,11779.165039,11748.942383,11733.486328,11692.875977,11648.593750,11646.903320,11595.261719,11550.910156,11541.313477,11513.046875,11499.539062,11475.868164,11456.280273,11406.008789,11404.532227,11383.117188,11372.561523,11362.925781,11348.453125,11302.577148,11292.035156,11254.653320,11211.958984,11204.130859,11169.933594,11153.422852,11127.377930,11124.842773,11102.452148,11092.795898,11074.639648,11061.609375,11041.513672,11020.950195,10980.288086,10959.175781,10921.524414,10908.598633,10900.445312,10880.519531,10859.088867,10818.435547,10803.115234,10802.557617,10783.310547,10759.289062,10732.323242,10704.061523,10681.601562,10652.846680,10617.027344,10611.011719,10565.129883,10563.600586,10559.247070,10558.506836,10553.155273,10544.999023,10515.442383,10484.792969,10466.197266,10430.443359,10429.176758,10411.961914,10373.087891,10372.286133,10365.756836,10353.577148,10346.260742,10325.521484,10314.747070,10301.083008,10293.687500,10288.116211,10277.668945,10242.209961,10227.999023,10215.089844,10211.599609,10191.476562,10182.151367,10143.503906,10125.261719,10102.657227,10085.337891,10054.018555,10040.898438,10017.305664,10006.500000,9991.742188,9965.864258,9964.844727,9960.962891,9952.071289,9951.424805,9945.332031,9921.375000,9913.887695,9880.326172,9864.536133,9861.393555,9845.512695,9840.952148,9831.053711,9817.061523,9798.034180,9785.684570,9768.737305,9737.800781,9734.754883,9690.529297,9679.895508,9654.766602,9647.127930,9630.030273,9623.848633,9612.901367,9606.326172,9591.863281,9581.565430,9561.750977,9554.258789,9550.000000,9533.320312,9509.412109,9502.965820,9498.469727,9482.992188,9470.390625,9468.901367,9447.770508,9432.502930,9425.617188,9406.856445,9386.002930,9383.810547,9374.422852,9342.325195,9320.047852,9317.697266,9317.697266]
}