{
"iteraciones": [40,60,80,100,120,140,180,200,220,240,260,280,300,320,340,360,380,400,420,440,460,480,500,520,540,560,580,620,640,660,680,700,720,740,760,780,800,820,840,860,900,920,940,960,980,1000,1020,1040,1060,1080,1100,1120,1140,1180,1200,1220,1240,1260,1280,1300,1320,1340,1360,1380,1400,1420,1440,1460,1480,1500,1520,1560,1580,1600,1620,1640,1660,1680,1700,1720,1740,1780,1800,1820,1840,1860,1880,1900,1920,1940,1960,1980,2000,2020,2040,2060,2080,2100,2120,2140,2160,2180,2200,2220,2240,2260,2280,2300,2320,2340,2380,2400,2420,2440,2460,2480,2500,2520,2540,2560,2580,2600,2620,2640,2660,2680,2700,2720,2740,2760,2780,2800,2840,2860,2900,2920,2940,2980,3000,3020,3060,3100,3120,3140,3160,3200,3220,3240,3260,3280,3300,3320,3340,3360,3380,3400,3420,3440,3460,3480,3500,3520,3580,3600,3620,3640,3660,3680,3700,3720,3740,3760,3820,3840,3860,3900,3940,4000,4060,4080,4120,4140,4160,4180,4200,4240,4260,4300,4320,4340,4360,4380,4400,4440,4520,4580,4600,4620,4660,4680,4700,4760,4780,4800,4860,4880,4900,4920,4980,5080,5100,5220,5240,5260,5460,5480,5520,5540,5560,5580,5680,5860,6040,6380,6400,6540,7900,7980,9060,9380,12580],
"fitness": [15110.855469,15057.986328,14947.642578,14904.592773,14844.601562,14760.887695,14714.257812,14622.001953,14578.728516,14548.793945,14459.672852,14393.101562,14349.920898,14339.713867,14250.607422,14212.491211,14160.191406,14128.976562,14107.729492,14033.782227,14001.541016,13978.241211,13901.973633,13883.504883,13864.797852,13849.658203,13775.495117,13753.790039,13728.571289,13687.881836,13669.795898,13619.681641,13590.750977,13562.398438,13508.075195,13465.998047,13409.595703,13357.693359,13297.991211,13181.013672,13158.136719,13135.998047,13090.827148,13044.594727,13025.294922,13006.133789,12941.855469,12922.777344,12873.314453,12861.214844,12828.504883,12786.757812,12724.445312,12720.328125,12688.856445,12655.273438,12631.922852,12626.787109,12608.331055,12578.340820,12565.378906,12544.679688,12516.752930,12502.174805,12479.553711,12444.163086,12436.481445,12406.970703,12383.867188,12378.171875,12296.548828,12291.377930,12239.000000,12219.307617,12207.000000,12179.889648,12171.738281,12133.938477,12132.605469,12104.421875,12037.701172,11998.050781,11981.010742,11934.641602,11920.938477,11866.438477,11864.172852,11852.560547,11846.394531,11802.099609,11792.231445,11785.486328,11772.230469,11746.393555,11710.524414,11705.265625,11664.719727,11656.609375,11616.369141,11614.370117,11599.740234,11568.682617,11564.369141,11530.113281,11514.605469,11483.384766,11476.593750,11468.452148,11422.816406,11407.715820,11393.217773,11373.384766,11345.737305,11327.346680,11306.218750,11286.061523,11265.178711,11241.848633,11212.953125,11206.783203,11183.770508,11174.898438,11169.413086,11137.446289,11117.269531,11113.959961,11098.403320,11082.116211,11061.505859,11014.373047,10996.929688,10991.193359,10976.324219,10937.298828,10929.499023,10926.497070,10867.210938,10856.712891,10814.121094,10788.186523,10741.509766,10700.438477,10675.874023,10662.166016,10626.293945,10586.241211,10579.045898,10537.461914,10512.034180,10483.827148,10467.708008,10465.530273,10450.170898,10433.289062,10414.295898,10409.286133,10403.107422,10380.334961,10373.294922,10345.958008,10307.500977,10296.625000,10288.637695,10284.901367,10272.332031,10266.649414,10261.524414,10257.711914,10240.867188,10236.853516,10233.882812,10187.575195,10184.774414,10162.387695,10134.153320,10115.925781,10112.589844,10086.822266,10081.269531,10067.883789,10063.610352,10054.539062,10036.172852,10021.638672,10004.583008,9991.866211,9980.931641,9968.222656,9941.138672,9928.672852,9912.297852,9911.000000,9881.694336,9876.126953,9833.604492,9824.857422,9807.365234,9787.007812,9782.039062,9751.052734,9746.199219,9741.093750,9734.905273,9712.467773,9704.070312,9679.039062,9647.429688,9610.293945,9604.991211,9595.362305,9564.074219,9509.263672,9482.063477,9459.742188,9451.269531,9431.446289,9429.510742,9419.561523,9410.875000,9399.629883,9394.803711,9365.019531,9358.681641,9352.854492,9351.968750,9335.618164,9330.977539,9329.533203,9320.047852,9316.329102,9316.329102]
}