{
"iteraciones": [20,40,60,80,100,120,140,160,180,200,220,240,260,280,300,320,340,360,380,400,420,440,460,480,500,540,560,580,620,640,660,680,700,720,740,760,780,800,820,840,860,880,900,940,960,980,1000,1020,1040,1060,1080,1100,1120,1140,1160,1180,1200,1220,1240,1260,1280,1300,1320,1340,1360,1380,1400,1420,1440,1460,1480,1520,1540,1560,1580,1600,1620,1640,1660,1680,1700,1720,1740,1760,1800,1820,1840,1860,1900,1920,1940,1960,2000,2080,2100,2120,2140,2160,2180,2200,2220,2260,2280,2300,2320,2340,2360,2380,2400,2420,2440,2460,2480,2500,2540,2560,2580,2600,2620,2640,2660,2680,2700,2720,2740,2760,2800,2820,2840,2860,2880,2900,2940,2960,2980,3000,3020,3040,3080,3120,3140,3160,3180,3200,3220,3240,3260,3280,3300,3320,3360,3400,3420,3440,3460,3480,3500,3520,3540,3560,3600,3620,3660,3680,3720,3740,3760,3780,3820,3840,3860,3900,3920,3940,3960,4000,4020,4040,4080,4100,4120,4140,4180,4200,4240,4280,4300,4320,4340,4360,4380,4400,4420,4440,4540,4620,4660,4780,4820,4840,4880,4900,4940,5100,5120,5140,5240,5440,5800,6520,6540,6560,6600,7660,7980,8000,8580,8780,9180,9580,10540,10620,10660,10800,12480,12740,15940],
"fitness": [15371.973633,15049.842773,14700.706055,14604.342773,14501.131836,14326.831055,14249.370117,14173.082031,14137.242188,14044.154297,13992.498047,13963.128906,13942.656250,13870.889648,13820.975586,13816.578125,13757.165039,13738.706055,13685.796875,13674.898438,13655.757812,13610.936523,13570.196289,13540.361328,13488.990234,13450.186523,13377.845703,13311.207031,13231.556641,13153.048828,13107.562500,13067.631836,13008.263672,13000.633789,12968.367188,12890.806641,12881.260742,12837.355469,12789.483398,12787.000000,12758.749023,12718.858398,12626.609375,12624.996094,12559.239258,12523.401367,12473.484375,12441.391602,12405.584961,12384.731445,12337.764648,12329.148438,12284.471680,12269.933594,12236.055664,12200.590820,12185.975586,12155.543945,12121.764648,12099.876953,12064.433594,12035.476562,12014.501953,11988.196289,11967.585938,11930.389648,11910.159180,11895.414062,11860.314453,11849.467773,11800.444336,11790.140625,11761.161133,11746.734375,11696.594727,11683.014648,11680.462891,11661.004883,11635.780273,11632.901367,11625.447266,11608.661133,11582.070312,11521.804688,11515.810547,11488.512695,11457.736328,11423.635742,11399.697266,11374.090820,11357.099609,11309.313477,11298.866211,11274.000000,11262.000000,11244.371094,11232.111328,11213.667969,11212.919922,11178.010742,11130.424805,11101.764648,11067.825195,11045.538086,11015.128906,11008.297852,10974.370117,10957.856445,10948.929688,10911.293945,10883.350586,10873.682617,10870.206055,10834.279297,10821.716797,10761.078125,10759.782227,10712.694336,10685.066406,10669.992188,10651.564453,10626.989258,10607.962891,10574.088867,10543.602539,10463.368164,10460.956055,10415.306641,10371.931641,10350.319336,10308.252930,10298.347656,10285.367188,10264.219727,10256.776367,10237.855469,10207.724609,10202.356445,10171.161133,10137.351562,10116.916992,10065.309570,10038.420898,10016.821289,10015.138672,10005.192383,10004.513672,10000.728516,9982.676758,9947.955078,9936.016602,9904.046875,9872.000000,9852.611328,9844.569336,9825.230469,9805.899414,9766.882812,9757.036133,9715.486328,9687.048828,9653.342773,9635.048828,9615.454102,9614.883789,9601.291992,9582.364258,9548.425781,9511.416992,9507.333008,9450.694336,9411.325195,9390.915039,9376.291992,9356.844727,9335.599609,9326.038086,9314.114258,9278.153320,9273.194336,9223.042969,9222.507812,9185.027344,9169.885742,9165.752930,9142.164062,9123.586914,9093.976562,9086.703125,9055.291992,9052.548828,8999.968750,8946.874023,8933.617188,8905.591797,8885.758789,8869.967773,8859.150391,8856.615234,8836.072266,8832.670898,8806.164062,8793.361328,8775.840820,8754.021484,8752.757812,8751.251953,8731.386719,8712.979492,8706.005859,8691.173828,8688.562500,8668.140625,8659.219727,8656.321289,8655.668945,8654.621094,8651.956055,8646.885742,8644.428711,8633.483398,8630.140625,8626.661133,8624.148438,8623.406250,8621.885742,8621.885742]
}