{
"iteraciones": [20,40,60,80,100,120,140,160,180,200,220,240,260,280,300,340,360,380,400,420,440,460,480,520,540,560,580,600,620,640,660,680,700,720,740,760,780,800,820,840,860,880,900,920,940,960,980,1000,1020,1040,1060,1080,1100,1120,1140,1160,1180,1200,1220,1240,1260,1280,1300,1320,1340,1360,1380,1400,1440,1460,1480,1500,1520,1540,1560,1580,1620,1640,1660,1680,1700,1720,1740,1760,1780,1800,1840,1860,1880,1900,1920,1940,1960,1980,2000,2020,2040,2060,2080,2100,2160,2180,2200,2240,2260,2280,2300,2320,2360,2380,2400,2440,2500,2520,2560,2580,2600,2620,2640,2660,2680,2700,2720,2740,2760,2780,2800,2820,2840,2880,2920,2940,2960,2980,3000,3020,3040,3100,3140,3180,3200,3220,3240,3260,3280,3320,3340,3360,3380,3420,3440,3460,3480,3500,3520,3540,3560,3580,3600,3620,3640,3660,3680,3700,3740,3760,3780,3800,3820,3860,3880,3900,3920,3940,3960,4060,4080,4100,4120,4140,4180,4200,4220,4260,4280,4300,4320,4340,4360,4380,4400,4420,4440,4480,4500,4540,4560,4580,4600,4620,4640,4680,4740,4900,4920,4940,4960,5000,5020,5040,5060,5080,5100,5240,5260,5280,5320,5340,5400,5420,5500,5520,5560,5620,5840,5860,5880,6080,6100,6120,6160,6180,6200,6220,6240,6260,6380,6880,6900,6920,7140,7160,7460,7740,7940,8360,8780,8800,9040,10140,13340],
"fitness": [15409.310547,15205.506836,14955.829102,14919.958008,14756.825195,14625.705078,14459.734375,14445.420898,14331.678711,14317.986328,14269.000000,14188.189453,14184.585938,14139.633789,14056.482422,14033.495117,13998.986328,13978.408203,13914.165039,13898.767578,13841.336914,13735.836914,13685.068359,13609.044922,13597.698242,13547.259766,13494.201172,13482.682617,13464.171875,13414.810547,13411.007812,13358.362305,13321.573242,13262.024414,13227.980469,13180.112305,13146.269531,13122.912109,13089.568359,13072.833984,13022.111328,12994.089844,12953.471680,12897.000000,12839.470703,12811.091797,12785.000000,12760.499023,12712.382812,12703.212891,12670.985352,12633.365234,12621.219727,12587.744141,12569.280273,12539.367188,12527.147461,12499.994141,12463.549805,12443.869141,12397.472656,12366.973633,12352.935547,12348.935547,12333.860352,12332.126953,12316.297852,12277.113281,12266.245117,12222.222656,12158.764648,12140.645508,12116.448242,12114.652344,12108.000000,12069.834961,12042.653320,12018.065430,11975.757812,11968.433594,11941.127930,11921.865234,11880.390625,11861.156250,11829.842773,11813.096680,11802.628906,11792.783203,11761.900391,11756.588867,11750.920898,11748.025391,11730.506836,11724.507812,11706.124023,11700.962891,11670.266602,11654.651367,11632.693359,11583.416016,11576.000000,11547.731445,11533.150391,11519.170898,11501.082031,11498.819336,11485.993164,11469.798828,11457.660156,11451.179688,11434.567383,11396.594727,11394.359375,11351.598633,11345.625977,11333.296875,11329.401367,11315.264648,11308.456055,11288.835938,11279.518555,11275.528320,11267.604492,11242.944336,11213.619141,11205.555664,11194.273438,11185.595703,11166.894531,11162.383789,11157.292969,11153.665039,11143.505859,11123.746094,11108.895508,11100.939453,11088.675781,11079.466797,11059.055664,11047.945312,11032.814453,11023.474609,11008.284180,11004.417969,10960.451172,10944.219727,10929.002930,10897.214844,10894.281250,10871.431641,10862.041016,10844.874023,10825.909180,10809.582031,10762.764648,10749.933594,10747.514648,10727.230469,10703.167969,10681.057617,10672.333008,10653.578125,10636.373047,10631.447266,10628.965820,10613.577148,10588.701172,10582.315430,10561.063477,10547.704102,10534.573242,10529.000000,10521.051758,10477.577148,10428.632812,10400.055664,10399.697266,10371.549805,10369.708008,10337.405273,10329.135742,10311.144531,10296.249023,10295.499023,10276.519531,10265.692383,10250.661133,10244.211914,10219.861328,10207.773438,10183.167969,10176.119141,10154.994141,10144.930664,10137.632812,10121.487305,10105.093750,10093.200195,10077.227539,10065.679688,10045.783203,10029.446289,9997.940430,9987.896484,9953.842773,9944.817383,9898.602539,9885.521484,9871.884766,9861.574219,9841.000000,9831.506836,9796.818359,9795.983398,9759.553711,9746.980469,9735.096680,9724.967773,9720.180664,9680.278320,9679.041992,9638.102539,9630.740234,9581.637695,9571.342773,9552.728516,9535.856445,9518.098633,9503.072266,9488.898438,9484.875977,9456.608398,9450.758789,9444.011719,9443.721680,9425.834961,9396.622070,9392.847656,9383.972656,9379.404297,9376.605469,9364.757812,9363.826172,9355.460938,9352.705078,9329.639648,9326.299805,9325.610352,9324.057617,9323.981445,9323.981445]
}