{
"iteraciones": [20,40,60,80,100,120,140,160,180,200,220,240,260,280,300,320,340,360,380,400,440,460,480,500,520,540,560,580,600,620,640,660,680,700,720,760,780,800,820,840,860,880,900,920,940,980,1000,1020,1040,1060,1080,1100,1120,1140,1160,1180,1200,1220,1240,1260,1280,1300,1320,1340,1360,1380,1400,1420,1480,1500,1520,1540,1560,1580,1600,1620,1640,1660,1680,1700,1720,1740,1780,1800,1840,1860,1880,1900,1920,1940,1960,2040,2060,2080,2120,2140,2160,2180,2220,2240,2260,2280,2300,2320,2340,2360,2380,2400,2440,2460,2480,2500,2520,2540,2560,2600,2620,2680,2700,2720,2740,2760,2780,2800,2820,2840,2860,2880,2900,2920,2940,2960,2980,3000,3020,3040,3060,3100,3120,3160,3180,3220,3240,3260,3300,3320,3340,3360,3380,3440,3480,3500,3560,3640,3660,3680,3720,3740,3760,3780,3800,3840,3860,3880,3900,3920,3940,3960,3980,4000,4080,4100,4120,4140,4160,4200,4240,4260,4280,4340,4360,4500,4520,4560,4660,4700,4760,4840,4860,4880,4900,4920,5040,5080,5100,5200,5480,5500,5700,6020,6040,6100,6340,6360,6580,6620,6680,6820,6900,7140,7180,7400,8340,8360,8380,8400,9760,9840,11880,15080],
"fitness": [15184.893555,14819.615234,14680.757812,14500.960938,14312.577148,14270.412109,14194.293945,14088.223633,14069.846680,13988.226562,13904.889648,13872.469727,13796.052734,13781.217773,13710.811523,13687.487305,13655.263672,13617.277344,13548.000000,13441.782227,13384.633789,13343.102539,13281.267578,13249.042969,13186.832031,13138.976562,13111.826172,13074.218750,13066.272461,13016.725586,12983.468750,12943.184570,12905.457031,12882.396484,12832.000000,12761.664062,12735.246094,12700.875977,12668.115234,12611.518555,12577.249023,12552.717773,12531.925781,12519.372070,12464.775391,12451.495117,12407.574219,12382.168945,12362.000000,12313.433594,12290.911133,12249.959961,12241.788086,12209.564453,12173.604492,12133.458008,12091.498047,12052.822266,12039.082031,11983.463867,11962.935547,11899.458984,11888.964844,11887.880859,11858.809570,11813.001953,11797.319336,11762.102539,11748.789062,11718.280273,11697.412109,11662.635742,11644.000000,11616.105469,11606.073242,11586.557617,11577.451172,11541.426758,11540.270508,11491.405273,11482.441406,11450.077148,11417.302734,11401.904297,11384.130859,11348.586914,11336.091797,11278.723633,11255.963867,11253.198242,11203.541016,11168.335938,11150.150391,11122.844727,11111.524414,11100.975586,11072.848633,11058.342773,11043.317383,11039.884766,11029.703125,10998.564453,10980.279297,10948.532227,10935.496094,10912.759766,10892.035156,10864.135742,10862.318359,10827.726562,10822.893555,10787.839844,10786.934570,10765.317383,10743.594727,10722.000000,10686.343750,10667.262695,10635.752930,10618.083008,10581.497070,10575.192383,10538.113281,10517.513672,10470.813477,10420.882812,10395.268555,10380.971680,10379.291016,10337.052734,10281.444336,10278.587891,10261.650391,10219.807617,10200.846680,10188.499023,10143.766602,10094.424805,10064.050781,10055.277344,10032.925781,10001.384766,9990.301758,9952.915039,9925.113281,9900.665039,9873.817383,9833.367188,9809.516602,9788.988281,9746.010742,9693.299805,9692.827148,9667.432617,9641.928711,9634.651367,9594.961914,9587.772461,9551.336914,9542.983398,9498.319336,9465.888672,9437.392578,9427.871094,9386.135742,9352.425781,9346.438477,9345.847656,9343.886719,9282.881836,9272.350586,9271.476562,9246.026367,9236.913086,9222.189453,9202.493164,9192.967773,9173.923828,9156.926758,9152.413086,9103.998047,9092.418945,9064.564453,9050.370117,9025.602539,8981.021484,8961.988281,8944.763672,8939.013672,8915.162109,8906.563477,8893.033203,8890.508789,8884.446289,8878.857422,8845.847656,8800.468750,8776.841797,8748.221680,8746.589844,8745.807617,8742.458008,8738.291992,8723.453125,8701.037109,8698.604492,8696.140625,8695.054688,8685.575195,8662.422852,8652.157227,8643.761719,8640.579102,8637.877930,8631.724609,8630.392578,8626.605469,8623.406250,8621.885742,8621.885742]
}