{
"iteraciones": [20,40,60,80,100,120,140,160,180,200,220,240,260,280,300,320,340,360,380,400,420,440,500,520,540,560,600,620,640,660,680,700,720,740,760,780,800,820,840,880,900,920,940,960,1000,1020,1040,1060,1080,1100,1120,1140,1160,1180,1200,1220,1240,1260,1280,1300,1320,1340,1360,1380,1400,1420,1440,1460,1480,1500,1520,1540,1560,1580,1600,1620,1640,1660,1680,1700,1720,1740,1760,1780,1800,1820,1840,1860,1880,1900,1920,1940,1960,1980,2000,2020,2040,2060,2080,2100,2120,2140,2160,2220,2240,2260,2280,2300,2320,2340,2360,2380,2400,2420,2440,2460,2480,2500,2520,2540,2560,2580,2600,2620,2640,2660,2680,2700,2720,2740,2760,2780,2800,2820,2840,2860,2880,2900,2920,2940,2960,2980,3000,3020,3040,3060,3080,3120,3160,3180,3200,3220,3240,3260,3280,3320,3340,3360,3380,3400,3420,3440,3460,3480,3520,3700,3720,3740,3760,3780,3820,3840,3860,3920,3940,3960,3980,4000,4040,4060,4080,4100,4120,4140,4240,4300,4360,4380,4640,4740,4880,4980,5000,5180,5360,5380,5400,5440,5600,5620,5640,5660,5980,8860,11000,11220,14120,17320],
"fitness": [15293.353516,15027.748047,14695.406250,14586.111328,14454.615234,14282.971680,14110.073242,14059.418945,13910.723633,13853.802734,13841.932617,13761.052734,13714.834961,13652.948242,13582.012695,13538.064453,13457.470703,13456.048828,13388.926758,13304.734375,13243.238281,13201.933594,13190.498047,13156.465820,13145.294922,13097.501953,13095.917969,13001.120117,12977.313477,12921.692383,12898.970703,12834.673828,12786.307617,12757.340820,12736.707031,12680.186523,12634.202148,12610.169922,12515.918945,12466.435547,12449.312500,12428.799805,12410.524414,12355.557617,12321.485352,12297.974609,12280.253906,12212.341797,12198.832031,12181.629883,12147.535156,12099.150391,12051.546875,12018.019531,11974.065430,11959.604492,11917.511719,11888.307617,11844.052734,11791.741211,11776.842773,11759.190430,11721.319336,11682.284180,11667.373047,11655.862305,11643.938477,11614.885742,11584.027344,11553.551758,11534.529297,11500.061523,11493.040039,11456.618164,11433.248047,11393.217773,11375.169922,11335.556641,11309.763672,11278.988281,11236.935547,11201.548828,11189.641602,11167.349609,11121.531250,11108.223633,11090.830078,11070.866211,11060.620117,11038.560547,11019.921875,10996.244141,10965.954102,10962.663086,10926.349609,10904.510742,10884.844727,10807.560547,10788.110352,10780.120117,10723.221680,10697.181641,10662.561523,10635.589844,10612.774414,10587.062500,10575.585938,10548.873047,10543.916016,10529.461914,10512.546875,10496.559570,10480.130859,10479.347656,10468.077148,10451.162109,10421.500977,10395.840820,10392.394531,10359.860352,10348.507812,10343.011719,10326.918945,10324.520508,10307.823242,10279.795898,10229.768555,10201.041016,10190.831055,10181.553711,10145.333984,10124.327148,10076.880859,10060.952148,10003.950195,9987.787109,9973.535156,9937.630859,9912.958008,9896.649414,9869.799805,9865.777344,9838.744141,9808.564453,9773.654297,9743.077148,9717.570312,9658.820312,9613.112305,9590.943359,9557.791992,9550.658203,9508.295898,9489.877930,9481.629883,9468.422852,9459.107422,9417.564453,9390.949219,9372.281250,9341.922852,9283.249023,9282.323242,9272.015625,9243.880859,9232.712891,9206.969727,9180.759766,9174.295898,9122.175781,9118.971680,9099.636719,9084.715820,9027.830078,9005.171875,9001.316406,8978.011719,8954.353516,8951.136719,8908.683594,8899.075195,8889.339844,8886.934570,8885.707031,8876.155273,8852.733398,8845.797852,8839.623047,8818.752930,8814.990234,8812.124023,8787.166016,8780.554688,8744.111328,8732.949219,8709.981445,8691.432617,8681.833984,8669.916016,8667.755859,8647.153320,8641.224609,8630.140625,8629.929688,8627.891602,8624.148438,8621.885742,8621.885742]
}