{
"iteraciones": [20,40,60,80,100,120,140,160,180,200,220,240,260,280,300,320,340,360,380,400,420,440,460,480,500,520,540,560,580,600,620,640,660,680,700,720,740,760,780,820,840,860,880,900,920,940,960,980,1000,1020,1040,1060,1080,1100,1120,1140,1160,1180,1200,1220,1240,1260,1280,1300,1320,1340,1360,1380,1400,1420,1440,1460,1480,1500,1520,1540,1560,1580,1600,1620,1640,1660,1680,1700,1720,1740,1760,1780,1800,1820,1840,1860,1880,1900,1920,1940,1960,1980,2040,2060,2080,2100,2120,2140,2160,2180,2200,2220,2260,2280,2300,2320,2340,2360,2380,2400,2420,2440,2460,2480,2500,2520,2540,2600,2620,2640,2680,2700,2720,2760,2780,2800,2820,2840,2860,2880,2900,2920,2980,3000,3060,3080,3100,3120,3140,3160,3220,3240,3280,3360,3460,3480,3520,3580,3600,3620,3640,3660,3680,3740,3760,3800,3820,3840,3980,4000,4020,4040,4120,4140,4160,4180,4200,4240,4280,4320,4340,4440,4580,4800,4820,4840,5040,5180,5220,5660,5700,5720,7220,10420],
"fitness": [15152.862305,14806.428711,14800.854492,14576.836914,14509.788086,14408.801758,14257.370117,14156.692383,14137.998047,14085.749023,14015.126953,13984.291992,13903.881836,13902.895508,13851.299805,13809.857422,13753.255859,13711.046875,13632.375000,13595.744141,13532.019531,13495.876953,13453.445312,13421.306641,13347.416992,13309.367188,13249.286133,13234.379883,13215.015625,13194.516602,13147.758789,13133.936523,13092.342773,13028.319336,13015.021484,12975.677734,12940.125000,12893.154297,12803.405273,12775.997070,12692.813477,12665.583984,12612.479492,12574.340820,12526.967773,12508.441406,12454.832031,12445.844727,12424.873047,12412.675781,12401.675781,12360.483398,12351.854492,12325.715820,12271.580078,12238.901367,12219.835938,12192.471680,12152.412109,12139.248047,12066.729492,12049.225586,12039.196289,11990.102539,11966.209961,11903.292969,11895.663086,11835.201172,11790.370117,11780.854492,11757.536133,11725.282227,11718.173828,11690.285156,11652.961914,11623.596680,11599.105469,11581.584961,11524.549805,11500.287109,11469.719727,11439.359375,11417.490234,11385.907227,11352.634766,11334.406250,11303.004883,11279.473633,11229.971680,11227.879883,11161.364258,11158.849609,11113.944336,11090.708008,11062.608398,11036.951172,11003.720703,10945.331055,10913.319336,10893.684570,10865.978516,10815.960938,10802.618164,10767.997070,10704.072266,10700.492188,10653.835938,10635.319336,10598.676758,10585.919922,10560.983398,10550.060547,10512.175781,10465.553711,10451.987305,10429.021484,10400.272461,10380.669922,10323.143555,10271.049805,10243.674805,10203.863281,10177.214844,10136.051758,10113.637695,10062.514648,10027.522461,10022.008789,9983.914062,9943.249023,9905.027344,9852.386719,9826.757812,9811.339844,9732.658203,9723.234375,9688.308594,9645.660156,9635.995117,9548.879883,9540.442383,9513.283203,9486.192383,9463.628906,9432.910156,9382.262695,9342.792969,9326.650391,9317.097656,9285.000000,9275.687500,9223.208008,9174.107422,9148.461914,9140.322266,9124.625000,9099.488281,9070.397461,9066.274414,9054.430664,9026.802734,8993.652344,8954.613281,8918.262695,8910.133789,8887.784180,8871.313477,8855.575195,8841.665039,8828.575195,8824.613281,8821.603516,8820.125000,8817.000000,8797.634766,8794.435547,8783.984375,8779.709961,8740.847656,8735.925781,8700.621094,8687.864258,8662.052734,8651.314453,8647.583984,8644.223633,8643.142578,8629.685547,8621.885742,8621.885742]
}