{
"iteraciones": [20,40,60,80,100,120,140,160,180,200,220,240,260,280,300,320,340,360,380,400,420,440,460,480,500,520,540,560,580,600,620,640,660,680,700,720,740,760,780,800,820,840,860,880,900,920,940,960,980,1000,1020,1040,1060,1080,1120,1140,1160,1180,1200,1220,1240,1260,1280,1300,1320,1340,1360,1380,1400,1420,1440,1460,1480,1500,1520,1540,1560,1580,1600,1620,1660,1680,1700,1720,1740,1760,1780,1800,1840,1860,1880,1900,1920,1940,1980,2000,2020,2040,2060,2080,2100,2120,2140,2200,2220,2240,2260,2280,2300,2320,2340,2360,2400,2420,2440,2460,2520,2540,2560,2600,2620,2640,2660,2700,2740,2760,2780,2800,2820,2840,2860,2880,2900,2920,2940,2960,3000,3080,3140,3160,3180,3200,3220,3260,3320,3360,3380,3400,3440,3460,3520,3540,3560,3580,3640,3820,3840,3860,3880,3900,4020,4160,4180,4200,4320,4340,4360,4380,4400,4540,4600,4680,4900,5980,6660,7120,7140,7860,7920,8240,8260,8780,10260,13460],
"fitness": [15271.936523,15078.926758,14919.359375,14714.153320,14662.683594,14513.720703,14510.519531,14397.049805,14391.649414,14349.000000,14320.588867,14199.279297,14187.872070,14057.693359,14046.624023,13975.205078,13937.602539,13886.202148,13861.229492,13803.470703,13747.882812,13673.400391,13615.021484,13587.477539,13524.636719,13480.918945,13425.600586,13394.957031,13328.425781,13295.887695,13237.715820,13208.188477,13160.826172,13138.035156,13095.364258,13051.875000,13008.708984,12980.263672,12894.391602,12886.782227,12807.484375,12785.565430,12762.037109,12727.415039,12715.952148,12682.523438,12651.242188,12607.100586,12550.942383,12491.543945,12486.996094,12438.702148,12394.888672,12345.661133,12285.540039,12262.736328,12231.041992,12179.998047,12143.000000,12066.259766,12034.251953,11974.375977,11942.697266,11905.202148,11843.186523,11829.087891,11748.763672,11705.072266,11685.282227,11620.443359,11572.774414,11517.542969,11473.687500,11401.103516,11346.069336,11340.177734,11296.844727,11233.822266,11159.920898,11155.917969,11100.517578,11057.596680,11016.772461,11006.574219,10958.454102,10934.740234,10899.860352,10808.268555,10758.429688,10707.793945,10702.040039,10654.420898,10624.418945,10572.808594,10544.018555,10531.340820,10495.074219,10430.365234,10394.873047,10344.274414,10300.394531,10294.381836,10222.056641,10196.340820,10171.087891,10125.035156,10118.333008,10106.376953,10073.814453,10067.850586,10046.544922,9949.616211,9932.016602,9895.750000,9873.074219,9843.746094,9824.251953,9799.184570,9765.720703,9736.699219,9690.409180,9676.572266,9634.505859,9591.162109,9578.202148,9531.704102,9526.903320,9513.442383,9472.654297,9433.155273,9425.858398,9422.936523,9373.293945,9336.028320,9328.866211,9289.500977,9285.461914,9242.971680,9237.158203,9206.593750,9197.586914,9160.598633,9148.032227,9137.313477,9087.623047,9080.842773,9036.439453,9027.324219,9022.975586,9009.679688,9002.671875,8992.040039,8990.843750,8978.148438,8932.800781,8928.753906,8896.739258,8879.061523,8862.768555,8860.570312,8847.757812,8831.155273,8813.478516,8791.818359,8778.410156,8777.850586,8757.848633,8748.723633,8739.763672,8713.941406,8702.371094,8679.103516,8659.123047,8648.456055,8643.765625,8642.905273,8638.630859,8633.030273,8631.766602,8628.453125,8625.290039,8624.148438,8621.885742,8621.885742]
}