{
"iteraciones": [20,40,60,80,100,120,140,160,180,200,220,240,260,280,300,320,340,360,380,400,420,440,460,480,500,520,540,560,580,600,620,640,660,680,700,720,740,760,780,800,820,840,860,880,900,920,940,960,980,1000,1020,1040,1060,1080,1100,1120,1140,1160,1180,1200,1220,1240,1260,1280,1300,1320,1340,1360,1380,1400,1420,1460,1480,1500,1520,1540,1560,1580,1600,1620,1640,1680,1700,1720,1740,1760,1780,1820,1840,1860,1880,1900,1920,1960,1980,2000,2040,2060,2080,2100,2120,2140,2160,2180,2200,2220,2240,2260,2280,2300,2320,2340,2360,2380,2400,2420,2440,2460,2480,2500,2520,2540,2560,2580,2600,2620,2640,2660,2680,2720,2740,2760,2780,2800,2820,2840,2860,2880,2900,2920,2940,2960,2980,3000,3020,3040,3060,3080,3100,3140,3200,3220,3240,3260,3280,3300,3320,3340,3360,3420,3460,3480,3500,3520,3540,3580,3600,3620,3640,3680,3700,3720,3740,3760,3780,3800,3840,3860,3900,3920,3940,4040,4060,4100,4160,4200,4260,4280,4300,4320,4500,4600,4620,4640,4720,4740,4760,4820,4840,4860,4880,4940,4960,5140,5160,5260,5360,5540,5680,5900,5980,6420,6520,6560,7140,8240,8660,10420,10960,14160],
"fitness": [15560.884766,15171.694336,15132.079102,15054.955078,14906.580078,14795.679688,14711.750977,14559.487305,14504.562500,14478.313477,14421.261719,14364.919922,14319.036133,14269.065430,14232.170898,14169.500977,14072.551758,14034.687500,13995.374023,13960.835938,13894.484375,13867.041992,13808.883789,13732.000000,13680.641602,13664.138672,13628.981445,13584.060547,13533.124023,13521.348633,13497.575195,13445.415039,13382.166016,13352.333008,13323.044922,13262.520508,13223.466797,13204.926758,13169.269531,13137.089844,13092.126953,13034.678711,12994.960938,12941.168945,12927.903320,12902.688477,12864.313477,12863.519531,12804.155273,12776.274414,12754.336914,12740.030273,12711.187500,12668.688477,12627.796875,12583.936523,12513.181641,12508.931641,12438.310547,12430.590820,12394.900391,12360.670898,12320.980469,12302.355469,12286.700195,12260.290039,12242.511719,12204.403320,12179.802734,12170.623047,12100.442383,12087.898438,12021.189453,12019.245117,12001.861328,11985.766602,11968.492188,11935.929688,11915.247070,11880.829102,11853.767578,11842.217773,11835.967773,11803.628906,11783.690430,11762.803711,11709.604492,11666.147461,11665.358398,11611.627930,11594.271484,11548.558594,11493.317383,11479.249023,11445.637695,11393.204102,11374.693359,11337.163086,11329.458984,11310.011719,11283.400391,11233.184570,11197.280273,11164.841797,11121.629883,11095.833008,11068.000000,11048.946289,11034.700195,11029.208008,11011.000000,10974.165039,10913.958008,10903.770508,10875.149414,10870.269531,10851.023438,10822.033203,10799.087891,10763.716797,10744.225586,10722.598633,10709.329102,10682.471680,10645.542969,10614.702148,10561.327148,10556.886719,10524.154297,10513.048828,10487.825195,10460.936523,10432.162109,10378.544922,10362.077148,10294.298828,10271.662109,10260.541016,10215.794922,10179.231445,10168.364258,10150.934570,10116.306641,10078.396484,10033.462891,10006.734375,9975.971680,9959.630859,9929.590820,9885.079102,9877.062500,9816.701172,9791.425781,9759.049805,9747.080078,9711.420898,9702.519531,9694.955078,9630.449219,9616.501953,9598.650391,9582.889648,9558.065430,9544.475586,9515.941406,9498.912109,9496.899414,9462.770508,9445.237305,9435.931641,9417.607422,9412.978516,9373.275391,9369.979492,9346.953125,9323.646484,9322.003906,9293.875000,9268.519531,9259.205078,9254.632812,9233.413086,9231.608398,9201.124023,9191.938477,9152.225586,9143.288086,9126.507812,9079.241211,9066.439453,9000.697266,8996.872070,8944.432617,8895.247070,8893.157227,8868.483398,8859.682617,8845.122070,8818.739258,8817.240234,8794.838867,8792.967773,8789.213867,8763.025391,8749.842773,8745.470703,8743.527344,8734.951172,8708.191406,8695.365234,8688.737305,8668.378906,8657.024414,8648.874023,8636.848633,8632.129883,8629.685547,8628.510742,8621.885742,8621.885742]
}