{
"iteraciones": [20,40,60,80,100,120,140,160,180,200,220,240,280,300,340,360,380,400,420,440,460,480,500,520,540,560,580,600,620,640,660,680,700,720,740,760,780,820,840,860,880,900,920,940,960,980,1000,1020,1040,1080,1100,1120,1140,1160,1180,1200,1220,1240,1260,1280,1300,1320,1340,1360,1380,1400,1420,1440,1460,1480,1500,1520,1540,1580,1600,1620,1640,1660,1680,1700,1720,1740,1780,1800,1820,1840,1860,1880,1900,1920,1940,1960,2000,2020,2040,2060,2080,2100,2140,2160,2180,2200,2220,2240,2260,2280,2300,2320,2340,2360,2400,2420,2460,2480,2520,2540,2560,2600,2620,2660,2700,2720,2780,2800,2840,2860,2900,2920,2940,2960,2980,3000,3020,3080,3180,3360,3520,3540,3560,3580,3620,3700,3720,3760,3920,3960,3980,4080,4300,4380,4640,4660,4680,4700,5000,5060,5160,5240,5260,5300,5360,5380,5400,5440,5460,5600,5660,5700,5760,5780,5820,5840,5860,5880,5940,5960,6000,6020,6040,6080,6120,6140,6220,6240,6300,6320,6340,6360,6400,6440,6460,6480,6500,6520,6540,6580,6600,6620,6660,6740,6760,6780,6840,6920,6960,6980,7000,7020,7040,7100,7120,7140,7160,7180,7200,7220,7240,7260,7280,7320,7340,7380,7420,7440,7480,7500,7560,7580,7600,7620,7640,7660,7680,7720,7740,7760,7780,7820,7840,7880,7900,7920,7940,7960,7980,8000,8020,8040,8060,8100,8120,8140,8160,8180,8200,8260,8280,8340,8360,8380,8400,8420,8440,8480,8500,8520,8540,8560,8580,8600,8620,8640,8660,8680,8720,8760,8800,8820,8840,8860,8900,8920,8940,8960,8980,9000,9020,9060,9080,9100,9120,9140,9180,9200,9220,9240,9280,9320,9340,9360,9380,9400,9420,9440,9500,9560,9580,9620,9740,9800,9820,9900,9920,9960,9980,10180,10380,10400,10420,10440,10480,10640,10800,10820,10880,10960,11060,11440,11460,11940,11960,12180,12760,12780,12820,13180,14320,15440,16880,16900,20100],
"fitness": [15152.195312,14923.626953,14800.180664,14695.757812,14627.955078,14518.197266,14407.872070,14352.536133,14289.425781,14264.284180,14207.163086,14138.638672,14064.035156,14006.663086,13945.298828,13940.146484,13905.119141,13868.969727,13825.187500,13764.575195,13755.271484,13673.935547,13647.306641,13605.285156,13583.604492,13576.472656,13533.737305,13496.000000,13442.910156,13387.815430,13363.919922,13318.046875,13287.828125,13231.896484,13204.483398,13165.841797,13111.471680,13100.565430,13081.702148,13031.034180,12988.248047,12941.241211,12902.488281,12888.342773,12844.979492,12817.682617,12781.578125,12771.934570,12690.403320,12682.583984,12641.289062,12636.204102,12601.970703,12571.033203,12556.052734,12526.179688,12512.849609,12482.594727,12439.850586,12419.101562,12364.342773,12354.486328,12329.034180,12316.017578,12270.728516,12248.041016,12221.451172,12217.101562,12198.291016,12191.090820,12165.424805,12147.622070,12114.609375,12103.746094,12074.311523,12044.458008,12022.898438,12007.504883,11998.555664,11968.315430,11956.326172,11937.086914,11918.763672,11902.337891,11881.831055,11874.285156,11843.233398,11825.016602,11820.699219,11803.805664,11774.176758,11767.934570,11764.723633,11762.002930,11754.903320,11746.130859,11738.477539,11727.505859,11714.138672,11704.421875,11689.421875,11654.426758,11643.603516,11636.715820,11627.000000,11614.446289,11594.415039,11584.291016,11575.632812,11541.173828,11524.343750,11493.819336,11491.361328,11461.216797,11455.166016,11453.769531,11437.583008,11429.400391,11424.899414,11423.474609,11414.184570,11405.801758,11397.648438,11391.136719,11382.265625,11376.773438,11365.303711,11362.365234,11349.324219,11348.914062,11345.565430,11330.219727,11328.029297,11319.638672,11314.554688,11307.636719,11295.168945,11287.880859,11284.449219,11282.968750,11281.186523,11279.311523,11278.228516,11276.679688,11272.892578,11271.574219,11270.759766,11269.718750,11268.000000,11267.280273,11266.799805,11264.279297,11259.681641,11254.903320,11249.672852,11247.912109,11246.654297,11244.663086,11240.678711,11238.926758,11233.175781,11230.796875,11225.237305,11224.169922,11218.504883,11211.173828,11207.224609,11205.154297,11204.049805,11196.886719,11194.082031,11190.418945,11186.966797,11184.335938,11181.187500,11177.210938,11176.912109,11168.613281,11165.561523,11156.473633,11152.889648,11141.747070,11134.421875,11118.128906,11104.685547,11095.453125,11077.600586,11066.254883,11058.549805,11056.930664,11048.748047,11044.365234,11027.493164,11026.154297,10997.864258,10986.592773,10965.982422,10941.322266,10908.829102,10891.470703,10867.990234,10833.146484,10823.363281,10804.574219,10801.412109,10789.032227,10778.787109,10769.258789,10756.625977,10746.200195,10734.158203,10712.547852,10704.499023,10695.025391,10679.091797,10669.270508,10651.071289,10647.339844,10630.709961,10622.481445,10612.498047,10586.254883,10581.831055,10560.041016,10536.791992,10501.778320,10497.035156,10477.328125,10464.567383,10458.546875,10438.845703,10427.389648,10407.905273,10406.542969,10379.562500,10362.548828,10332.187500,10322.913086,10304.463867,10298.202148,10256.228516,10243.368164,10223.535156,10218.482422,10204.680664,10181.072266,10137.134766,10133.037109,10087.109375,10063.729492,10036.260742,10003.189453,9996.044922,9975.818359,9952.843750,9942.075195,9889.218750,9870.302734,9857.281250,9851.831055,9844.833008,9827.637695,9818.973633,9803.251953,9794.939453,9774.750000,9740.538086,9723.834961,9717.707031,9712.700195,9676.473633,9646.069336,9621.208984,9590.826172,9569.501953,9542.380859,9529.265625,9505.499023,9481.858398,9457.790039,9446.182617,9427.196289,9414.646484,9392.560547,9377.784180,9365.281250,9346.000000,9333.775391,9325.020508,9296.020508,9295.000000,9266.621094,9254.561523,9241.493164,9235.631836,9212.927734,9188.134766,9180.962891,9151.493164,9143.247070,9142.683594,9118.311523,9117.468750,9095.750000,9058.883789,9053.209961,9034.053711,9014.613281,8984.332031,8983.629883,8962.556641,8932.088867,8912.123047,8908.367188,8881.703125,8838.675781,8807.830078,8783.652344,8782.481445,8767.524414,8750.636719,8722.309570,8721.532227,8715.726562,8714.017578,8701.441406,8694.606445,8693.708984,8684.840820,8681.582031,8668.234375,8666.707031,8665.951172,8662.957031,8661.048828,8660.983398,8654.080078,8632.060547,8625.847656,8621.885742,8621.885742]
}