{
"iteraciones": [20,40,60,80,100,120,140,160,180,200,280,300,320,340,360,380,400,420,440,460,480,500,520,540,560,580,600,640,680,700,720,740,760,780,800,820,840,860,880,900,920,960,980,1000,1020,1040,1060,1080,1100,1120,1140,1180,1200,1240,1280,1300,1320,1340,1360,1380,1400,1420,1440,1460,1480,1500,1520,1540,1560,1580,1600,1620,1640,1660,1680,1700,1720,1740,1760,1780,1820,1840,1860,1880,1900,1920,1980,2000,2020,2040,2100,2120,2140,2160,2180,2200,2220,2240,2260,2280,2300,2320,2340,2360,2380,2400,2420,2440,2460,2480,2500,2520,2540,2560,2580,2600,2620,2640,2660,2680,2700,2740,2760,2780,2840,2860,2880,2900,2920,2940,2960,2980,3000,3020,3040,3060,3140,3160,3180,3200,3260,3300,3320,3420,3440,3460,3480,3500,3540,3560,3640,3660,3680,3700,3720,3760,3780,3800,3840,3880,3900,3920,3980,4000,4020,4060,4100,4120,4140,4220,4260,4320,4380,4480,4620,4720,4780,4900,4980,5000,5040,5180,5220,5760,5800,5820,5900,7460,8000,8240,8260,8640,11840],
"fitness": [15289.837891,15058.108398,15031.458984,14829.402344,14697.777344,14621.847656,14545.619141,14497.824219,14445.205078,14234.229492,14205.289062,14130.909180,14028.890625,14007.930664,13947.239258,13860.478516,13807.768555,13768.649414,13747.050781,13680.634766,13637.984375,13610.219727,13579.593750,13544.126953,13480.320312,13451.334961,13387.872070,13284.404297,13222.115234,13208.764648,13102.703125,13080.360352,13058.626953,13010.551758,12977.117188,12930.177734,12898.101562,12839.292969,12804.211914,12778.342773,12745.852539,12720.649414,12698.657227,12674.712891,12632.490234,12617.470703,12581.756836,12521.738281,12514.815430,12488.208008,12440.700195,12395.154297,12362.788086,12311.363281,12309.350586,12252.602539,12205.201172,12177.022461,12165.503906,12151.873047,12117.583984,12080.736328,12035.477539,12020.355469,11957.312500,11936.835938,11867.860352,11823.070312,11785.054688,11745.139648,11722.293945,11633.831055,11610.291992,11569.890625,11541.265625,11510.152344,11497.430664,11455.824219,11409.984375,11360.047852,11333.499023,11284.810547,11264.506836,11198.987305,11197.870117,11067.378906,11059.675781,11035.112305,11006.014648,10919.437500,10870.427734,10839.459961,10795.504883,10780.000000,10721.072266,10713.340820,10705.366211,10696.573242,10680.220703,10628.625977,10601.628906,10577.180664,10557.466797,10524.465820,10496.749023,10479.000000,10445.432617,10420.159180,10404.260742,10389.158203,10357.098633,10321.689453,10276.757812,10244.664062,10212.750977,10176.999023,10133.803711,10123.216797,10102.695312,10050.725586,10003.608398,9991.482422,9966.091797,9912.118164,9856.640625,9831.565430,9801.036133,9789.666016,9727.216797,9699.736328,9696.573242,9640.777344,9628.643555,9607.986328,9579.300781,9552.248047,9529.497070,9480.970703,9475.305664,9430.672852,9406.158203,9387.431641,9305.481445,9304.285156,9276.094727,9231.094727,9202.215820,9182.161133,9145.726562,9137.774414,9120.019531,9111.987305,9086.381836,9057.539062,9030.175781,8994.575195,8987.809570,8986.385742,8981.900391,8969.397461,8967.975586,8956.166992,8939.532227,8927.538086,8901.010742,8838.375977,8831.958984,8808.573242,8768.418945,8750.041992,8741.654297,8735.162109,8734.996094,8732.940430,8724.468750,8720.820312,8717.955078,8714.248047,8713.045898,8709.824219,8704.178711,8699.440430,8698.012695,8637.403320,8636.917969,8634.798828,8632.129883,8626.720703,8625.116211,8624.148438,8623.272461,8621.885742,8621.885742]
}