{
"iteraciones": [20,40,60,80,100,120,140,160,180,200,220,240,260,280,300,320,340,360,380,400,420,440,460,480,500,520,540,560,580,600,620,640,660,680,720,740,760,780,800,820,840,860,880,900,920,940,960,1020,1040,1060,1100,1120,1140,1160,1180,1220,1240,1260,1280,1300,1320,1340,1360,1380,1400,1420,1440,1460,1480,1500,1520,1540,1560,1580,1600,1620,1640,1660,1680,1700,1720,1740,1760,1780,1800,1820,1840,1860,1880,1900,1920,1940,1960,1980,2000,2020,2040,2060,2080,2100,2120,2140,2160,2200,2220,2260,2280,2300,2320,2340,2360,2380,2400,2420,2440,2460,2480,2500,2520,2560,2580,2600,2620,2640,2660,2700,2720,2740,2760,2780,2800,2820,2840,2860,2880,2900,2920,2940,2960,2980,3000,3020,3040,3060,3080,3100,3140,3160,3180,3200,3220,3240,3260,3280,3300,3360,3380,3400,3420,3440,3460,3480,3500,3520,3560,3580,3600,3620,3640,3660,3680,3700,3720,3740,3760,3780,3800,3820,3840,3860,3880,3900,3920,3940,3960,3980,4000,4020,4040,4060,4080,4100,4120,4160,4200,4220,4280,4300,4320,4340,4360,4400,4460,4480,4500,4520,4540,4560,4580,4640,4660,4680,4720,4760,4780,4800,4820,4840,4860,4940,4980,5020,5040,5060,5080,5120,5140,5160,5260,5280,5340,5380,5400,5440,5480,5500,5640,5780,6040,6060,6440,6460,6580,7300,7340,7360,7400,7860,7880,8020,8600,9320,11840,11860,15060],
"fitness": [15370.464844,15130.118164,15042.370117,14859.639648,14824.130859,14611.375977,14478.614258,14394.352539,14349.505859,14277.694336,14242.875000,14193.091797,14147.133789,14107.222656,14049.318359,13957.358398,13943.869141,13888.129883,13852.734375,13813.702148,13786.647461,13724.675781,13718.297852,13652.402344,13636.065430,13601.141602,13563.678711,13537.355469,13501.259766,13462.872070,13430.064453,13414.413086,13395.227539,13307.555664,13292.033203,13248.343750,13211.660156,13210.714844,13176.102539,13150.512695,13129.857422,13099.226562,13066.692383,13029.826172,12998.000000,12949.259766,12922.075195,12903.000000,12859.172852,12802.934570,12775.947266,12711.083008,12687.243164,12621.786133,12605.532227,12573.838867,12554.137695,12551.723633,12522.227539,12499.073242,12488.371094,12472.142578,12461.392578,12429.554688,12419.740234,12408.037109,12374.813477,12331.372070,12300.521484,12277.002930,12236.078125,12198.670898,12177.999023,12164.331055,12156.000000,12126.353516,12099.259766,12049.283203,12028.813477,12015.958984,12004.614258,11976.128906,11956.387695,11947.661133,11928.125000,11898.804688,11879.059570,11864.220703,11835.466797,11814.238281,11808.661133,11790.770508,11770.993164,11739.252930,11719.319336,11717.844727,11693.648438,11674.006836,11658.186523,11624.608398,11606.068359,11563.848633,11535.756836,11518.785156,11492.547852,11472.286133,11466.715820,11444.211914,11431.000000,11404.848633,11400.954102,11380.250000,11357.765625,11353.567383,11340.059570,11315.309570,11297.747070,11287.162109,11225.579102,11211.423828,11185.019531,11149.681641,11125.958984,11103.423828,11075.652344,11055.476562,11030.631836,11022.705078,11009.962891,10990.171875,10948.140625,10943.043945,10921.253906,10897.435547,10864.764648,10841.670898,10830.162109,10809.149414,10779.192383,10776.676758,10731.456055,10720.709961,10684.859375,10672.211914,10653.347656,10622.546875,10601.094727,10592.884766,10582.579102,10542.135742,10533.906250,10496.321289,10474.159180,10459.551758,10440.316406,10427.219727,10403.113281,10397.236328,10386.728516,10369.844727,10362.193359,10337.082031,10307.908203,10248.737305,10226.070312,10192.011719,10191.077148,10144.405273,10125.308594,10106.680664,10077.116211,10034.399414,10033.687500,10010.606445,10000.030273,9981.124023,9932.583008,9907.385742,9868.347656,9853.793945,9849.546875,9794.861328,9783.538086,9748.409180,9742.837891,9713.314453,9682.732422,9675.736328,9621.606445,9596.159180,9593.880859,9579.455078,9550.158203,9525.169922,9520.079102,9504.966797,9498.252930,9497.611328,9496.979492,9488.296875,9445.964844,9413.112305,9409.240234,9368.931641,9363.575195,9333.604492,9320.335938,9298.600586,9271.272461,9257.082031,9235.537109,9207.229492,9180.758789,9174.069336,9169.136719,9147.982422,9145.519531,9132.805664,9084.073242,9064.996094,9033.055664,9013.310547,9006.912109,8992.339844,8974.844727,8953.612305,8951.396484,8945.720703,8899.440430,8883.412109,8867.329102,8863.088867,8841.343750,8826.522461,8822.665039,8811.031250,8804.303711,8772.041992,8766.049805,8737.703125,8733.963867,8707.507812,8694.670898,8681.211914,8678.672852,8676.102539,8670.437500,8667.945312,8666.320312,8663.856445,8631.165039,8624.372070,8623.272461,8621.885742,8621.885742]
}