{
"iteraciones": [20,40,60,80,100,120,140,160,180,200,220,260,280,300,320,340,360,380,400,420,440,460,480,500,520,540,560,580,600,620,640,660,680,700,720,740,780,800,820,840,860,880,900,920,940,960,980,1000,1020,1040,1100,1120,1140,1160,1180,1200,1220,1240,1260,1280,1320,1340,1360,1380,1400,1440,1460,1480,1500,1520,1540,1560,1580,1600,1620,1680,1700,1720,1740,1760,1780,1800,1820,1840,1860,1880,1900,1920,1940,1960,1980,2020,2040,2060,2100,2120,2160,2180,2200,2220,2240,2260,2280,2300,2320,2380,2400,2420,2440,2460,2480,2500,2520,2540,2560,2580,2600,2620,2640,2660,2680,2700,2720,2740,2780,2800,2820,2840,2900,2920,2940,2960,2980,3000,3020,3040,3060,3080,3100,3120,3140,3160,3180,3220,3240,3260,3280,3300,3320,3340,3400,3420,3440,3460,3480,3500,3520,3540,3560,3600,3620,3640,3660,3680,3700,3740,3760,3780,3800,3860,3900,3920,3940,3960,3980,4040,4060,4100,4120,4160,4180,4200,4220,4240,4260,4320,4440,4460,4540,4560,4620,4720,4760,4860,4900,4980,5000,5020,5040,5180,5200,5220,5240,5300,5320,5340,5440,5520,5540,5560,5940,5960,5980,6000,6020,6040,6060,6260,7320,7340,7360,7560,7580,7600,7740,9980,13180],
"fitness": [15101.197266,14970.097656,14869.018555,14690.199219,14634.214844,14612.934570,14522.158203,14440.000000,14411.691406,14354.966797,14259.366211,14228.866211,14217.957031,14148.452148,14098.230469,14075.159180,13967.506836,13941.753906,13888.652344,13856.818359,13815.015625,13778.285156,13715.717773,13710.314453,13609.026367,13606.828125,13557.775391,13543.467773,13507.394531,13465.643555,13428.118164,13389.975586,13338.478516,13306.787109,13286.294922,13168.701172,13154.017578,13092.385742,13054.569336,13031.460938,12981.400391,12979.923828,12933.925781,12902.649414,12868.577148,12830.732422,12816.446289,12767.754883,12745.934570,12694.997070,12667.208008,12650.936523,12592.818359,12545.996094,12535.989258,12490.280273,12456.590820,12443.715820,12404.554688,12324.503906,12299.897461,12245.812500,12241.003906,12198.666016,12165.782227,12146.684570,12141.504883,12121.614258,12074.958008,12054.843750,12041.430664,12031.615234,12000.522461,11987.432617,11954.368164,11926.852539,11903.537109,11881.927734,11871.000000,11825.882812,11788.455078,11771.991211,11752.100586,11712.380859,11692.503906,11674.657227,11671.323242,11647.402344,11627.387695,11605.189453,11558.111328,11523.000000,11493.377930,11458.307617,11441.001953,11366.684570,11329.747070,11288.880859,11263.195312,11226.310547,11180.204102,11174.502930,11163.317383,11154.869141,11124.416016,11086.136719,11059.062500,11050.486328,11016.574219,10966.987305,10960.120117,10944.852539,10924.818359,10918.905273,10880.002930,10864.933594,10827.087891,10822.000000,10774.134766,10763.569336,10727.211914,10715.475586,10701.450195,10673.637695,10664.916992,10658.588867,10636.821289,10602.173828,10588.497070,10545.346680,10487.234375,10462.056641,10409.455078,10401.288086,10368.000000,10352.912109,10329.116211,10316.566406,10311.207031,10272.682617,10256.984375,10233.825195,10218.851562,10181.616211,10138.963867,10099.052734,10026.148438,10024.018555,9992.369141,9947.562500,9897.074219,9890.609375,9867.059570,9845.756836,9812.101562,9807.682617,9771.920898,9765.161133,9710.857422,9667.056641,9629.457031,9587.614258,9582.608398,9548.000000,9538.165039,9477.707031,9455.127930,9437.378906,9416.457031,9404.988281,9389.738281,9379.033203,9372.824219,9357.528320,9331.554688,9326.899414,9319.807617,9303.450195,9282.112305,9259.179688,9225.647461,9204.824219,9188.740234,9133.971680,9084.349609,9076.042969,9075.591797,9073.836914,9048.018555,9011.909180,8999.069336,8973.898438,8959.775391,8948.750977,8944.993164,8903.029297,8900.411133,8875.069336,8871.323242,8863.560547,8838.772461,8835.839844,8826.006836,8800.965820,8796.329102,8788.341797,8784.678711,8783.171875,8781.609375,8767.036133,8760.552734,8753.561523,8752.925781,8744.611328,8719.209961,8711.010742,8706.488281,8679.325195,8667.203125,8663.850586,8634.074219,8632.714844,8630.000000,8629.052734,8625.290039,8621.885742,8621.885742]
}