{
"iteraciones": [20,40,60,80,100,120,140,160,180,220,240,260,280,300,320,340,360,380,400,420,440,460,480,500,520,540,560,580,600,620,640,660,680,700,720,740,760,780,800,820,840,860,880,900,920,940,960,980,1000,1020,1040,1060,1080,1100,1120,1140,1160,1180,1200,1220,1240,1260,1280,1300,1320,1340,1360,1380,1400,1420,1440,1460,1480,1500,1520,1540,1560,1580,1600,1620,1640,1660,1680,1700,1720,1740,1760,1780,1800,1820,1840,1860,1880,1900,1920,1940,1980,2020,2040,2060,2080,2100,2120,2140,2160,2180,2200,2240,2260,2280,2300,2320,2340,2360,2380,2400,2420,2440,2460,2480,2500,2520,2540,2560,2580,2620,2640,2680,2720,2760,2780,2800,2820,2840,2860,2880,2900,2920,2960,2980,3000,3020,3040,3060,3080,3100,3120,3140,3160,3180,3200,3220,3240,3260,3280,3300,3320,3340,3360,3380,3400,3420,3440,3460,3480,3500,3560,3600,3620,3660,3780,3820,3840,3860,3880,3920,3940,4060,4080,4100,4120,4180,4240,4260,4300,4320,4340,4380,4400,4420,4480,4500,4520,4560,4620,4640,4660,4760,4780,4900,5000,5040,5060,5100,5120,5160,5180,5200,5220,5240,5260,5300,5400,5420,5440,5460,5580,5600,5620,5640,5680,5720,5740,5760,5780,5820,5840,5860,5960,6020,6040,6200,6220,6280,6300,6720,6780,6800,7000,7500,7520,7860,7980,8520,8540,11740],
"fitness": [15429.569336,15033.291992,14792.298828,14738.313477,14458.239258,14364.169922,14283.246094,14238.433594,14107.778320,14048.285156,14020.609375,13964.920898,13956.910156,13928.653320,13899.569336,13879.516602,13807.033203,13793.621094,13755.545898,13733.299805,13701.134766,13656.963867,13631.000000,13586.583008,13542.408203,13510.020508,13474.252930,13439.713867,13384.062500,13363.482422,13321.454102,13319.693359,13265.016602,13223.557617,13189.587891,13185.563477,13135.617188,13114.375000,13103.614258,13079.664062,13051.000000,12995.354492,12991.535156,12934.686523,12851.638672,12842.469727,12824.731445,12767.586914,12736.146484,12712.502930,12678.215820,12672.253906,12633.266602,12620.089844,12593.193359,12582.868164,12545.977539,12514.320312,12487.451172,12485.675781,12455.090820,12447.185547,12423.970703,12406.799805,12364.350586,12326.312500,12297.967773,12272.983398,12259.520508,12234.556641,12183.029297,12142.620117,12113.098633,12085.833984,12066.079102,12051.708984,12031.827148,11998.814453,11990.042969,11961.531250,11928.656250,11921.459961,11903.294922,11885.894531,11854.197266,11839.708984,11836.061523,11794.283203,11773.951172,11764.774414,11701.484375,11677.295898,11653.399414,11619.014648,11607.871094,11572.559570,11551.531250,11525.117188,11516.673828,11507.615234,11479.146484,11462.920898,11446.296875,11429.325195,11403.300781,11381.278320,11355.961914,11336.942383,11324.667969,11312.280273,11305.638672,11282.897461,11264.041992,11256.093750,11239.204102,11224.890625,11218.338867,11193.758789,11182.506836,11170.386719,11149.827148,11148.903320,11116.195312,11091.721680,11074.319336,11054.487305,11035.258789,11002.583008,10984.986328,10972.801758,10955.887695,10947.492188,10941.138672,10923.528320,10920.050781,10913.630859,10895.004883,10882.034180,10871.321289,10845.732422,10842.628906,10804.336914,10797.698242,10746.368164,10728.400391,10721.751953,10702.365234,10675.061523,10643.023438,10639.891602,10611.986328,10584.078125,10562.000000,10537.430664,10520.540039,10495.059570,10455.057617,10453.952148,10426.122070,10420.321289,10400.140625,10387.447266,10381.343750,10363.889648,10338.169922,10312.094727,10291.779297,10274.481445,10259.628906,10245.024414,10219.134766,10202.843750,10191.246094,10172.846680,10165.086914,10162.122070,10131.090820,10128.290039,10118.230469,10074.624023,10058.809570,10055.658203,10046.844727,10024.732422,10023.677734,10022.867188,10018.165039,10017.373047,10000.655273,9989.676758,9987.731445,9954.814453,9941.013672,9935.932617,9931.297852,9926.000000,9894.502930,9874.281250,9827.947266,9789.401367,9778.008789,9770.953125,9755.958008,9746.335938,9722.038086,9719.307617,9713.061523,9702.558594,9691.536133,9687.134766,9672.319336,9633.612305,9617.001953,9601.960938,9577.068359,9551.916016,9550.527344,9549.171875,9536.977539,9526.232422,9519.000000,9508.398438,9503.212891,9491.787109,9486.140625,9484.761719,9483.556641,9470.327148,9437.296875,9428.774414,9410.831055,9406.706055,9389.000000,9382.400391,9370.528320,9369.932617,9363.557617,9356.766602,9352.796875,9351.518555,9349.371094,9348.313477,9335.088867,9320.000000,9317.697266,9317.697266]
}