{
"iteraciones": [20,40,80,100,120,140,160,180,220,240,260,280,300,320,340,360,380,420,440,460,480,500,520,540,560,580,600,620,640,660,680,740,760,780,800,820,840,860,880,900,920,940,960,980,1020,1040,1060,1080,1100,1120,1140,1160,1180,1220,1240,1260,1280,1300,1320,1340,1360,1380,1420,1440,1460,1480,1500,1540,1560,1580,1600,1660,1680,1700,1720,1740,1760,1780,1800,1820,1840,1860,1880,1900,1920,1940,1960,2000,2020,2040,2060,2100,2140,2160,2180,2220,2240,2260,2280,2300,2320,2340,2360,2380,2400,2420,2440,2460,2480,2500,2520,2540,2560,2580,2600,2620,2680,2700,2720,2740,2760,2800,2840,2880,2920,2960,2980,3000,3020,3040,3060,3140,3160,3180,3200,3220,3240,3280,3300,3320,3340,3380,3400,3420,3440,3460,3480,3500,3560,3580,3620,3640,3700,3720,3760,3780,3800,3820,3840,3860,3880,3900,3920,3940,3980,4060,4080,4100,4120,4140,4180,4200,4220,4240,4280,4300,4340,4360,4380,4400,4420,4440,4460,4480,4500,4520,4540,4560,4580,4600,4620,4660,4680,4700,4720,4740,4760,4780,4820,4840,4860,4900,4920,4940,4980,5000,5100,5120,5140,5160,5180,5200,5220,5240,5260,5280,5300,5320,5340,5360,5380,5400,5440,5460,5480,5500,5520,5540,5560,5580,5600,5660,5780,5800,5820,5840,5900,5920,5940,6020,6060,6080,6100,6120,6160,6220,6240,6260,6280,6300,6360,6420,6500,6520,6540,6560,6680,6760,6780,6880,6900,6940,7760,7780,7800,8500,8920,9340,9660,9680,9700,11800,11820,11840,15040],
"fitness": [15219.017578,15000.799805,14814.919922,14723.804688,14528.373047,14332.958984,14278.874023,14121.123047,14116.781250,14045.743164,14030.654297,14009.387695,13967.750977,13918.653320,13906.779297,13859.665039,13752.571289,13736.252930,13668.532227,13566.394531,13527.365234,13511.354492,13463.558594,13452.991211,13387.933594,13376.961914,13345.053711,13321.979492,13312.346680,13282.230469,13210.387695,13122.279297,13092.217773,13057.969727,13036.637695,12994.202148,12952.566406,12917.121094,12879.921875,12857.110352,12817.732422,12797.563477,12774.487305,12699.036133,12696.910156,12663.156250,12640.047852,12603.052734,12575.111328,12534.222656,12524.144531,12475.333008,12410.031250,12377.510742,12354.210938,12319.174805,12300.571289,12275.605469,12238.960938,12201.122070,12189.559570,12182.493164,12173.467773,12158.121094,12145.000000,12125.591797,12088.447266,12084.009766,12075.636719,12050.644531,11996.758789,11974.934570,11936.166992,11927.201172,11898.371094,11879.250977,11868.100586,11832.855469,11823.025391,11774.074219,11772.518555,11763.965820,11762.135742,11752.446289,11736.095703,11731.567383,11727.699219,11724.503906,11695.517578,11694.065430,11679.312500,11667.450195,11649.489258,11638.088867,11606.976562,11588.686523,11576.504883,11572.522461,11559.670898,11556.792969,11552.815430,11535.962891,11532.499023,11519.019531,11491.138672,11483.534180,11467.512695,11435.804688,11429.912109,11412.256836,11374.697266,11372.015625,11363.875000,11355.110352,11345.353516,11329.351562,11298.269531,11294.898438,11240.582031,11221.402344,11205.604492,11177.741211,11157.171875,11153.460938,11135.242188,11116.376953,11095.796875,11084.785156,11079.313477,11056.813477,11015.918945,11011.575195,10985.563477,10978.040039,10952.681641,10951.006836,10939.415039,10931.682617,10916.564453,10909.329102,10899.770508,10886.208008,10879.978516,10866.100586,10865.047852,10852.318359,10832.392578,10817.376953,10798.326172,10774.863281,10770.645508,10757.731445,10751.544922,10734.634766,10724.295898,10718.157227,10703.948242,10701.976562,10687.332031,10671.978516,10638.053711,10620.289062,10593.818359,10569.524414,10554.870117,10530.734375,10512.639648,10497.881836,10470.133789,10450.679688,10433.879883,10423.000000,10405.885742,10368.880859,10345.532227,10337.629883,10320.823242,10313.119141,10293.118164,10279.583984,10264.240234,10254.874023,10231.169922,10227.554688,10193.596680,10164.460938,10156.371094,10153.542969,10146.654297,10120.917969,10112.996094,10099.182617,10079.319336,10070.514648,10049.170898,10015.604492,9988.245117,9964.820312,9950.614258,9926.246094,9911.744141,9908.683594,9895.135742,9848.950195,9829.736328,9742.576172,9681.740234,9651.786133,9639.052734,9602.450195,9588.461914,9582.041016,9564.219727,9533.957031,9526.862305,9504.055664,9489.879883,9464.956055,9451.041016,9443.968750,9410.304688,9398.747070,9376.793945,9331.431641,9324.206055,9271.714844,9257.253906,9244.101562,9210.926758,9198.638672,9184.313477,9127.147461,9113.705078,9095.388672,9069.055664,9051.065430,9024.909180,9012.779297,8989.126953,8987.081055,8966.982422,8953.446289,8945.344727,8939.848633,8931.866211,8917.808594,8905.897461,8887.329102,8877.708008,8875.925781,8873.833008,8857.059570,8834.730469,8831.752930,8806.338867,8802.670898,8800.020508,8787.914062,8769.164062,8761.372070,8750.092773,8703.046875,8651.721680,8650.623047,8648.018555,8647.421875,8642.828125,8639.245117,8638.848633,8634.000000,8628.142578,8624.372070,8623.272461,8621.885742,8621.885742]
}