{
"iteraciones": [40,60,80,100,120,140,160,180,200,220,240,280,300,320,340,360,380,400,420,440,460,480,500,520,540,560,580,600,620,640,660,680,700,720,740,760,780,800,820,840,860,880,900,920,940,960,980,1000,1020,1060,1080,1100,1120,1140,1160,1180,1200,1220,1240,1260,1280,1300,1320,1340,1360,1380,1400,1420,1440,1460,1480,1500,1520,1540,1560,1580,1600,1620,1640,1660,1680,1700,1720,1740,1760,1780,1800,1820,1840,1860,1880,1900,1920,1940,1980,2000,2040,2100,2120,2140,2160,2180,2200,2220,2240,2260,2280,2300,2320,2340,2360,2380,2420,2460,2480,2500,2520,2560,2580,2620,2660,2680,2720,2740,2760,2780,2800,2820,2840,2860,2880,2900,2940,2960,3000,3020,3060,3080,3120,3140,3160,3180,3200,3220,3280,3300,3320,3340,3420,3440,3460,3480,3500,3520,3540,3560,3580,3700,3720,3740,3760,3780,3820,3940,3960,4040,4060,4080,4100,4120,4160,4180,4220,4280,4360,4380,4400,4500,4700,4720,4760,4820,4880,4900,4920,4940,4960,4980,5000,5020,5080,5180,5200,5520,5900,6080,6280,6920,6940,7960,8000,11200],
"fitness": [15316.465820,15145.368164,14945.093750,14650.809570,14593.560547,14452.288086,14380.320312,14327.321289,14269.150391,14193.224609,14145.952148,14103.649414,14098.896484,14023.256836,13993.546875,13961.054688,13960.780273,13911.135742,13878.053711,13833.767578,13816.843750,13796.623047,13767.994141,13739.622070,13723.401367,13662.942383,13614.310547,13561.920898,13542.561523,13506.995117,13478.434570,13399.611328,13357.041016,13345.858398,13319.890625,13279.176758,13235.910156,13199.731445,13096.466797,13068.401367,13047.638672,13012.297852,12975.062500,12945.933594,12880.235352,12849.873047,12811.024414,12772.883789,12686.388672,12658.974609,12635.836914,12607.000000,12562.152344,12504.241211,12430.112305,12429.442383,12383.857422,12357.587891,12302.735352,12260.414062,12227.415039,12204.467773,12167.097656,12159.691406,12123.658203,12113.500000,12081.327148,12060.000000,12020.367188,11981.245117,11967.000000,11925.583008,11889.400391,11863.357422,11809.108398,11766.511719,11714.823242,11684.217773,11678.588867,11633.959961,11613.756836,11543.854492,11514.208984,11493.914062,11455.279297,11434.565430,11412.243164,11338.732422,11319.449219,11305.096680,11253.033203,11231.694336,11209.553711,11104.525391,11064.315430,11054.318359,10925.113281,10906.141602,10855.325195,10830.879883,10822.021484,10785.698242,10726.699219,10684.226562,10679.173828,10651.737305,10631.737305,10610.465820,10582.161133,10564.164062,10528.711914,10472.787109,10439.846680,10418.233398,10403.080078,10387.378906,10340.317383,10328.208008,10296.603516,10245.663086,10230.487305,10212.294922,10194.069336,10161.620117,10125.135742,10082.457031,10040.329102,10031.028320,9991.429688,9973.390625,9946.256836,9928.583984,9883.027344,9874.012695,9868.727539,9838.633789,9812.665039,9772.562500,9748.543945,9728.174805,9711.593750,9708.000000,9688.663086,9676.158203,9656.819336,9630.017578,9583.997070,9556.918945,9507.095703,9503.921875,9468.017578,9410.408203,9408.216797,9405.667969,9371.127930,9366.322266,9332.585938,9294.458984,9281.590820,9264.461914,9239.635742,9207.863281,9177.792969,9169.699219,9123.395508,9115.568359,9085.332031,9067.322266,9063.583008,9042.992188,9013.000000,8982.763672,8963.721680,8935.841797,8915.426758,8890.788086,8866.329102,8856.929688,8844.864258,8831.205078,8811.677734,8790.696289,8785.012695,8766.071289,8763.614258,8742.673828,8728.661133,8705.485352,8704.174805,8701.544922,8692.816406,8679.341797,8667.756836,8665.663086,8657.525391,8656.885742,8652.625000,8637.324219,8627.008789,8625.116211,8621.885742,8621.885742]
}