{
"iteraciones": [40,60,80,120,140,160,180,200,240,260,280,320,360,380,400,420,440,480,500,520,540,560,580,600,620,640,660,680,700,720,740,760,780,820,840,860,880,900,920,940,960,980,1000,1020,1040,1060,1080,1100,1120,1140,1160,1180,1200,1220,1240,1280,1300,1320,1340,1360,1380,1400,1420,1440,1460,1480,1500,1520,1540,1560,1600,1620,1640,1660,1680,1700,1720,1740,1760,1780,1800,1820,1840,1860,1880,1900,1920,1940,1960,2000,2040,2080,2100,2140,2160,2180,2200,2220,2240,2260,2280,2300,2340,2360,2380,2420,2440,2480,2500,2520,2540,2560,2580,2600,2620,2640,2660,2680,2700,2720,2740,2760,2780,2800,2820,2840,2860,2880,2900,2940,2960,2980,3000,3020,3040,3080,3100,3120,3140,3160,3220,3240,3260,3280,3320,3340,3360,3380,3400,3420,3440,3480,3500,3540,3640,3660,3680,3700,3720,3740,3760,3800,3820,3840,3880,3900,3920,3980,4000,4020,4040,4100,4140,4160,4220,4240,4280,4300,4320,4360,4380,4400,4440,4480,4540,4560,4580,4660,4680,4700,4720,4740,4760,4800,4840,4880,4920,4940,4960,5000,5060,5080,5160,5180,5200,5320,5580,5620,5660,5720,5880,6460,6480,6500,7380,7880,8520,9740,9760,12960],
"fitness": [15234.567383,15127.217773,14867.064453,14825.458984,14740.607422,14738.290039,14651.650391,14583.220703,14554.665039,14499.533203,14394.162109,14315.624023,14279.833984,14243.932617,14205.004883,14150.306641,14048.687500,13995.568359,13949.542969,13879.785156,13813.791016,13809.421875,13753.948242,13710.181641,13667.104492,13643.063477,13640.091797,13591.916992,13546.317383,13491.558594,13455.331055,13420.319336,13382.172852,13355.148438,13334.257812,13301.678711,13256.187500,13221.449219,13198.347656,13166.102539,13118.630859,13012.881836,12973.929688,12971.134766,12943.459961,12901.727539,12862.702148,12856.538086,12816.270508,12777.852539,12757.667969,12669.479492,12639.594727,12603.114258,12546.439453,12508.864258,12494.677734,12441.886719,12412.423828,12366.538086,12338.098633,12292.745117,12278.573242,12215.438477,12207.858398,12184.987305,12154.507812,12129.069336,12046.929688,12012.873047,11905.030273,11891.071289,11855.221680,11807.635742,11785.993164,11739.297852,11678.699219,11669.876953,11645.402344,11622.113281,11591.831055,11573.356445,11544.103516,11503.493164,11465.256836,11446.795898,11390.428711,11372.816406,11324.132812,11290.905273,11237.658203,11202.172852,11189.614258,11164.734375,11154.220703,11116.800781,11100.754883,11086.441406,11071.126953,11039.343750,11033.802734,10977.138672,10950.418945,10925.639648,10889.921875,10831.617188,10785.518555,10705.364258,10704.230469,10673.291016,10661.284180,10655.577148,10613.500000,10584.804688,10578.240234,10559.822266,10532.520508,10500.907227,10492.083984,10486.726562,10452.529297,10433.847656,10414.571289,10382.381836,10364.615234,10349.203125,10317.802734,10313.938477,10272.780273,10261.880859,10252.297852,10239.836914,10232.840820,10214.798828,10188.025391,10179.784180,10172.125977,10143.607422,10123.233398,10099.187500,10083.809570,10039.504883,10024.520508,9981.782227,9933.768555,9899.228516,9887.044922,9850.393555,9846.412109,9843.719727,9779.616211,9759.159180,9746.390625,9727.502930,9719.453125,9701.718750,9677.545898,9622.825195,9618.045898,9557.285156,9524.463867,9506.771484,9493.677734,9468.535156,9464.767578,9454.511719,9436.629883,9427.365234,9403.810547,9398.980469,9370.857422,9326.906250,9324.000000,9248.947266,9242.642578,9228.103516,9221.750000,9215.381836,9179.336914,9140.129883,9122.759766,9088.453125,9061.664062,9016.056641,9010.069336,8990.276367,8971.762695,8954.141602,8945.776367,8940.036133,8898.345703,8884.666992,8875.247070,8868.071289,8852.155273,8837.087891,8831.153320,8812.296875,8786.417969,8768.865234,8755.976562,8751.969727,8737.019531,8733.262695,8732.902344,8731.878906,8727.788086,8722.420898,8699.547852,8691.832031,8679.917969,8666.001953,8664.116211,8647.867188,8638.483398,8626.612305,8624.373047,8623.272461,8621.885742,8621.885742]
}