{
"iteraciones": [20,40,60,80,100,120,140,160,180,200,220,240,280,300,320,340,360,380,400,420,440,460,480,500,520,540,560,580,600,620,660,700,720,740,760,780,820,840,860,880,900,940,960,980,1000,1020,1040,1060,1080,1100,1120,1140,1160,1180,1200,1220,1240,1260,1280,1300,1320,1340,1360,1380,1400,1420,1440,1460,1480,1520,1540,1560,1580,1600,1620,1640,1680,1700,1720,1740,1760,1780,1800,1820,1840,1860,1880,1900,1920,2020,2040,2060,2080,2100,2120,2140,2160,2180,2200,2220,2240,2260,2280,2300,2320,2340,2360,2380,2400,2420,2440,2460,2500,2520,2540,2580,2600,2620,2640,2660,2700,2720,2740,2760,2780,2820,2840,2860,2900,2920,2940,2960,2980,3000,3020,3040,3060,3080,3120,3160,3180,3200,3240,3260,3280,3300,3320,3360,3380,3400,3420,3460,3480,3500,3520,3540,3560,3580,3600,3640,3780,3800,3820,3840,3900,3940,3960,4020,4040,4080,4120,4140,4160,4360,4380,4400,4540,4560,4580,4740,4780,4800,4860,4880,5220,5960,5980,6000,6400,6500,6700,6800,10000],
"fitness": [15276.380859,14999.786133,14670.174805,14589.729492,14559.518555,14369.979492,14309.069336,14225.433594,14114.288086,14100.958008,14091.000000,14003.583984,13907.878906,13873.000000,13835.913086,13811.889648,13766.813477,13738.676758,13708.348633,13653.483398,13641.463867,13597.788086,13583.362305,13498.129883,13454.460938,13411.193359,13344.319336,13313.632812,13292.879883,13228.550781,13103.067383,13080.293945,13028.120117,12981.464844,12950.540039,12892.157227,12884.825195,12841.514648,12779.458008,12720.437500,12674.460938,12617.378906,12584.230469,12545.402344,12463.315430,12408.308594,12306.542969,12288.161133,12269.394531,12255.082031,12248.782227,12182.325195,12150.001953,12108.916016,12090.239258,12017.165039,12014.139648,11942.536133,11905.717773,11885.008789,11865.000000,11849.429688,11800.791016,11764.861328,11747.824219,11723.548828,11687.334961,11685.963867,11625.910156,11621.754883,11586.914062,11574.310547,11538.986328,11516.192383,11469.516602,11431.837891,11405.987305,11351.058594,11330.466797,11322.691406,11261.393555,11239.530273,11207.644531,11192.489258,11172.416992,11163.180664,11158.356445,11126.508789,11023.206055,11004.871094,10940.334961,10919.857422,10897.049805,10861.378906,10809.329102,10808.054688,10741.046875,10708.311523,10697.938477,10679.326172,10654.864258,10635.565430,10623.769531,10602.663086,10587.912109,10573.632812,10539.247070,10524.144531,10472.129883,10438.862305,10405.683594,10348.119141,10341.200195,10283.940430,10212.153320,10159.181641,10150.150391,10076.370117,10070.931641,10008.683594,9994.487305,9981.491211,9955.000000,9914.803711,9901.862305,9872.252930,9858.665039,9850.916016,9845.926758,9833.089844,9796.941406,9752.242188,9743.954102,9712.360352,9681.502930,9665.654297,9642.653320,9633.213867,9614.174805,9612.503906,9601.652344,9565.716797,9539.574219,9514.116211,9502.032227,9483.780273,9454.752930,9443.492188,9416.448242,9398.696289,9377.799805,9338.245117,9325.419922,9284.367188,9269.803711,9254.517578,9213.845703,9193.027344,9175.629883,9113.692383,9088.527344,9083.242188,9028.167969,9010.839844,8982.770508,8932.252930,8929.810547,8888.000000,8885.475586,8863.486328,8862.612305,8858.500000,8841.427734,8838.809570,8834.256836,8817.699219,8804.495117,8798.293945,8785.559570,8735.886719,8733.412109,8690.255859,8688.000000,8686.193359,8662.278320,8649.904297,8642.803711,8641.667969,8640.319336,8637.785156,8632.448242,8629.685547,8629.685547]
}