{
"iteraciones": [20,40,60,80,100,120,140,160,180,200,220,240,260,280,300,320,340,360,380,400,420,460,480,500,520,540,560,580,600,620,640,660,680,700,720,740,760,780,840,880,900,920,940,960,980,1000,1020,1040,1060,1080,1100,1120,1140,1160,1180,1200,1220,1240,1260,1280,1300,1320,1340,1360,1380,1400,1420,1440,1480,1500,1540,1560,1580,1600,1620,1640,1660,1680,1700,1720,1740,1760,1780,1800,1820,1840,1860,1880,1900,1920,1940,1960,1980,2000,2020,2040,2060,2080,2100,2120,2140,2160,2180,2200,2220,2240,2280,2300,2320,2340,2380,2400,2420,2440,2460,2500,2520,2540,2560,2580,2600,2620,2640,2660,2680,2740,2760,2780,2800,2820,2840,2860,2880,2900,2920,2960,2980,3000,3040,3060,3080,3100,3120,3140,3160,3180,3200,3240,3280,3300,3320,3340,3360,3400,3420,3440,3460,3480,3500,3540,3600,3640,3660,3700,3720,3740,3760,3780,3800,3820,3840,3860,3900,3920,3940,3980,4000,4020,4040,4060,4080,4120,4160,4200,4220,4260,4280,4320,4340,4380,4400,4420,4480,4500,4540,4560,4600,4620,4640,4680,4700,4760,4820,4840,4880,4900,4920,4940,4980,5000,5020,5180,5240,5340,5360,5380,5400,5420,5440,5520,5560,5640,5660,5680,5700,5920,5940,5960,6180,7160,7180,7280,7740,8760,9000,9080,9100,11040,14240],
"fitness": [15300.894531,15162.750000,14997.527344,14874.284180,14846.971680,14726.338867,14671.015625,14645.077148,14512.466797,14482.248047,14450.031250,14412.381836,14372.726562,14344.486328,14309.045898,14272.337891,14216.762695,14155.827148,14125.440430,14076.919922,14021.626953,14009.592773,13952.653320,13923.572266,13873.762695,13835.649414,13802.558594,13713.155273,13663.397461,13616.879883,13536.640625,13520.152344,13447.379883,13446.456055,13354.389648,13336.046875,13302.831055,13211.916016,13156.886719,13110.895508,13071.235352,13037.892578,12998.531250,12965.591797,12896.263672,12852.477539,12813.158203,12764.144531,12707.650391,12683.672852,12663.100586,12619.472656,12596.704102,12570.000000,12517.616211,12492.162109,12468.790039,12444.812500,12398.572266,12372.653320,12353.000000,12322.426758,12300.250977,12273.152344,12246.379883,12216.597656,12199.345703,12153.451172,12126.956055,12088.514648,12064.133789,12034.184570,12001.318359,11958.441406,11939.786133,11930.287109,11896.497070,11845.833008,11824.267578,11802.439453,11778.238281,11745.771484,11713.375977,11691.972656,11679.851562,11656.976562,11618.757812,11587.760742,11569.262695,11554.458984,11510.756836,11505.934570,11472.200195,11437.446289,11428.883789,11425.140625,11401.492188,11373.985352,11352.241211,11350.267578,11318.911133,11301.595703,11290.319336,11277.613281,11254.526367,11246.524414,11231.594727,11219.668945,11188.153320,11174.927734,11156.858398,11139.513672,11128.515625,11115.776367,11068.333008,11014.747070,10988.045898,10985.191406,10961.278320,10948.308594,10936.199219,10932.078125,10905.545898,10893.648438,10837.166016,10821.867188,10783.931641,10776.416992,10760.595703,10757.402344,10729.730469,10688.959961,10667.242188,10646.995117,10606.052734,10598.029297,10574.666992,10549.421875,10517.141602,10482.147461,10469.297852,10431.958984,10421.181641,10398.197266,10384.611328,10380.757812,10338.559570,10320.711914,10296.123047,10273.729492,10265.514648,10240.559570,10210.582031,10188.380859,10183.347656,10157.828125,10155.000000,10114.845703,10109.258789,10059.852539,10020.163086,10009.261719,9961.517578,9945.495117,9921.178711,9903.291016,9891.041992,9856.730469,9833.443359,9809.010742,9786.900391,9762.381836,9720.233398,9712.137695,9652.495117,9647.279297,9608.369141,9601.218750,9590.814453,9560.090820,9555.007812,9511.737305,9466.774414,9457.040039,9430.615234,9428.639648,9408.257812,9385.750000,9357.949219,9350.342773,9327.592773,9307.872070,9296.903320,9273.133789,9249.081055,9237.018555,9219.534180,9208.175781,9192.943359,9180.112305,9179.758789,9177.862305,9175.375977,9117.609375,9113.749023,9078.095703,9072.777344,9036.189453,9017.287109,9012.127930,8968.571289,8967.166992,8937.929688,8917.809570,8904.019531,8890.868164,8881.866211,8850.950195,8823.067383,8814.872070,8797.599609,8760.403320,8735.460938,8733.862305,8721.401367,8711.484375,8704.037109,8695.963867,8669.651367,8644.961914,8640.229492,8638.832031,8632.060547,8629.685547,8626.661133,8624.148438,8623.272461,8621.885742,8621.885742]
}