{
"iteraciones": [20,40,60,80,100,120,140,160,180,200,220,240,260,280,300,320,340,360,380,400,420,440,460,480,500,520,540,560,580,600,620,640,660,680,700,720,740,760,780,800,820,840,860,880,900,920,940,960,980,1000,1020,1040,1060,1080,1100,1120,1140,1160,1180,1200,1220,1260,1280,1300,1320,1340,1360,1380,1400,1420,1440,1500,1520,1540,1560,1580,1600,1620,1640,1660,1680,1700,1720,1740,1760,1780,1800,1820,1840,1860,1880,1920,1940,1960,1980,2000,2020,2040,2060,2080,2100,2120,2180,2220,2260,2280,2300,2320,2340,2360,2380,2400,2420,2440,2460,2480,2500,2520,2540,2560,2580,2600,2620,2680,2700,2720,2740,2760,2780,2800,2840,2860,2880,2920,2940,2960,3060,3100,3120,3160,3180,3220,3380,3400,3420,3480,3500,3520,3560,3600,3620,3640,3740,3760,3780,3800,3820,3860,3900,3920,3940,3960,3980,4000,4020,4080,4460,4480,4540,4760,4820,5580,5620,5680,5820,7320,7600,8000,11200],
"fitness": [15236.673828,15103.552734,14867.634766,14632.809570,14492.122070,14430.549805,14318.199219,14176.198242,14087.796875,14043.582031,14003.805664,13972.249023,13944.414062,13875.071289,13866.709961,13810.989258,13755.758789,13686.331055,13616.723633,13606.228516,13503.323242,13452.961914,13396.112305,13335.791992,13286.521484,13249.235352,13190.651367,13180.873047,13126.839844,13079.832031,13057.988281,13017.287109,12996.533203,12972.529297,12937.811523,12880.558594,12864.565430,12812.616211,12767.560547,12715.772461,12695.583008,12667.141602,12630.006836,12590.024414,12576.562500,12542.099609,12519.512695,12459.888672,12457.139648,12407.671875,12360.893555,12289.152344,12216.154297,12158.292969,12127.805664,12028.513672,11999.929688,11932.550781,11922.521484,11885.616211,11789.378906,11733.062500,11708.802734,11618.929688,11594.131836,11575.500977,11523.176758,11507.949219,11486.834961,11462.103516,11365.201172,11343.395508,11256.296875,11208.750000,11207.693359,11127.828125,11070.224609,11009.086914,10979.322266,10930.588867,10868.984375,10823.913086,10814.833984,10795.815430,10782.979492,10764.870117,10745.235352,10699.190430,10677.258789,10653.998047,10579.858398,10550.833008,10512.768555,10463.047852,10396.348633,10387.500000,10336.289062,10281.118164,10243.356445,10181.689453,10107.046875,10043.562500,9979.072266,9900.736328,9860.313477,9824.422852,9787.465820,9775.672852,9752.340820,9751.507812,9739.532227,9735.774414,9722.279297,9717.450195,9660.594727,9653.527344,9613.960938,9569.076172,9545.664062,9493.909180,9483.326172,9430.296875,9392.046875,9383.326172,9379.057617,9361.438477,9350.385742,9349.680664,9338.827148,9336.501953,9324.372070,9316.455078,9293.196289,9255.196289,9253.740234,9240.238281,9229.395508,9212.020508,9180.556641,9163.758789,9143.744141,9100.903320,9098.839844,9035.214844,9010.138672,8996.328125,8995.891602,8967.307617,8948.685547,8907.835938,8887.353516,8881.431641,8879.425781,8878.391602,8876.665039,8875.354492,8866.459961,8850.270508,8823.680664,8810.546875,8799.482422,8783.632812,8755.040039,8754.204102,8750.988281,8739.755859,8731.633789,8713.810547,8695.206055,8691.375000,8663.452148,8642.748047,8640.090820,8639.877930,8631.793945,8630.554688,8629.225586,8624.373047,8624.373047]
}