{
"iteraciones": [40,60,80,100,120,140,180,200,220,240,260,280,300,320,340,360,380,400,420,440,460,480,500,520,540,580,600,620,640,660,680,700,720,740,760,780,800,820,840,860,880,900,920,940,960,980,1000,1020,1040,1060,1080,1100,1120,1140,1160,1180,1200,1220,1280,1300,1320,1340,1360,1380,1400,1420,1440,1460,1480,1500,1520,1540,1560,1580,1600,1620,1640,1660,1680,1700,1720,1740,1760,1780,1800,1840,1860,1880,1920,1940,1960,1980,2000,2020,2080,2100,2120,2140,2160,2180,2200,2220,2240,2280,2300,2320,2360,2380,2400,2420,2440,2460,2480,2500,2520,2540,2560,2580,2600,2620,2640,2660,2680,2700,2720,2740,2760,2780,2800,2820,2840,2860,2880,2900,2940,2960,2980,3000,3020,3040,3060,3080,3120,3140,3160,3180,3240,3280,3300,3320,3340,3420,3440,3460,3480,3500,3580,3600,3620,3640,3660,3680,3700,3720,3760,3800,3820,3840,3880,3900,3920,3940,3960,3980,4000,4020,4060,4080,4160,4180,4200,4220,4240,4400,4420,4440,4460,4480,4500,4520,4580,4780,4820,4860,4900,4960,4980,5060,5100,5220,5620,5660,5700,5720,5880,5960,6300,6320,6340,6560,6660,7320,7340,7360,7380,7440,10640],
"fitness": [15076.700195,14989.646484,14726.886719,14585.208984,14497.883789,14373.341797,14308.131836,14272.400391,14211.409180,14185.023438,14133.783203,14122.339844,14062.666016,14016.007812,14004.661133,13962.383789,13913.540039,13864.236328,13806.289062,13755.844727,13660.719727,13607.419922,13586.773438,13563.817383,13502.703125,13472.744141,13441.332031,13412.630859,13355.011719,13311.893555,13252.017578,13235.379883,13164.108398,13084.730469,13069.593750,13019.704102,13017.229492,12920.666992,12896.916992,12843.364258,12766.293945,12731.574219,12681.592773,12659.764648,12595.735352,12559.500977,12505.970703,12486.185547,12417.482422,12395.208008,12339.506836,12284.483398,12256.953125,12229.574219,12182.570312,12143.643555,12128.878906,12038.771484,11984.635742,11923.298828,11894.834961,11853.908203,11826.258789,11805.500977,11754.777344,11721.798828,11715.258789,11688.869141,11668.546875,11645.013672,11603.373047,11565.693359,11513.000000,11503.710938,11482.843750,11454.517578,11420.957031,11396.205078,11390.916016,11340.455078,11310.929688,11291.939453,11266.720703,11243.590820,11181.833984,11161.312500,11129.327148,11104.812500,11091.033203,11076.423828,11059.942383,11045.212891,10974.272461,10936.304688,10930.321289,10911.583008,10907.485352,10865.584961,10851.355469,10815.262695,10783.807617,10761.471680,10749.083008,10729.333008,10710.284180,10665.677734,10647.787109,10641.925781,10631.732422,10627.750977,10609.261719,10598.350586,10560.002930,10556.106445,10536.871094,10517.366211,10492.700195,10468.065430,10462.236328,10415.346680,10402.489258,10396.461914,10381.144531,10373.066406,10360.831055,10341.268555,10304.755859,10284.305664,10242.405273,10229.251953,10197.439453,10184.095703,10157.624023,10092.222656,10086.623047,10067.000977,10050.591797,9993.863281,9975.565430,9962.800781,9946.899414,9912.116211,9908.239258,9861.357422,9859.883789,9795.196289,9761.052734,9760.198242,9728.672852,9715.934570,9697.154297,9690.790039,9679.500000,9675.444336,9642.968750,9596.838867,9590.451172,9555.148438,9538.661133,9522.366211,9510.246094,9481.605469,9466.068359,9450.167969,9435.666016,9426.302734,9406.389648,9393.820312,9358.921875,9350.454102,9313.297852,9311.614258,9253.166016,9244.716797,9203.476562,9131.692383,9101.675781,9059.779297,9042.790039,9019.864258,8971.561523,8948.482422,8927.491211,8926.150391,8921.619141,8904.104492,8893.799805,8890.424805,8867.899414,8854.281250,8844.891602,8841.322266,8837.170898,8820.875977,8800.319336,8780.233398,8776.831055,8759.836914,8745.547852,8724.848633,8716.627930,8705.346680,8700.365234,8697.113281,8690.646484,8663.710938,8655.866211,8653.471680,8652.357422,8650.381836,8643.208984,8640.591797,8636.862305,8635.054688,8632.448242,8629.685547,8629.685547]
}