{
"iteraciones": [20,40,60,80,100,120,140,160,180,200,220,240,280,300,320,340,360,380,400,420,440,460,480,500,520,540,560,580,600,620,640,660,680,700,720,740,760,780,800,820,840,860,880,900,920,940,960,980,1000,1020,1040,1060,1080,1120,1140,1200,1220,1240,1260,1280,1300,1320,1340,1360,1380,1400,1420,1440,1460,1480,1500,1520,1540,1560,1600,1620,1640,1660,1680,1700,1740,1760,1780,1820,1840,1860,1880,1900,1920,1940,1960,1980,2000,2020,2060,2080,2100,2120,2140,2200,2240,2260,2280,2300,2320,2360,2380,2400,2420,2440,2460,2480,2540,2560,2580,2600,2620,2640,2660,2680,2700,2720,2740,2760,2800,2820,2840,2860,2880,2900,2940,2960,3000,3040,3060,3080,3160,3180,3200,3220,3260,3280,3320,3340,3360,3380,3400,3420,3440,3460,3480,3500,3540,3560,3580,3600,3640,3660,3680,3700,3740,3760,3780,3800,3820,3840,3860,3880,3900,3940,3960,3980,4000,4020,4060,4100,4120,4140,4160,4180,4200,4220,4240,4260,4280,4360,4420,4460,4480,4500,4600,4620,4640,4660,4680,4700,4740,4760,4800,4820,4840,4920,4940,4980,5020,5040,5060,5280,5360,5480,5500,5520,5560,5620,5640,5660,5920,5940,5960,5980,6000,6060,6080,6100,6160,6180,6340,6560,6680,6700,6960,7180,7520,7540,7560,7720,8480,8520,11720],
"fitness": [15197.424805,15082.463867,14973.899414,14898.667969,14740.137695,14618.349609,14529.616211,14446.905273,14390.281250,14357.147461,14340.085938,14242.590820,14156.136719,14138.651367,14081.394531,14021.576172,13965.266602,13920.731445,13904.614258,13862.776367,13830.000000,13763.128906,13730.396484,13707.182617,13689.602539,13618.100586,13558.014648,13519.790039,13484.204102,13446.427734,13431.826172,13397.785156,13380.868164,13297.958984,13288.835938,13230.057617,13173.260742,13151.504883,13090.614258,13082.279297,13051.317383,13017.555664,13009.275391,12979.487305,12957.923828,12926.059570,12881.781250,12822.379883,12777.586914,12702.248047,12693.555664,12682.401367,12623.894531,12612.199219,12505.657227,12500.311523,12454.249023,12423.728516,12389.119141,12312.365234,12284.941406,12252.487305,12234.000000,12180.981445,12166.198242,12155.560547,12117.498047,12045.880859,12033.681641,11972.435547,11938.365234,11921.430664,11863.576172,11828.111328,11826.489258,11814.133789,11793.768555,11782.814453,11761.998047,11722.626953,11720.805664,11702.664062,11662.806641,11635.108398,11625.194336,11601.991211,11589.327148,11567.307617,11556.442383,11542.653320,11536.420898,11525.152344,11501.055664,11473.050781,11462.913086,11457.173828,11438.341797,11435.251953,11397.218750,11381.999023,11359.778320,11315.204102,11283.309570,11269.056641,11215.751953,11171.445312,11165.225586,11122.847656,11093.405273,11091.770508,11085.923828,11058.908203,11036.768555,11027.397461,11014.225586,10998.577148,10986.241211,10980.961914,10946.415039,10937.486328,10919.691406,10901.042969,10873.447266,10839.712891,10822.930664,10806.562500,10789.713867,10781.158203,10764.542969,10710.791016,10696.737305,10660.058594,10601.003906,10592.194336,10575.621094,10510.627930,10508.044922,10506.705078,10479.350586,10454.500977,10434.045898,10416.018555,10409.229492,10379.705078,10366.603516,10361.692383,10343.780273,10339.283203,10321.332031,10308.334961,10304.822266,10265.280273,10244.458984,10216.949219,10202.618164,10171.315430,10144.147461,10139.979492,10112.104492,10044.313477,10018.166992,10015.971680,9984.494141,9964.527344,9954.359375,9921.932617,9910.668945,9879.746094,9837.764648,9834.159180,9813.149414,9789.652344,9784.648438,9758.392578,9747.222656,9744.154297,9725.357422,9698.489258,9667.867188,9631.108398,9625.737305,9615.682617,9583.234375,9555.763672,9527.347656,9509.333008,9456.379883,9448.311523,9377.003906,9371.081055,9324.397461,9311.015625,9263.534180,9246.563477,9243.405273,9201.848633,9179.229492,9170.782227,9169.685547,9148.063477,9133.851562,9125.312500,9105.337891,9096.970703,9069.612305,9044.814453,9036.319336,9029.983398,8999.915039,8998.248047,8960.067383,8936.558594,8894.169922,8882.168945,8858.660156,8826.230469,8803.492188,8800.423828,8799.374023,8781.191406,8771.772461,8766.234375,8764.453125,8736.659180,8731.929688,8701.872070,8697.893555,8685.180664,8679.431641,8660.645508,8657.943359,8647.964844,8641.000000,8634.763672,8632.166016,8628.142578,8623.272461,8621.885742,8621.885742]
}