{
"iteraciones": [40,80,100,140,160,180,200,240,260,280,300,320,340,360,380,400,440,460,480,500,520,540,560,580,620,640,660,680,700,720,740,760,780,800,820,840,860,880,900,920,940,960,980,1000,1020,1040,1060,1080,1100,1120,1140,1160,1180,1200,1220,1240,1260,1280,1300,1320,1340,1360,1380,1400,1440,1460,1480,1500,1520,1540,1560,1580,1600,1620,1640,1660,1680,1700,1720,1740,1760,1780,1800,1820,1840,1860,1880,1900,1920,1940,1980,2000,2020,2040,2060,2080,2120,2140,2160,2200,2220,2240,2260,2280,2300,2320,2340,2360,2380,2400,2420,2440,2460,2480,2500,2520,2540,2560,2580,2600,2620,2640,2660,2680,2700,2720,2760,2780,2800,2840,2860,2880,2900,2920,2940,2980,3000,3020,3040,3100,3120,3140,3160,3180,3200,3220,3240,3260,3280,3300,3320,3340,3400,3420,3440,3460,3480,3500,3520,3540,3560,3580,3600,3620,3640,3660,3680,3700,3720,3740,3760,3780,3800,3840,3860,3880,3900,3920,3960,3980,4000,4020,4060,4080,4100,4120,4180,4260,4280,4300,4320,4340,4360,4380,4520,4540,4560,4640,4700,4720,4760,4820,4880,4940,5100,5120,5140,5180,5300,5360,5460,5540,5600,5620,5640,5700,5720,5880,6060,6080,6120,6240,6360,6400,6580,7220,7500,7520,7540,7560,7580,10780],
"fitness": [15043.461914,14977.900391,14773.595703,14733.198242,14651.180664,14583.870117,14493.786133,14464.689453,14362.057617,14326.641602,14299.675781,14248.045898,14177.312500,14163.301758,14122.985352,14024.880859,13953.141602,13865.072266,13846.333008,13833.106445,13798.810547,13763.296875,13738.291016,13692.247070,13648.000000,13616.227539,13583.850586,13561.017578,13528.831055,13497.350586,13463.355469,13419.551758,13383.938477,13344.358398,13305.135742,13277.717773,13244.742188,13228.382812,13149.284180,13131.089844,13089.740234,13032.290039,12992.717773,12970.481445,12911.500977,12874.360352,12821.880859,12767.804688,12734.302734,12715.750000,12652.567383,12632.157227,12589.189453,12551.375000,12527.581055,12500.464844,12432.035156,12418.287109,12386.621094,12332.494141,12325.708008,12278.156250,12258.168945,12191.746094,12169.173828,12137.499023,12131.135742,12067.215820,12028.932617,12009.743164,11965.900391,11937.862305,11878.886719,11875.685547,11824.046875,11812.811523,11782.374023,11743.029297,11703.752930,11701.608398,11658.958008,11647.710938,11635.562500,11619.947266,11571.139648,11547.109375,11526.794922,11511.997070,11501.321289,11470.902344,11460.910156,11424.088867,11409.136719,11400.954102,11369.483398,11326.023438,11297.637695,11268.748047,11206.969727,11203.436523,11169.580078,11118.624023,11090.556641,11069.420898,11066.601562,11025.593750,10994.540039,10969.709961,10948.428711,10928.632812,10895.687500,10884.771484,10872.489258,10834.025391,10819.139648,10802.736328,10778.081055,10756.247070,10744.380859,10713.645508,10701.639648,10675.625977,10671.289062,10625.317383,10613.376953,10555.401367,10554.134766,10516.280273,10488.656250,10484.234375,10481.933594,10454.230469,10446.379883,10424.085938,10394.454102,10384.424805,10364.250977,10357.723633,10280.876953,10241.086914,10214.931641,10168.217773,10150.482422,10134.383789,10117.282227,10084.515625,10055.876953,10032.534180,9989.474609,9950.668945,9937.445312,9912.049805,9898.173828,9894.725586,9866.447266,9852.027344,9839.753906,9818.757812,9796.146484,9774.858398,9749.270508,9740.310547,9693.755859,9677.597656,9661.083984,9628.401367,9603.382812,9557.096680,9545.327148,9539.677734,9537.178711,9523.614258,9495.552734,9485.270508,9463.195312,9452.996094,9442.419922,9400.674805,9380.636719,9353.492188,9342.799805,9319.214844,9305.672852,9281.206055,9275.898438,9271.527344,9260.954102,9237.825195,9230.488281,9227.274414,9203.937500,9163.520508,9148.090820,9102.313477,9094.722656,9091.833984,9079.591797,9066.685547,9048.634766,9037.708984,9021.221680,8986.818359,8956.058594,8951.537109,8924.891602,8922.927734,8897.568359,8890.125000,8875.617188,8868.164062,8843.187500,8823.267578,8813.880859,8797.099609,8765.976562,8756.270508,8724.614258,8712.925781,8699.783203,8689.292969,8686.698242,8685.574219,8684.309570,8683.175781,8666.812500,8633.216797,8632.069336,8630.000000,8626.728516,8625.349609,8621.885742,8621.885742]
}