{
"iteraciones": [20,40,60,80,100,120,140,160,180,200,220,240,260,280,300,320,340,360,380,400,420,440,460,520,540,560,580,600,640,660,680,700,720,740,760,780,800,840,860,880,900,920,940,960,980,1000,1020,1040,1060,1080,1100,1120,1140,1160,1180,1200,1220,1240,1260,1280,1300,1320,1340,1360,1380,1400,1420,1440,1460,1480,1500,1520,1540,1560,1580,1600,1620,1640,1660,1680,1720,1740,1760,1780,1800,1820,1860,1880,1900,1920,1940,1960,1980,2020,2080,2100,2120,2140,2160,2180,2200,2220,2240,2280,2320,2340,2360,2380,2400,2420,2440,2460,2480,2500,2520,2540,2560,2580,2600,2620,2640,2720,2740,2780,2800,2820,2880,2900,2920,2940,2960,2980,3000,3020,3040,3060,3080,3100,3120,3140,3160,3180,3200,3220,3240,3260,3280,3300,3320,3340,3360,3400,3420,3440,3480,3500,3520,3560,3580,3640,3660,3680,3720,3740,3780,3920,4040,4060,4080,4160,4180,4200,4220,4240,4460,4480,4500,4540,4560,4720,4740,4760,4780,4800,4820,4860,5700,5720,5740,5760,5780,8860,12060],
"fitness": [15351.570312,15191.227539,14951.831055,14894.084961,14572.541016,14566.793945,14436.591797,14302.919922,14261.587891,14228.306641,14187.207031,14134.820312,14110.511719,14047.500000,14017.928711,13974.307617,13941.235352,13853.084961,13790.534180,13764.770508,13751.733398,13716.717773,13592.365234,13544.000000,13483.087891,13442.996094,13378.678711,13280.343750,13206.940430,13143.210938,13115.279297,13093.775391,13045.827148,13039.416992,13010.832031,12969.017578,12902.693359,12817.399414,12791.132812,12748.273438,12707.119141,12671.307617,12636.837891,12613.553711,12599.325195,12564.224609,12562.916992,12519.053711,12498.841797,12485.025391,12436.997070,12429.287109,12405.222656,12358.909180,12278.804688,12272.554688,12233.488281,12158.648438,12132.836914,12089.467773,12029.031250,12016.270508,12002.470703,11960.381836,11903.079102,11895.078125,11857.000000,11793.056641,11772.356445,11744.640625,11698.577148,11645.827148,11638.230469,11630.305664,11598.432617,11536.848633,11519.134766,11474.694336,11452.102539,11402.655273,11399.345703,11361.958008,11322.342773,11290.136719,11263.577148,11204.099609,11184.110352,11145.840820,11103.189453,11080.885742,11073.915039,11008.594727,10964.687500,10910.666016,10872.086914,10847.292969,10812.648438,10803.000000,10770.879883,10765.974609,10735.723633,10726.660156,10692.807617,10619.521484,10564.359375,10540.701172,10526.414062,10502.331055,10454.118164,10430.598633,10400.912109,10366.259766,10307.824219,10261.893555,10255.821289,10224.390625,10204.594727,10165.874023,10126.000000,10110.160156,10086.655273,10085.579102,10000.770508,9979.925781,9933.779297,9864.946289,9841.575195,9813.994141,9772.151367,9765.942383,9719.739258,9695.877930,9677.308594,9640.709961,9630.217773,9589.873047,9579.861328,9562.310547,9557.663086,9546.432617,9502.915039,9488.852539,9465.795898,9436.592773,9409.135742,9402.208984,9384.160156,9362.352539,9345.442383,9343.000000,9314.280273,9296.494141,9277.258789,9250.470703,9241.981445,9234.261719,9212.394531,9180.486328,9179.154297,9172.323242,9137.014648,9133.937500,9110.413086,9098.272461,9084.169922,9035.642578,9021.484375,8973.893555,8962.914062,8938.503906,8927.111328,8917.489258,8912.853516,8880.576172,8868.755859,8855.964844,8838.875977,8830.413086,8788.954102,8761.647461,8745.231445,8743.319336,8711.003906,8710.821289,8707.005859,8677.600586,8664.229492,8653.134766,8648.015625,8629.929688,8624.148438,8621.885742,8621.885742]
}