{
"iteraciones": [40,60,80,100,120,140,180,200,220,240,260,280,320,340,360,380,400,420,440,460,480,500,520,540,560,580,600,620,640,660,680,700,720,740,760,780,800,820,840,860,880,900,920,940,960,980,1000,1020,1040,1060,1080,1100,1120,1140,1160,1200,1220,1240,1260,1280,1300,1320,1340,1360,1380,1400,1420,1440,1480,1500,1520,1540,1560,1600,1620,1640,1660,1680,1720,1740,1760,1780,1800,1820,1840,1860,1880,1900,1920,1940,1960,2000,2020,2040,2060,2100,2120,2140,2160,2220,2240,2260,2280,2300,2320,2360,2380,2420,2440,2460,2480,2500,2560,2580,2600,2620,2660,2740,2760,2780,2800,2820,2840,2860,2880,2900,2920,2960,3000,3060,3100,3120,3140,3160,3180,3200,3220,3240,3280,3300,3340,3380,3420,3460,3480,3500,3520,3540,3560,3580,3600,3640,3680,3700,3720,3740,3780,3840,3920,3940,3960,3980,4000,4040,4080,4140,4160,4280,4320,4420,4440,4460,4500,4560,4580,4620,4640,4660,4680,4700,4800,4940,5140,5340,5360,5500,5520,5800,5840,6040,6300,6340,6540,6560,6760,7460,7500,10700],
"fitness": [15224.152344,15053.741211,14874.956055,14771.043945,14683.466797,14419.391602,14350.460938,14303.584961,14229.092773,14134.476562,14120.804688,14014.388672,13963.485352,13915.478516,13889.458008,13833.916016,13799.264648,13728.451172,13714.260742,13656.767578,13636.627930,13587.563477,13580.703125,13514.003906,13476.492188,13456.112305,13416.122070,13360.492188,13331.019531,13312.593750,13267.670898,13226.061523,13192.099609,13147.037109,13099.599609,13051.292969,13010.059570,13002.209961,12907.059570,12887.710938,12868.238281,12831.392578,12805.625977,12740.093750,12718.650391,12698.719727,12662.311523,12600.166992,12576.471680,12529.061523,12511.820312,12469.557617,12429.580078,12400.547852,12324.738281,12293.949219,12268.816406,12257.101562,12221.887695,12193.168945,12165.727539,12144.600586,12113.708008,12078.350586,12033.579102,11985.559570,11931.496094,11851.715820,11830.967773,11788.765625,11766.348633,11724.532227,11679.603516,11637.000000,11602.069336,11558.419922,11523.648438,11488.631836,11452.093750,11414.888672,11376.635742,11370.994141,11340.122070,11308.226562,11263.736328,11224.423828,11211.267578,11156.949219,11134.481445,11059.379883,11025.975586,10960.640625,10932.112305,10918.482422,10862.522461,10837.474609,10810.420898,10801.641602,10729.143555,10668.500000,10663.365234,10599.199219,10594.868164,10581.792969,10504.607422,10467.865234,10429.601562,10395.130859,10360.578125,10332.479492,10300.625000,10272.382812,10252.816406,10227.070312,10168.361328,10118.436523,10046.819336,10024.574219,9952.539062,9950.831055,9915.024414,9891.645508,9829.044922,9799.358398,9769.561523,9750.323242,9746.962891,9725.158203,9652.734375,9629.943359,9627.424805,9616.083008,9603.830078,9567.977539,9538.008789,9526.781250,9525.197266,9504.234375,9472.952148,9452.450195,9421.124023,9377.500977,9374.185547,9347.280273,9326.656250,9266.846680,9263.650391,9242.511719,9227.447266,9208.450195,9188.703125,9157.446289,9122.640625,9106.590820,9100.039062,9061.951172,9042.916992,9014.331055,9009.730469,8964.339844,8940.309570,8934.389648,8922.699219,8912.120117,8901.396484,8899.711914,8897.438477,8892.641602,8869.325195,8860.845703,8845.375000,8829.686523,8827.290039,8824.861328,8795.560547,8776.766602,8769.250977,8768.234375,8760.910156,8754.481445,8747.386719,8744.875000,8713.289062,8710.738281,8709.416992,8683.025391,8674.485352,8671.148438,8655.458984,8646.192383,8639.075195,8637.860352,8630.140625,8629.929688,8624.148438,8623.272461,8621.885742,8621.885742]
}