{
"iteraciones": [40,60,100,120,140,160,180,200,220,240,260,280,300,320,340,360,380,400,420,440,460,480,500,520,540,560,580,600,620,640,660,680,700,740,760,780,800,820,840,860,880,900,920,940,960,980,1000,1020,1040,1060,1080,1100,1120,1140,1160,1180,1200,1220,1240,1260,1280,1300,1320,1340,1360,1380,1400,1420,1440,1460,1480,1520,1540,1560,1580,1600,1620,1640,1660,1680,1700,1720,1740,1760,1780,1800,1820,1840,1860,1880,1900,1920,1940,1960,2000,2020,2040,2060,2080,2100,2120,2160,2180,2200,2260,2300,2320,2340,2360,2380,2400,2420,2460,2480,2500,2520,2560,2580,2600,2620,2640,2660,2680,2700,2720,2760,2780,2800,2840,2860,2880,2900,2920,2940,2960,2980,3000,3020,3040,3060,3100,3120,3140,3160,3180,3200,3220,3240,3320,3340,3360,3380,3400,3460,3500,3540,3560,3580,3620,3680,3700,3720,3740,3880,4020,4060,4080,4120,4160,4200,4220,4440,4460,4540,4560,4580,4620,4720,4760,4920,5040,5160,5240,5640,5660,5720,5780,6140,7800,11000],
"fitness": [15138.459961,14813.786133,14721.885742,14550.581055,14446.664062,14416.809570,14331.201172,14297.716797,14227.191406,14172.967773,14122.513672,14050.461914,14011.925781,13990.641602,13886.746094,13837.863281,13774.725586,13735.000000,13697.479492,13615.214844,13563.430664,13535.198242,13493.257812,13422.285156,13414.506836,13352.193359,13326.758789,13286.468750,13229.471680,13207.589844,13094.559570,13005.741211,12895.245117,12864.980469,12792.983398,12768.894531,12740.289062,12704.635742,12641.679688,12621.918945,12574.311523,12531.984375,12507.795898,12473.509766,12408.474609,12361.947266,12352.778320,12324.763672,12257.788086,12232.259766,12186.889648,12145.692383,12090.475586,12056.595703,12016.313477,11964.920898,11931.825195,11878.946289,11848.699219,11808.115234,11749.791992,11706.679688,11671.968750,11633.803711,11605.528320,11582.599609,11544.323242,11516.510742,11508.070312,11461.505859,11401.376953,11365.722656,11356.769531,11322.815430,11321.072266,11280.462891,11254.429688,11220.231445,11218.866211,11179.850586,11151.468750,11121.321289,11101.641602,11084.262695,11073.412109,11032.979492,11017.206055,10988.088867,10947.840820,10922.270508,10892.277344,10884.765625,10849.581055,10840.321289,10811.657227,10807.485352,10775.348633,10718.737305,10708.697266,10670.163086,10633.489258,10615.568359,10534.729492,10500.994141,10427.406250,10421.319336,10379.556641,10361.122070,10356.080078,10330.940430,10304.352539,10257.483398,10238.678711,10226.979492,10215.398438,10163.336914,10154.123047,10118.578125,10115.580078,10087.458984,10026.820312,9994.985352,9962.040039,9922.408203,9881.459961,9854.302734,9820.055664,9808.734375,9796.294922,9759.482422,9718.383789,9711.788086,9667.144531,9624.425781,9598.473633,9553.962891,9527.136719,9481.393555,9467.829102,9457.079102,9415.828125,9405.757812,9403.464844,9374.909180,9362.685547,9347.159180,9331.268555,9279.554688,9259.635742,9230.660156,9175.686523,9168.941406,9125.737305,9122.119141,9110.562500,9101.071289,9084.501953,9070.541992,9062.109375,9042.347656,9028.962891,9022.366211,9021.681641,8989.957031,8967.248047,8964.000000,8940.056641,8928.804688,8923.778320,8908.509766,8878.798828,8877.247070,8866.235352,8864.011719,8822.146484,8815.617188,8778.142578,8757.594727,8755.667969,8729.631836,8713.005859,8676.000000,8669.343750,8667.949219,8664.217773,8661.282227,8653.954102,8638.766602,8621.885742,8621.885742]
}