{
"iteraciones": [20,60,100,120,140,160,180,220,240,280,300,340,360,380,400,420,440,480,500,520,540,580,600,620,640,660,680,700,720,740,760,780,800,820,860,880,940,960,980,1020,1040,1060,1080,1100,1120,1140,1160,1180,1200,1220,1240,1260,1280,1300,1320,1340,1360,1400,1420,1440,1460,1480,1500,1520,1540,1560,1600,1620,1640,1660,1680,1700,1720,1740,1760,1780,1800,1820,1840,1860,1880,1900,1920,1940,1960,1980,2000,2020,2060,2080,2100,2140,2180,2200,2220,2240,2280,2300,2320,2340,2380,2440,2460,2480,2500,2520,2540,2560,2580,2600,2620,2640,2660,2680,2700,2720,2740,2760,2780,2800,2840,2860,2880,2940,2960,2980,3000,3020,3060,3080,3100,3120,3200,3220,3240,3260,3300,3320,3340,3360,3420,3440,3460,3480,3500,3560,3580,3600,3620,3640,3660,3700,3720,3740,3760,3800,3820,3840,3860,3880,3900,3980,4020,4040,4060,4080,4100,4120,4160,4200,4220,4280,4340,4360,4400,4420,4440,4460,4480,4540,4700,4740,4780,4800,4820,4900,4920,4940,4960,5140,5200,5220,5240,5260,5540,5560,5580,5600,5900,6120,6140,6160,6400,6840,6860,6900,7040,7880,7900,7920,7940,8600,10620,13820],
"fitness": [15247.007812,14943.379883,14833.162109,14798.193359,14679.538086,14607.844727,14556.814453,14532.672852,14491.860352,14463.459961,14404.632812,14364.985352,14321.801758,14280.195312,14229.507812,14171.806641,14112.565430,14072.860352,14031.479492,13925.139648,13882.086914,13816.688477,13779.391602,13735.594727,13676.090820,13619.921875,13588.925781,13568.054688,13546.764648,13505.277344,13461.369141,13409.640625,13381.535156,13333.705078,13273.400391,13204.846680,13165.941406,13121.331055,12995.410156,12986.642578,12961.017578,12944.669922,12888.019531,12817.944336,12783.918945,12723.416992,12645.850586,12624.195312,12547.223633,12539.666992,12508.757812,12470.253906,12436.561523,12405.859375,12376.317383,12349.115234,12268.519531,12256.294922,12217.384766,12181.472656,12164.440430,12139.807617,12104.497070,12085.333008,12052.889648,12019.162109,11992.222656,11987.884766,11919.994141,11905.051758,11875.536133,11827.469727,11811.989258,11765.011719,11741.049805,11708.556641,11672.501953,11667.679688,11607.928711,11554.118164,11551.965820,11533.355469,11526.000000,11510.007812,11493.461914,11439.799805,11427.840820,11370.253906,11331.410156,11296.078125,11247.289062,11220.416992,11188.089844,11182.411133,11111.636719,11071.372070,11038.846680,11025.759766,10999.377930,10975.255859,10941.774414,10905.641602,10890.616211,10876.536133,10838.668945,10795.059570,10782.188477,10747.774414,10700.365234,10667.291016,10650.621094,10580.436523,10547.321289,10511.102539,10491.007812,10483.822266,10465.067383,10433.792969,10407.038086,10379.981445,10352.709961,10319.653320,10310.021484,10290.583984,10271.067383,10249.817383,10218.817383,10203.573242,10189.827148,10181.561523,10177.010742,10148.970703,10129.360352,10058.688477,10053.754883,9992.661133,9957.881836,9929.074219,9893.259766,9892.258789,9884.793945,9861.093750,9822.024414,9817.901367,9770.348633,9726.490234,9698.931641,9697.303711,9674.176758,9662.331055,9639.720703,9638.650391,9629.584961,9605.154297,9577.270508,9573.065430,9544.693359,9518.809570,9508.881836,9505.958984,9472.470703,9436.018555,9433.802734,9409.377930,9396.985352,9395.995117,9368.315430,9307.171875,9303.174805,9302.122070,9274.697266,9262.370117,9256.311523,9233.995117,9208.269531,9203.367188,9173.064453,9145.207031,9133.415039,9094.009766,9075.842773,9059.746094,9053.977539,9035.667969,9025.653320,9012.666992,9001.023438,8987.911133,8982.962891,8962.117188,8958.350586,8939.664062,8933.563477,8869.560547,8862.546875,8815.333984,8812.194336,8798.388672,8796.423828,8782.762695,8745.999023,8720.705078,8706.156250,8672.390625,8668.459961,8653.227539,8641.835938,8637.258789,8633.078125,8629.929688,8624.148438,8623.272461,8621.885742,8621.885742]
}