{
"iteraciones": [40,60,80,100,120,140,160,180,200,220,240,260,280,300,320,340,360,380,420,440,460,480,500,520,540,560,580,600,620,640,660,680,700,720,740,760,780,800,820,840,860,880,900,920,940,960,980,1000,1020,1040,1060,1080,1100,1120,1140,1160,1180,1200,1220,1240,1260,1280,1300,1320,1340,1360,1380,1400,1420,1440,1460,1480,1520,1540,1560,1580,1600,1620,1640,1660,1680,1700,1720,1740,1760,1780,1800,1840,1860,1880,1900,1920,1940,1960,1980,2000,2020,2040,2060,2080,2140,2160,2180,2200,2220,2240,2260,2280,2320,2340,2360,2380,2400,2480,2500,2540,2560,2580,2600,2620,2640,2660,2680,2700,2720,2740,2760,2800,2820,2860,2880,2900,2920,2960,2980,3000,3020,3040,3060,3080,3100,3120,3160,3180,3200,3220,3240,3260,3280,3300,3320,3340,3360,3380,3440,3460,3480,3500,3540,3560,3580,3600,3620,3640,3660,3680,3700,3740,3760,3780,3800,3820,3860,3880,3900,3980,4000,4020,4040,4060,4080,4120,4140,4160,4180,4200,4220,4280,4300,4360,4380,4400,4420,4440,4460,4500,4520,4540,4560,4580,4740,4760,4780,4820,5000,5020,5040,5120,5140,5220,5240,5280,5300,5320,5440,5540,5560,5740,5980,6080,6100,6120,6140,6160,6340,6360,6380,6980,7380,7420,7500,7520,9060,9820,9840,13040],
"fitness": [15181.371094,14997.885742,14740.954102,14473.012695,14324.436523,14256.912109,14230.653320,14144.849609,14067.373047,14040.447266,14002.000000,13954.261719,13921.563477,13900.429688,13868.688477,13859.311523,13803.403320,13735.833984,13692.213867,13676.266602,13611.858398,13605.712891,13545.894531,13513.599609,13482.175781,13424.271484,13371.084961,13321.582031,13308.726562,13239.445312,13182.101562,13167.236328,13079.928711,13028.577148,12995.782227,12967.054688,12957.485352,12924.147461,12896.456055,12849.264648,12820.299805,12769.140625,12763.524414,12720.866211,12719.484375,12690.030273,12673.207031,12637.472656,12619.569336,12583.084961,12551.565430,12508.406250,12483.993164,12461.144531,12428.432617,12414.000000,12385.246094,12350.360352,12312.835938,12293.026367,12281.579102,12248.710938,12214.663086,12189.378906,12158.417969,12123.951172,12110.909180,12052.437500,12050.426758,12027.672852,12020.273438,11976.733398,11957.473633,11946.495117,11892.422852,11881.732422,11863.349609,11847.903320,11831.988281,11793.414062,11766.782227,11749.351562,11742.573242,11696.279297,11664.143555,11632.231445,11598.379883,11576.866211,11553.698242,11538.872070,11522.577148,11514.371094,11483.262695,11470.634766,11446.918945,11436.310547,11416.312500,11396.766602,11363.827148,11319.232422,11281.063477,11274.697266,11262.377930,11247.147461,11209.918945,11189.060547,11151.380859,11131.045898,11106.991211,11088.235352,11084.527344,11077.617188,11023.478516,11020.991211,10985.788086,10969.664062,10960.694336,10934.594727,10926.482422,10912.692383,10902.912109,10878.639648,10875.945312,10857.693359,10844.000000,10793.017578,10778.497070,10754.923828,10737.483398,10733.567383,10717.583008,10713.661133,10685.261719,10684.808594,10662.565430,10650.339844,10645.409180,10638.416992,10612.009766,10603.776367,10585.259766,10556.214844,10521.962891,10509.887695,10487.637695,10463.547852,10428.620117,10421.913086,10403.156250,10382.036133,10371.927734,10365.715820,10346.589844,10272.358398,10236.932617,10202.289062,10172.141602,10138.673828,10115.211914,10076.615234,10051.039062,10048.421875,10042.205078,10037.837891,10028.096680,10003.167969,9959.830078,9941.234375,9902.866211,9888.047852,9883.650391,9852.512695,9832.500000,9826.361328,9746.177734,9715.749023,9709.000000,9659.716797,9640.825195,9622.302734,9588.631836,9545.349609,9523.757812,9488.321289,9457.676758,9393.198242,9387.658203,9379.800781,9339.100586,9314.922852,9289.319336,9267.621094,9244.276367,9204.816406,9187.323242,9180.607422,9169.279297,9154.282227,9118.979492,9069.468750,9065.898438,9020.000000,9015.201172,8967.883789,8960.702148,8889.874023,8877.067383,8876.451172,8863.456055,8846.971680,8838.352539,8828.546875,8813.947266,8803.558594,8791.818359,8770.516602,8758.628906,8753.451172,8750.253906,8745.403320,8722.203125,8712.382812,8689.011719,8686.572266,8684.914062,8670.152344,8656.752930,8655.448242,8649.938477,8644.878906,8639.392578,8631.165039,8628.965820,8624.148438,8621.885742,8621.885742]
}