{
"iteraciones": [40,80,100,120,140,160,180,200,220,260,280,300,320,340,380,400,420,440,460,480,500,520,540,560,580,600,620,640,660,680,700,720,740,760,780,800,820,840,860,880,900,920,940,960,980,1000,1020,1040,1060,1080,1100,1120,1140,1160,1180,1200,1220,1240,1260,1280,1300,1320,1360,1380,1400,1420,1440,1460,1480,1500,1520,1540,1560,1580,1600,1620,1640,1660,1680,1700,1720,1740,1760,1780,1800,1820,1860,1880,1900,1920,1940,1960,1980,2000,2020,2040,2120,2140,2160,2180,2200,2220,2240,2280,2300,2320,2360,2380,2400,2420,2440,2460,2500,2520,2540,2580,2600,2620,2660,2680,2700,2720,2740,2760,2780,2800,2820,2880,2900,2940,2980,3000,3020,3040,3060,3080,3100,3120,3140,3160,3180,3200,3240,3280,3320,3360,3400,3420,3440,3460,3480,3540,3560,3580,3600,3620,3640,3660,3740,3800,3820,3840,3900,3920,3940,3960,3980,4000,4020,4040,4080,4100,4120,4140,4160,4180,4200,4220,4240,4260,4280,4300,4320,4340,4360,4380,4400,4420,4440,4460,4480,4500,4520,4540,4560,4580,4600,4620,4640,4660,4680,4700,4720,4740,4820,4920,5120,5140,5160,5180,5200,5220,5240,5260,5280,5360,5420,5440,5460,5500,5520,5580,5600,5660,5780,5800,5820,5900,6340,6360,6380,6740,6820,6840,7160,7180,7200,8240,8260,8580,10760,13960],
"fitness": [14866.354492,14741.155273,14684.340820,14547.459961,14477.473633,14432.836914,14397.555664,14356.237305,14303.448242,14264.994141,14194.945312,14189.883789,14123.442383,14033.680664,13966.670898,13955.840820,13888.139648,13821.286133,13755.683594,13722.697266,13672.747070,13649.207031,13588.388672,13541.824219,13460.628906,13429.231445,13397.424805,13366.048828,13322.954102,13284.005859,13232.418945,13227.037109,13152.836914,13128.314453,13071.842773,13031.231445,12994.861328,12862.997070,12814.783203,12801.083008,12776.293945,12766.845703,12710.436523,12699.129883,12656.084961,12631.948242,12614.971680,12599.536133,12562.508789,12532.203125,12503.978516,12483.583984,12469.500000,12446.101562,12428.873047,12426.403320,12412.551758,12377.318359,12356.758789,12311.082031,12295.340820,12256.021484,12211.136719,12195.291016,12156.753906,12105.981445,12068.625977,12023.007812,12013.962891,11981.899414,11967.651367,11929.005859,11901.474609,11860.590820,11824.997070,11810.020508,11749.166016,11735.415039,11680.924805,11653.756836,11652.983398,11624.069336,11594.189453,11579.844727,11564.907227,11508.828125,11484.595703,11450.897461,11406.798828,11389.462891,11341.126953,11337.261719,11319.310547,11286.702148,11282.866211,11232.917969,11231.571289,11194.129883,11191.576172,11187.622070,11173.289062,11167.518555,11152.291016,11131.003906,11110.103516,11093.766602,11078.458008,11063.487305,11036.231445,11011.602539,10983.320312,10970.558594,10965.941406,10948.692383,10919.433594,10904.678711,10873.589844,10863.912109,10845.154297,10822.720703,10803.296875,10794.637695,10784.063477,10783.731445,10754.717773,10733.396484,10716.589844,10698.001953,10665.761719,10628.825195,10599.130859,10584.939453,10574.273438,10541.432617,10527.853516,10496.191406,10474.918945,10463.245117,10428.014648,10418.625000,10386.099609,10366.437500,10353.618164,10302.340820,10297.818359,10270.979492,10266.916992,10240.399414,10233.688477,10224.023438,10150.367188,10130.916992,10105.250000,10068.327148,10054.639648,10036.079102,10012.825195,10000.087891,9967.957031,9947.200195,9933.939453,9879.709961,9854.682617,9828.958984,9813.433594,9798.637695,9781.001953,9770.475586,9765.040039,9732.945312,9725.269531,9712.151367,9702.936523,9677.829102,9669.836914,9657.084961,9631.432617,9605.565430,9578.121094,9573.290039,9567.370117,9532.075195,9527.169922,9485.358398,9469.944336,9457.240234,9444.976562,9440.516602,9420.229492,9398.000000,9363.000000,9295.218750,9280.311523,9261.018555,9245.960938,9238.781250,9207.884766,9202.933594,9201.177734,9154.453125,9150.252930,9099.907227,9096.790039,9062.802734,9060.496094,9008.446289,8995.064453,8965.425781,8959.530273,8958.165039,8910.263672,8903.617188,8895.884766,8894.255859,8890.770508,8870.532227,8863.784180,8844.562500,8820.300781,8813.992188,8806.202148,8799.652344,8785.551758,8782.709961,8770.824219,8761.200195,8753.296875,8719.235352,8714.835938,8702.000000,8699.222656,8682.588867,8678.674805,8660.426758,8658.800781,8655.475586,8634.407227,8632.829102,8631.165039,8623.272461,8621.885742,8621.885742]
}