{
"iteraciones": [40,60,80,100,120,140,160,180,200,220,240,260,280,300,320,340,360,380,400,420,440,460,480,500,520,540,560,580,600,620,640,660,680,700,720,740,760,780,800,820,840,880,900,920,940,960,980,1000,1020,1040,1060,1080,1100,1120,1140,1160,1180,1200,1220,1240,1260,1280,1300,1320,1340,1360,1380,1400,1420,1440,1460,1480,1500,1520,1540,1560,1580,1600,1620,1640,1660,1680,1700,1720,1740,1760,1780,1800,1820,1840,1860,1880,1900,1920,1940,1960,1980,2000,2020,2040,2060,2120,2140,2160,2180,2200,2220,2240,2260,2280,2300,2400,2440,2480,2500,2520,2540,2560,2580,2600,2620,2660,2680,2700,2720,2760,2780,2820,2840,2860,2880,2900,2920,2960,3020,3060,3100,3120,3180,3200,3220,3260,3500,3540,3560,3640,3700,3740,3820,3840,3860,3960,4060,4100,4120,4260,4280,4300,4340,4360,4440,4460,4480,4500,4520,4580,4600,4660,5060,5780,5800,5820,6020,6040,6740,6760,9960],
"fitness": [15000.574219,14822.844727,14645.213867,14540.650391,14322.795898,14274.048828,14190.692383,14097.993164,14039.300781,13991.566406,13939.004883,13898.655273,13875.642578,13845.887695,13826.938477,13752.836914,13737.880859,13692.834961,13647.638672,13620.289062,13562.457031,13558.239258,13522.526367,13416.632812,13409.061523,13363.488281,13306.492188,13260.023438,13236.416016,13167.431641,13104.382812,13062.012695,12984.797852,12981.857422,12921.445312,12909.705078,12831.396484,12821.199219,12752.409180,12724.745117,12644.520508,12593.583008,12536.365234,12478.730469,12388.154297,12369.864258,12322.411133,12293.379883,12236.901367,12182.400391,12123.536133,12087.497070,12005.958984,12004.232422,11940.298828,11887.449219,11827.665039,11787.300781,11740.329102,11681.927734,11600.351562,11543.417969,11483.406250,11454.004883,11441.771484,11362.107422,11340.672852,11263.504883,11237.791016,11209.611328,11177.602539,11137.433594,11125.846680,11086.730469,11033.983398,10987.938477,10945.706055,10912.233398,10881.250000,10875.024414,10840.203125,10796.326172,10752.583984,10739.310547,10714.590820,10680.063477,10639.188477,10625.475586,10586.838867,10554.126953,10518.874023,10495.435547,10448.887695,10435.857422,10385.882812,10381.248047,10339.508789,10280.510742,10254.053711,10221.197266,10137.059570,10092.844727,10088.018555,10055.971680,10032.839844,9991.444336,9975.319336,9942.042969,9939.791992,9929.242188,9895.171875,9867.360352,9850.995117,9804.390625,9793.949219,9769.638672,9739.727539,9703.379883,9664.787109,9652.613281,9606.782227,9534.673828,9512.850586,9481.258789,9450.199219,9437.586914,9393.951172,9374.350586,9357.831055,9299.041016,9293.581055,9273.504883,9253.889648,9224.721680,9194.180664,9158.280273,9143.893555,9083.715820,9064.721680,9012.682617,8995.926758,8969.421875,8952.023438,8950.168945,8906.959961,8899.289062,8884.942383,8872.782227,8849.424805,8837.313477,8827.801758,8825.695312,8820.361328,8818.868164,8810.093750,8806.141602,8781.056641,8765.396484,8751.012695,8734.657227,8731.965820,8714.119141,8698.490234,8697.879883,8660.356445,8652.299805,8647.934570,8643.174805,8638.933594,8635.054688,8632.448242,8630.810547,8629.354492,8625.349609,8624.148438,8621.885742,8621.885742]
}