{
"iteraciones": [20,40,60,80,100,120,140,160,180,200,220,240,260,280,300,320,340,360,380,420,440,480,500,520,540,560,580,600,620,640,660,680,700,720,740,760,780,800,820,840,860,880,900,920,940,960,980,1000,1020,1040,1060,1080,1100,1140,1160,1180,1200,1240,1260,1280,1300,1320,1340,1360,1380,1400,1420,1440,1460,1480,1500,1520,1540,1560,1580,1600,1620,1660,1680,1700,1720,1740,1760,1780,1800,1820,1840,1860,1880,1900,1920,1940,1960,2000,2020,2040,2060,2080,2100,2120,2140,2160,2180,2200,2220,2260,2280,2300,2320,2340,2360,2380,2400,2420,2440,2460,2480,2500,2520,2540,2560,2580,2600,2620,2640,2660,2680,2740,2760,2780,2800,2820,2840,2860,2880,2900,2920,2940,2960,2980,3020,3040,3060,3100,3120,3140,3160,3180,3200,3220,3280,3300,3320,3360,3400,3420,3460,3480,3500,3520,3620,3640,3660,3680,3720,3820,3840,3860,3940,3960,3980,4000,4100,4120,4140,4160,4180,4200,4220,4240,4260,4280,4360,4380,4520,4680,4700,4720,4800,5060,5080,5100,5120,5140,5340,5900,6880,7000,7120,7820,7840,7860,7920,8160,8180,9260,10160,10940,14140],
"fitness": [15498.675781,15176.459961,14879.131836,14624.020508,14426.650391,14315.769531,14144.952148,14061.436523,13988.638672,13941.225586,13884.852539,13834.100586,13818.512695,13780.204102,13769.719727,13697.326172,13661.911133,13626.798828,13556.960938,13545.187500,13467.963867,13439.469727,13396.119141,13359.292969,13306.124023,13248.853516,13206.584961,13125.262695,13078.519531,13047.357422,12993.428711,12969.984375,12941.928711,12904.133789,12849.257812,12797.870117,12790.662109,12699.267578,12672.592773,12669.240234,12613.567383,12598.721680,12570.921875,12550.204102,12507.882812,12476.894531,12454.892578,12394.049805,12393.276367,12299.302734,12295.189453,12216.132812,12204.082031,12176.886719,12155.916992,12118.052734,12073.355469,12058.002930,12032.516602,11990.065430,11988.522461,11939.130859,11930.377930,11887.759766,11855.758789,11835.183594,11799.000000,11761.452148,11729.301758,11708.104492,11673.128906,11643.480469,11609.686523,11578.786133,11557.624023,11534.512695,11498.849609,11474.839844,11443.781250,11412.668945,11391.995117,11371.991211,11363.000000,11334.330078,11317.165039,11284.462891,11239.463867,11215.874023,11203.109375,11196.000000,11177.843750,11151.974609,11116.919922,11090.854492,11049.252930,11014.568359,11002.000000,10964.075195,10952.205078,10930.931641,10886.566406,10872.822266,10847.115234,10805.632812,10778.702148,10763.030273,10752.197266,10724.205078,10694.185547,10672.279297,10656.037109,10634.400391,10593.097656,10586.273438,10555.893555,10539.545898,10535.343750,10526.432617,10498.749023,10465.233398,10462.030273,10425.713867,10368.315430,10367.291992,10313.656250,10265.451172,10248.560547,10219.694336,10218.240234,10193.413086,10155.438477,10141.434570,10097.999023,10066.680664,10049.526367,10027.324219,9997.448242,9977.413086,9941.601562,9910.534180,9892.110352,9880.024414,9875.004883,9848.773438,9844.932617,9818.819336,9794.446289,9755.396484,9687.996094,9668.729492,9653.668945,9640.424805,9628.440430,9610.260742,9563.133789,9538.292969,9529.961914,9475.274414,9467.018555,9431.279297,9403.989258,9398.934570,9385.498047,9379.805664,9366.765625,9339.354492,9313.934570,9269.843750,9255.086914,9225.716797,9213.389648,9160.956055,9147.830078,9113.125977,9084.795898,9079.979492,9066.562500,9049.978516,9031.805664,9001.210938,8993.339844,8974.621094,8948.257812,8900.127930,8868.297852,8857.300781,8843.390625,8798.816406,8769.710938,8766.632812,8749.611328,8735.645508,8715.135742,8709.676758,8695.540039,8674.405273,8656.215820,8654.705078,8646.667969,8644.943359,8642.583984,8641.200195,8637.281250,8636.108398,8633.913086,8632.141602,8628.760742,8621.885742,8621.885742]
}