{
"iteraciones": [20,40,80,100,120,140,160,180,200,220,240,260,280,300,340,360,380,400,420,440,460,480,500,540,560,580,600,620,640,660,680,700,720,740,760,780,800,820,840,860,880,900,920,940,960,980,1000,1020,1040,1100,1120,1140,1160,1180,1240,1260,1280,1300,1320,1380,1400,1420,1460,1480,1520,1540,1560,1600,1620,1640,1660,1680,1700,1720,1740,1760,1780,1800,1840,1860,1880,1900,1920,1940,2000,2020,2040,2060,2120,2140,2160,2200,2220,2240,2260,2280,2300,2320,2360,2380,2400,2420,2480,2500,2520,2540,2560,2580,2600,2640,2660,2680,2700,2720,2740,2760,2780,2860,2880,2900,2920,2940,2960,2980,3000,3040,3060,3080,3100,3120,3220,3240,3280,3300,3320,3340,3380,3400,3460,3500,3520,3540,3600,3640,3680,3700,3720,3740,3760,3780,3800,3840,3860,3880,3900,3940,3960,4000,4020,4040,4060,4100,4180,4240,4260,4280,4300,4320,4340,4360,4400,4420,4440,4480,4500,4520,4540,4560,4580,4600,4640,4660,4680,4700,4720,4780,4800,4820,4840,4860,4940,4960,4980,5000,5020,5040,5060,5080,5100,5140,5160,5180,5260,5280,5340,5400,5420,5440,5460,5500,5560,5600,5620,5640,5660,5680,5700,5720,5740,5780,5860,5880,5900,5940,5980,6020,6040,6100,6200,6240,6340,6400,6420,6460,6480,6500,6540,6640,6780,6800,6820,7080,7100,7120,7160,7180,7200,7220,7320,7340,7360,7380,8360,8440,8720,9200,9340,9500,9840,11220,14420],
"fitness": [15262.141602,14834.493164,14693.748047,14630.718750,14509.329102,14476.484375,14374.276367,14232.576172,14162.842773,14155.589844,14086.625977,14015.123047,13976.245117,13908.115234,13876.060547,13833.180664,13819.075195,13806.049805,13761.183594,13737.542969,13687.693359,13651.001953,13586.227539,13559.765625,13473.130859,13395.392578,13354.357422,13327.533203,13314.796875,13242.756836,13236.021484,13181.775391,13168.263672,13146.972656,13116.400391,13087.476562,13045.427734,13035.825195,12998.551758,12939.483398,12911.594727,12863.909180,12849.990234,12842.681641,12809.530273,12782.099609,12773.625000,12756.022461,12682.158203,12657.305664,12606.635742,12603.286133,12575.208984,12480.727539,12445.561523,12440.537109,12411.608398,12404.104492,12347.906250,12338.909180,12266.550781,12174.960938,12149.616211,12099.544922,12078.215820,12055.433594,12035.194336,12016.826172,12015.309570,11992.375000,11956.107422,11900.471680,11889.934570,11881.240234,11861.527344,11819.975586,11810.272461,11792.939453,11790.349609,11769.886719,11750.041992,11728.447266,11726.233398,11675.627930,11669.000000,11651.168945,11616.857422,11599.922852,11595.441406,11591.571289,11570.714844,11549.935547,11538.889648,11527.877930,11515.051758,11497.811523,11489.669922,11478.581055,11458.328125,11449.940430,11442.354492,11423.377930,11419.228516,11416.083984,11394.302734,11388.448242,11373.124023,11364.395508,11341.376953,11334.442383,11325.137695,11304.305664,11303.675781,11299.000000,11287.123047,11280.939453,11274.741211,11247.890625,11244.964844,11229.995117,11228.821289,11221.770508,11216.533203,11209.636719,11203.584961,11192.000000,11187.819336,11182.368164,11161.914062,11143.917969,11139.460938,11130.793945,11124.439453,11123.035156,11117.317383,11097.937500,11076.855469,11068.238281,11043.335938,11037.331055,11020.726562,11002.644531,10983.511719,10977.545898,10964.982422,10956.373047,10948.775391,10930.551758,10917.392578,10912.636719,10890.088867,10865.487305,10855.456055,10837.448242,10822.636719,10810.088867,10795.005859,10777.109375,10769.239258,10756.569336,10750.257812,10725.956055,10696.399414,10692.429688,10674.854492,10662.706055,10649.030273,10640.909180,10634.000000,10612.147461,10600.236328,10586.403320,10562.601562,10557.334961,10528.978516,10502.804688,10501.371094,10487.639648,10481.682617,10457.848633,10446.780273,10420.558594,10404.378906,10395.508789,10368.910156,10361.634766,10338.664062,10319.618164,10304.455078,10267.135742,10237.492188,10235.510742,10185.291992,10182.829102,10153.161133,10142.554688,10120.927734,10114.782227,10096.479492,10092.121094,10084.274414,10072.906250,10056.079102,10054.965820,10046.243164,10040.822266,10034.279297,10031.740234,10017.683594,10003.788086,9996.248047,9992.185547,9967.388672,9964.913086,9948.015625,9931.365234,9906.005859,9876.953125,9863.739258,9852.383789,9820.665039,9819.590820,9768.067383,9757.342773,9737.557617,9730.095703,9721.090820,9708.530273,9707.606445,9706.451172,9664.556641,9637.498047,9631.773438,9619.553711,9615.719727,9596.000000,9580.936523,9569.402344,9552.434570,9548.176758,9521.831055,9498.996094,9497.171875,9466.562500,9465.615234,9459.975586,9456.950195,9428.757812,9427.954102,9406.667969,9390.592773,9362.161133,9350.054688,9349.317383,9339.161133,9338.400391,9337.599609,9336.533203,9326.948242,9316.329102,9316.329102]
}