{
"iteraciones": [20,40,60,80,100,120,140,160,180,200,220,240,260,280,300,320,340,360,380,400,420,440,460,480,500,520,540,560,580,600,620,640,660,680,700,720,740,760,780,800,820,840,860,880,900,920,940,960,980,1000,1040,1060,1100,1120,1140,1160,1180,1200,1220,1240,1260,1280,1300,1320,1340,1360,1380,1400,1420,1440,1460,1480,1500,1520,1540,1560,1580,1600,1620,1640,1660,1680,1700,1720,1740,1760,1780,1800,1820,1840,1860,1880,1900,1940,1960,1980,2000,2020,2040,2060,2080,2120,2140,2160,2180,2200,2220,2240,2260,2280,2300,2340,2360,2380,2400,2420,2440,2460,2480,2500,2520,2540,2560,2580,2620,2640,2660,2680,2700,2720,2760,2780,2840,2860,2880,2900,2920,2940,2960,2980,3000,3020,3040,3060,3080,3100,3120,3140,3160,3180,3200,3220,3240,3260,3280,3300,3320,3360,3420,3440,3460,3480,3500,3540,3560,3580,3620,3660,3680,3700,3720,3740,3760,3780,3860,3880,3900,3920,3940,3960,4040,4060,4080,4100,4120,4160,4180,4200,4220,4240,4260,4300,4360,4380,4400,4440,4480,4580,4600,4620,4640,4660,4720,4740,4760,4780,4820,4880,4900,4940,5020,5120,5140,5160,5200,5480,5500,5720,6160,6180,6200,6360,6420,6640,6660,6680,6780,6860,6880,7260,7520,7540,7560,7600,8120,8380,8400,8580,9160,9180,10100,13300],
"fitness": [15287.922852,15136.708008,14905.665039,14873.889648,14593.671875,14491.391602,14359.070312,14280.677734,14158.421875,14143.661133,14042.303711,14008.373047,13984.442383,13953.341797,13932.197266,13906.547852,13884.240234,13859.354492,13819.398438,13781.833008,13747.256836,13719.211914,13667.311523,13626.536133,13593.279297,13537.781250,13522.235352,13482.778320,13453.758789,13422.469727,13401.551758,13368.718750,13353.036133,13322.279297,13289.525391,13274.667969,13235.191406,13182.101562,13173.581055,13131.044922,13114.006836,13052.562500,12986.725586,12958.125977,12906.412109,12885.470703,12854.102539,12782.592773,12749.189453,12702.563477,12676.269531,12613.819336,12570.972656,12556.169922,12520.893555,12485.363281,12464.541016,12424.263672,12396.759766,12390.443359,12364.478516,12362.958008,12331.225586,12327.395508,12294.654297,12280.223633,12268.906250,12251.783203,12232.396484,12215.148438,12202.972656,12166.046875,12161.000000,12131.160156,12103.898438,12090.937500,12080.580078,12065.097656,12047.666992,12014.516602,12006.194336,11988.187500,11946.641602,11929.955078,11914.604492,11877.281250,11876.894531,11836.707031,11821.645508,11783.001953,11768.296875,11747.635742,11741.644531,11718.696289,11708.926758,11685.925781,11673.156250,11656.676758,11648.575195,11628.658203,11613.091797,11580.761719,11579.914062,11558.595703,11534.670898,11516.817383,11485.496094,11475.306641,11450.147461,11437.346680,11397.611328,11367.559570,11348.066406,11344.577148,11322.612305,11311.070312,11279.457031,11275.523438,11267.712891,11252.000000,11224.038086,11221.667969,11200.678711,11190.531250,11176.173828,11152.966797,11129.013672,11106.793945,11084.770508,11043.891602,11031.524414,10987.916016,10983.528320,10930.825195,10921.116211,10903.249023,10874.029297,10862.848633,10838.081055,10823.297852,10817.070312,10805.792969,10804.513672,10786.014648,10782.997070,10765.440430,10753.384766,10737.661133,10728.989258,10720.585938,10713.037109,10699.422852,10676.039062,10667.020508,10643.291016,10632.274414,10615.927734,10607.498047,10593.607422,10587.282227,10583.687500,10563.280273,10550.616211,10539.291992,10531.826172,10515.580078,10491.895508,10481.068359,10446.449219,10431.565430,10390.920898,10376.680664,10374.000000,10312.004883,10311.890625,10261.049805,10245.083008,10232.171875,10228.830078,10186.935547,10180.831055,10153.878906,10141.214844,10126.144531,10110.704102,10075.701172,10058.612305,10051.086914,10043.681641,10004.029297,9979.551758,9967.592773,9963.373047,9959.041992,9919.359375,9883.282227,9845.656250,9835.190430,9827.820312,9792.240234,9764.386719,9739.791992,9727.826172,9717.211914,9714.547852,9695.000000,9679.918945,9660.020508,9629.829102,9624.373047,9599.890625,9596.134766,9569.052734,9556.497070,9550.256836,9514.176758,9506.687500,9484.089844,9471.483398,9463.990234,9444.583008,9427.744141,9420.441406,9413.541016,9412.338867,9409.602539,9406.212891,9402.309570,9399.582031,9389.625977,9383.135742,9368.997070,9366.714844,9358.130859,9353.441406,9345.819336,9343.358398,9339.885742,9330.977539,9319.000000,9317.697266,9317.697266]
}