{
"iteraciones": [40,60,80,100,120,140,160,180,200,220,260,280,300,320,340,360,380,400,420,440,460,480,500,520,540,560,580,600,620,640,660,700,720,740,760,780,800,820,840,860,880,900,940,960,1000,1020,1040,1060,1080,1100,1120,1140,1160,1180,1200,1240,1260,1280,1300,1320,1340,1360,1380,1400,1420,1440,1460,1480,1500,1540,1560,1580,1600,1620,1640,1660,1680,1700,1720,1760,1780,1800,1860,1880,1900,1920,1940,1960,1980,2000,2020,2040,2060,2080,2100,2120,2140,2160,2180,2200,2220,2240,2260,2280,2300,2320,2340,2360,2380,2400,2440,2460,2480,2520,2560,2580,2620,2660,2680,2700,2720,2740,2760,2780,2800,2820,2840,2860,2880,2900,2920,2940,2960,2980,3000,3020,3040,3060,3080,3120,3140,3160,3180,3200,3260,3300,3320,3340,3360,3380,3400,3420,3440,3460,3480,3500,3540,3560,3580,3600,3620,3640,3660,3680,3700,3720,3740,3780,3820,3840,3860,3880,3900,3920,3960,3980,4000,4020,4080,4120,4140,4180,4200,4220,4240,4260,4300,4340,4360,4380,4400,4540,4560,4580,4600,4620,4640,4680,4800,4820,4840,4860,4980,5120,5200,5280,5320,5340,5500,5540,5560,5740,5800,5820,5840,6200,6280,6320,6340,6420,6880,7280,7300,7320,7340,8400,8580,11780],
"fitness": [15140.884766,14926.679688,14848.907227,14752.964844,14612.214844,14483.872070,14385.227539,14307.141602,14300.588867,14180.330078,14166.454102,14059.829102,14050.179688,14009.163086,13950.053711,13925.510742,13896.286133,13827.882812,13751.586914,13734.024414,13696.465820,13652.791016,13563.377930,13537.928711,13488.078125,13434.578125,13361.699219,13356.702148,13309.213867,13290.202148,13228.424805,13224.684570,13151.018555,13113.432617,13091.186523,13021.722656,12994.178711,12965.145508,12932.535156,12896.809570,12871.116211,12828.919922,12791.167969,12713.863281,12650.306641,12613.587891,12607.485352,12576.128906,12560.550781,12509.778320,12474.635742,12461.228516,12438.172852,12404.012695,12364.210938,12330.385742,12312.375000,12286.437500,12258.579102,12246.349609,12201.463867,12173.536133,12156.691406,12094.893555,12078.137695,12054.166992,12041.066406,12024.791992,11977.528320,11934.832031,11924.864258,11882.735352,11872.297852,11822.637695,11807.165039,11772.043945,11757.733398,11720.484375,11701.870117,11681.408203,11663.042969,11630.932617,11608.748047,11600.219727,11597.809570,11583.473633,11580.254883,11531.763672,11506.315430,11487.952148,11486.488281,11454.957031,11419.031250,11416.551758,11373.248047,11336.929688,11313.522461,11275.357422,11260.370117,11259.698242,11245.090820,11230.244141,11222.217773,11209.000000,11166.050781,11165.161133,11140.199219,11120.788086,11103.772461,11059.768555,11036.522461,11008.772461,10982.079102,10925.872070,10911.226562,10845.410156,10815.395508,10814.639648,10806.697266,10771.403320,10760.993164,10732.900391,10698.947266,10683.583984,10677.884766,10631.261719,10628.965820,10604.293945,10573.196289,10532.735352,10512.116211,10508.117188,10449.299805,10445.918945,10423.033203,10406.692383,10398.701172,10367.091797,10338.513672,10301.483398,10285.421875,10270.282227,10232.060547,10166.993164,10110.116211,10101.484375,10068.600586,10025.903320,9991.792969,9974.722656,9963.329102,9922.940430,9879.365234,9843.855469,9809.516602,9792.460938,9750.217773,9735.578125,9694.217773,9674.497070,9644.606445,9610.886719,9595.840820,9579.683594,9558.548828,9539.863281,9520.903320,9509.679688,9490.309570,9480.122070,9464.625977,9443.541016,9437.993164,9421.969727,9411.963867,9395.843750,9384.632812,9359.794922,9347.354492,9314.347656,9269.353516,9256.629883,9232.817383,9198.207031,9180.515625,9178.198242,9163.051758,9123.269531,9118.224609,9090.558594,9047.919922,9041.448242,8986.313477,8975.609375,8970.102539,8959.318359,8949.354492,8901.970703,8888.711914,8867.132812,8845.362305,8831.310547,8813.876953,8785.661133,8771.206055,8756.887695,8752.693359,8751.859375,8718.647461,8716.367188,8711.310547,8701.928711,8678.993164,8664.800781,8662.707031,8659.248047,8655.347656,8648.172852,8646.165039,8639.767578,8638.186523,8635.254883,8634.257812,8629.243164,8626.937500,8625.918945,8621.885742,8621.885742]
}