{
"iteraciones": [20,40,80,100,140,160,180,200,220,240,260,280,300,320,340,360,380,400,420,460,480,500,520,540,560,580,600,620,640,660,680,700,720,740,780,800,820,840,860,880,920,940,960,980,1000,1020,1040,1060,1080,1100,1120,1140,1160,1180,1200,1220,1240,1260,1280,1300,1320,1340,1360,1380,1420,1440,1460,1480,1500,1520,1540,1580,1600,1620,1640,1660,1680,1700,1720,1740,1760,1780,1800,1820,1840,1880,1900,1940,1980,2000,2020,2060,2080,2100,2120,2140,2160,2180,2200,2220,2240,2260,2280,2320,2340,2360,2380,2400,2420,2440,2460,2520,2540,2580,2600,2620,2640,2660,2680,2700,2720,2740,2760,2780,2800,2840,2900,2920,2940,2960,2980,3000,3020,3040,3060,3100,3120,3140,3160,3180,3200,3240,3260,3280,3300,3340,3400,3420,3440,3480,3500,3540,3560,3600,3620,3640,3660,3680,3700,3720,3740,3760,3780,3800,3960,4020,4040,4060,4080,4100,4140,4180,4200,4220,4240,4260,4280,4300,4320,4340,4360,4400,4540,4560,4580,4600,4640,4660,4720,4800,4840,4860,4880,5000,5020,5060,5080,5100,5120,5180,5240,5260,5280,5300,5320,5340,5440,5500,5620,5720,5740,5780,5800,5860,5960,6020,6100,6120,6140,6220,6240,6340,6660,6920,6940,6980,7140,7160,7180,7200,7320,7500,8280,8600,11460,14660],
"fitness": [15104.522461,14853.951172,14690.060547,14372.793945,14216.841797,14165.705078,14116.343750,14051.415039,13970.411133,13940.495117,13916.466797,13869.316406,13826.417969,13779.912109,13737.166016,13683.282227,13639.703125,13623.291992,13534.692383,13530.317383,13506.800781,13460.851562,13438.676758,13401.564453,13374.354492,13314.476562,13288.466797,13234.280273,13152.984375,13132.093750,13091.844727,13078.092773,13049.084961,12969.974609,12952.616211,12906.694336,12897.446289,12843.061523,12795.929688,12705.805664,12666.680664,12639.802734,12625.138672,12548.912109,12546.758789,12506.416016,12494.664062,12450.450195,12440.231445,12401.066406,12360.941406,12349.973633,12327.394531,12294.193359,12272.196289,12249.625000,12233.439453,12208.800781,12187.671875,12155.759766,12128.864258,12100.902344,12086.093750,12034.109375,12025.345703,11968.257812,11953.084961,11938.988281,11928.378906,11909.586914,11893.304688,11870.322266,11860.696289,11835.250977,11826.267578,11790.935547,11766.004883,11744.217773,11728.034180,11706.076172,11696.496094,11679.178711,11659.530273,11657.458008,11641.071289,11637.975586,11625.128906,11592.750000,11560.541992,11558.515625,11542.780273,11517.702148,11512.850586,11499.973633,11488.135742,11471.376953,11457.020508,11444.365234,11436.925781,11430.024414,11423.371094,11399.089844,11381.468750,11376.520508,11366.147461,11362.291992,11338.634766,11332.724609,11320.406250,11295.592773,11257.466797,11253.744141,11221.587891,11207.175781,11196.183594,11168.272461,11156.747070,11108.933594,11102.091797,11095.685547,11082.679688,11077.374023,11071.160156,11062.702148,11051.787109,11004.080078,10977.035156,10970.038086,10956.500977,10929.094727,10910.988281,10909.446289,10903.382812,10893.301758,10864.781250,10858.033203,10832.673828,10827.729492,10817.734375,10803.028320,10789.906250,10777.384766,10766.022461,10753.126953,10737.947266,10715.874023,10702.728516,10694.760742,10648.875000,10640.667969,10602.833984,10601.475586,10561.972656,10530.424805,10527.000000,10500.468750,10450.883789,10434.285156,10432.329102,10421.955078,10418.852539,10395.454102,10378.619141,10363.409180,10325.120117,10305.557617,10287.602539,10261.937500,10260.661133,10246.583984,10206.323242,10183.238281,10170.879883,10144.940430,10130.876953,10115.324219,10097.799805,10072.770508,10047.629883,10044.784180,10028.293945,10012.343750,9990.676758,9979.875000,9955.897461,9943.708008,9928.703125,9923.862305,9906.413086,9873.840820,9856.707031,9846.128906,9810.471680,9803.300781,9778.255859,9775.366211,9740.564453,9730.929688,9711.648438,9702.045898,9696.061523,9690.693359,9675.472656,9653.141602,9625.036133,9620.126953,9617.886719,9608.275391,9604.463867,9583.484375,9564.502930,9532.604492,9531.968750,9522.136719,9504.787109,9497.519531,9493.386719,9490.516602,9468.183594,9463.339844,9461.438477,9453.666992,9452.060547,9433.497070,9429.994141,9409.412109,9397.863281,9395.832031,9380.494141,9366.324219,9358.542969,9350.508789,9328.569336,9316.383789,9315.638672,9315.638672]
}