{
"iteraciones": [20,40,60,80,100,120,140,160,180,200,220,240,260,280,300,320,340,360,380,400,420,440,460,480,500,520,540,560,580,600,620,640,660,680,700,720,740,760,780,800,820,840,860,880,900,920,940,960,1000,1020,1040,1080,1100,1120,1140,1160,1180,1200,1220,1240,1260,1280,1300,1320,1340,1360,1380,1400,1420,1440,1460,1480,1500,1520,1540,1560,1580,1600,1620,1640,1660,1680,1700,1720,1780,1800,1820,1860,1880,1900,1920,1940,1960,1980,2000,2020,2040,2060,2080,2100,2140,2180,2200,2220,2240,2260,2280,2300,2320,2340,2360,2380,2400,2420,2440,2460,2480,2500,2520,2540,2560,2580,2600,2620,2660,2680,2720,2740,2760,2780,2800,2820,2840,2860,2880,2900,2920,2940,2960,2980,3000,3020,3040,3060,3080,3100,3120,3140,3160,3180,3200,3220,3240,3260,3280,3300,3320,3340,3360,3380,3400,3420,3460,3480,3500,3560,3580,3600,3620,3640,3660,3680,3700,3720,3760,3780,3800,3820,3840,3860,3900,3920,3940,3960,3980,4000,4020,4040,4080,4160,4180,4200,4220,4240,4260,4280,4300,4380,4400,4440,4500,4520,4540,4560,4580,4640,4660,4700,4720,4760,4780,4800,4820,4840,4880,5080,5100,5160,5200,5220,5240,5280,5300,5320,5340,5360,5380,5780,5860,5900,5960,6260,6280,6300,8300,8320,8340,9840,13040],
"fitness": [15285.037109,15207.802734,14979.081055,14881.192383,14696.775391,14612.907227,14525.209961,14470.158203,14417.913086,14391.263672,14300.444336,14281.593750,14225.344727,14180.250977,14157.759766,14101.437500,14097.188477,14072.012695,14020.209961,14011.250977,13973.673828,13916.033203,13894.473633,13868.909180,13829.621094,13803.216797,13781.886719,13720.515625,13682.877930,13625.377930,13575.935547,13554.309570,13464.149414,13416.654297,13352.011719,13347.220703,13299.884766,13270.429688,13222.484375,13182.789062,13120.930664,13113.917969,13065.373047,13057.098633,13024.289062,13009.340820,12959.279297,12883.635742,12882.104492,12802.590820,12743.903320,12698.124023,12677.268555,12663.814453,12627.513672,12608.952148,12566.952148,12563.552734,12517.442383,12497.043945,12468.358398,12456.989258,12407.495117,12395.957031,12339.036133,12301.002930,12273.301758,12259.540039,12219.136719,12175.890625,12140.623047,12125.145508,12087.840820,12066.698242,12064.627930,12044.598633,12022.898438,11995.201172,11977.625000,11944.587891,11924.727539,11888.971680,11866.000000,11808.092773,11798.792969,11789.331055,11757.485352,11731.247070,11716.881836,11676.140625,11653.323242,11628.621094,11626.186523,11602.781250,11595.203125,11583.809570,11541.113281,11526.854492,11507.647461,11486.073242,11451.733398,11421.558594,11388.263672,11382.454102,11347.758789,11336.501953,11335.690430,11300.364258,11280.781250,11253.228516,11236.656250,11203.750977,11184.492188,11163.770508,11142.539062,11099.121094,11095.435547,11052.724609,11025.783203,11007.482422,11001.898438,10972.157227,10947.934570,10922.513672,10901.221680,10865.000000,10820.603516,10804.849609,10792.426758,10752.154297,10738.871094,10703.230469,10697.469727,10675.379883,10647.297852,10599.140625,10560.679688,10541.300781,10524.597656,10505.920898,10497.799805,10478.535156,10455.208008,10433.849609,10395.701172,10386.269531,10365.631836,10332.091797,10321.395508,10298.406250,10264.217773,10252.925781,10250.742188,10244.004883,10223.867188,10221.146484,10214.389648,10197.710938,10175.386719,10160.450195,10142.000000,10136.029297,10112.677734,10090.000000,10051.507812,10043.858398,10013.325195,9988.267578,9968.996094,9952.424805,9946.499023,9941.804688,9889.469727,9875.877930,9830.251953,9820.619141,9795.005859,9769.894531,9741.861328,9717.322266,9664.820312,9662.327148,9630.405273,9624.808594,9586.474609,9550.713867,9495.723633,9490.974609,9436.968750,9409.019531,9388.715820,9370.778320,9339.625977,9325.461914,9303.352539,9277.911133,9242.643555,9226.627930,9220.198242,9207.321289,9178.334961,9161.995117,9116.829102,9113.266602,9108.517578,9090.272461,9082.707031,9080.678711,9073.195312,9060.861328,9053.991211,9034.112305,9027.011719,9005.443359,8980.463867,8937.972656,8889.001953,8883.010742,8866.828125,8850.582031,8831.691406,8825.170898,8801.824219,8800.812500,8794.378906,8784.125977,8759.426758,8737.727539,8726.118164,8706.215820,8695.734375,8679.479492,8666.791016,8645.463867,8638.284180,8634.992188,8628.142578,8621.885742,8621.885742]
}