{
"iteraciones": [20,60,80,100,120,140,160,180,200,220,260,280,300,320,340,360,380,400,420,440,460,480,500,520,540,560,580,600,620,640,660,680,700,720,740,760,780,800,820,840,860,880,900,920,940,960,980,1000,1020,1040,1080,1100,1120,1140,1160,1180,1200,1240,1260,1280,1320,1340,1360,1380,1420,1440,1460,1480,1500,1520,1540,1560,1580,1600,1640,1660,1680,1700,1720,1740,1760,1780,1800,1820,1840,1860,1880,1900,1920,1940,1960,1980,2000,2020,2040,2100,2120,2140,2160,2180,2200,2220,2240,2260,2280,2300,2340,2380,2400,2420,2440,2460,2480,2500,2520,2540,2560,2580,2600,2620,2640,2660,2680,2700,2720,2740,2780,2800,2820,2840,2860,2880,2900,2920,2940,2980,3000,3020,3040,3060,3120,3160,3180,3200,3240,3260,3300,3320,3340,3360,3380,3400,3420,3440,3480,3520,3540,3580,3600,3620,3640,3660,3680,3700,3720,3740,3800,3820,3840,3860,3880,3900,3960,3980,4000,4040,4060,4080,4100,4120,4140,4180,4300,4320,4340,4360,4400,4440,4460,4500,4600,4620,4640,4660,4680,4820,4840,4880,4900,5040,5100,5120,5140,5160,5400,5540,5580,5600,5620,5700,5760,5860,5880,6020,8080,8100,8120,9520,11300,14500],
"fitness": [15130.821289,14981.281250,14783.694336,14583.334961,14542.553711,14506.691406,14429.436523,14359.326172,14268.846680,14211.279297,14172.895508,14124.606445,14090.955078,14043.250000,14014.896484,14004.733398,13961.661133,13902.164062,13841.057617,13807.187500,13757.077148,13708.046875,13644.699219,13617.127930,13554.004883,13484.740234,13473.833008,13405.621094,13318.240234,13311.201172,13265.204102,13213.327148,13198.127930,13162.461914,13110.813477,13092.686523,13056.557617,13005.030273,12957.655273,12908.031250,12905.434570,12854.280273,12825.380859,12796.001953,12770.750000,12746.244141,12707.976562,12646.321289,12602.434570,12560.676758,12531.895508,12484.084961,12474.432617,12440.979492,12391.851562,12365.605469,12319.944336,12306.905273,12226.612305,12147.320312,12133.215820,12087.732422,12073.500977,11993.660156,11971.028320,11964.331055,11927.393555,11918.904297,11861.567383,11793.658203,11781.717773,11734.531250,11731.817383,11681.688477,11679.836914,11649.508789,11633.618164,11594.466797,11577.504883,11552.080078,11528.438477,11503.795898,11474.127930,11443.324219,11419.824219,11399.101562,11365.913086,11340.204102,11319.949219,11282.416016,11281.990234,11232.141602,11211.928711,11194.410156,11144.030273,11098.065430,11080.656250,11026.774414,10989.500000,10969.596680,10947.977539,10910.541016,10885.695312,10861.279297,10857.142578,10825.845703,10785.297852,10753.647461,10742.250977,10722.000000,10684.522461,10660.908203,10657.479492,10643.879883,10633.029297,10612.387695,10592.712891,10589.031250,10556.636719,10534.407227,10513.915039,10508.745117,10493.451172,10463.858398,10443.777344,10410.174805,10400.019531,10357.747070,10343.138672,10327.687500,10318.000000,10295.000000,10249.185547,10236.711914,10198.494141,10191.359375,10167.026367,10149.409180,10091.573242,10068.708008,10038.825195,10025.288086,10011.564453,9960.455078,9952.734375,9878.527344,9866.155273,9846.238281,9814.756836,9797.886719,9784.617188,9752.109375,9750.916992,9720.893555,9681.456055,9676.065430,9661.964844,9639.415039,9594.070312,9582.570312,9527.862305,9510.814453,9501.303711,9472.457031,9459.490234,9409.445312,9391.796875,9351.138672,9348.587891,9329.594727,9326.935547,9307.946289,9303.311523,9288.504883,9263.179688,9256.186523,9197.852539,9172.307617,9149.125000,9137.260742,9117.957031,9103.602539,9052.912109,9051.199219,9049.002930,9015.510742,9000.261719,8987.778320,8975.745117,8921.126953,8919.442383,8900.254883,8899.597656,8896.614258,8861.792969,8860.362305,8825.262695,8823.174805,8818.097656,8815.230469,8786.358398,8778.381836,8766.844727,8756.231445,8750.165039,8726.085938,8714.549805,8705.431641,8693.838867,8690.749023,8674.368164,8672.769531,8671.278320,8641.702148,8635.948242,8630.181641,8627.891602,8625.215820,8621.885742,8621.885742]
}