{
"iteraciones": [20,40,60,80,100,120,140,160,180,200,220,240,260,280,300,320,340,380,400,420,440,460,500,520,540,560,580,600,620,640,660,680,700,720,740,760,780,820,840,860,880,900,920,940,960,980,1000,1020,1040,1060,1080,1100,1120,1140,1180,1200,1220,1240,1260,1280,1300,1320,1340,1360,1380,1400,1420,1460,1480,1500,1520,1540,1560,1580,1600,1620,1640,1660,1680,1700,1720,1740,1760,1780,1800,1820,1840,1860,1880,1900,1920,1940,1960,1980,2000,2040,2060,2120,2140,2160,2180,2220,2260,2300,2320,2340,2360,2380,2400,2420,2440,2460,2480,2500,2520,2540,2580,2600,2620,2640,2680,2700,2720,2740,2760,2780,2820,2860,2880,2900,2940,2980,3000,3020,3040,3060,3080,3100,3120,3160,3180,3200,3220,3240,3260,3280,3320,3340,3400,3420,3440,3500,3520,3540,3560,3580,3600,3620,3640,3660,3680,3700,3720,3740,3760,3800,3840,3860,4000,4020,4040,4060,4080,4100,4140,4160,4200,4240,4260,4280,4320,4360,4380,4400,4420,4440,4500,4520,4540,4560,4580,4600,4620,4660,4740,4760,4920,4940,4980,5020,5040,5060,5540,5560,5600,5880,5900,5920,5940,5980,6020,6040,6080,6120,6140,6160,6180,6220,6280,6300,6340,6520,6540,6560,6600,6700,6780,6920,6940,6960,7000,7040,7180,7220,7260,7280,7320,7340,7360,7380,7400,7780,7800,11000],
"fitness": [15259.799805,15036.000977,14848.101562,14810.011719,14731.729492,14580.687500,14397.566406,14353.841797,14285.045898,14163.619141,14055.243164,14018.238281,13975.186523,13930.975586,13884.779297,13804.142578,13714.205078,13687.198242,13654.817383,13595.103516,13551.122070,13451.975586,13416.016602,13389.877930,13368.248047,13327.663086,13265.198242,13259.622070,13219.467773,13186.013672,13146.668945,13092.338867,13080.622070,13062.228516,13036.920898,13023.828125,12950.291016,12946.956055,12873.046875,12865.000000,12816.462891,12803.509766,12724.205078,12721.313477,12654.413086,12639.947266,12618.979492,12578.983398,12559.076172,12521.850586,12505.967773,12496.752930,12472.466797,12428.482422,12392.181641,12372.073242,12362.799805,12330.018555,12316.666992,12264.658203,12249.161133,12177.997070,12145.959961,12133.552734,12123.616211,12101.897461,12060.782227,12047.555664,12001.036133,11997.880859,11988.128906,11961.000000,11947.763672,11934.250000,11898.324219,11890.185547,11863.738281,11838.884766,11833.900391,11808.738281,11795.734375,11777.698242,11740.086914,11708.251953,11685.830078,11667.000000,11653.013672,11631.601562,11606.370117,11585.870117,11568.470703,11545.240234,11541.756836,11537.607422,11520.405273,11492.176758,11472.923828,11463.729492,11454.275391,11453.588867,11432.922852,11422.301758,11390.230469,11387.752930,11349.604492,11343.145508,11317.703125,11305.456055,11298.625000,11290.270508,11270.791992,11267.565430,11257.486328,11225.652344,11224.331055,11207.085938,11197.727539,11187.040039,11181.087891,11154.483398,11147.571289,11121.609375,11106.430664,11095.205078,11091.877930,11087.762695,11080.489258,11053.741211,11038.909180,11017.902344,10992.673828,10975.396484,10970.918945,10946.088867,10942.060547,10917.162109,10910.184570,10899.608398,10875.875977,10847.972656,10840.586914,10821.212891,10805.975586,10799.100586,10776.635742,10765.957031,10752.775391,10741.450195,10731.376953,10714.232422,10691.247070,10686.863281,10659.326172,10649.566406,10635.474609,10626.580078,10612.839844,10601.431641,10551.863281,10550.234375,10512.939453,10501.866211,10496.725586,10485.258789,10472.000000,10449.552734,10441.990234,10400.535156,10382.849609,10365.481445,10357.625977,10350.411133,10310.000000,10288.162109,10262.417969,10260.818359,10232.230469,10228.745117,10221.640625,10200.116211,10190.377930,10174.674805,10154.443359,10145.133789,10108.507812,10072.143555,10040.924805,10028.277344,9993.614258,9977.306641,9971.281250,9956.417969,9953.451172,9905.267578,9902.117188,9882.139648,9859.947266,9853.017578,9834.363281,9830.578125,9826.646484,9772.779297,9761.830078,9728.290039,9717.594727,9700.774414,9693.443359,9682.502930,9669.044922,9649.518555,9625.999023,9613.277344,9593.629883,9556.926758,9540.535156,9535.137695,9515.427734,9503.381836,9502.477539,9498.147461,9477.630859,9472.722656,9459.784180,9437.485352,9431.386719,9424.756836,9423.087891,9421.620117,9417.552734,9413.865234,9411.629883,9386.194336,9369.055664,9368.081055,9367.919922,9352.344727,9351.424805,9350.000000,9320.177734,9319.513672,9318.093750,9317.697266,9315.638672,9315.000000]
}