{
"iteraciones": [20,40,60,80,100,120,140,160,180,200,220,240,280,300,320,340,360,380,420,440,460,480,500,520,540,560,580,600,620,640,660,680,700,720,740,760,780,800,820,840,860,880,900,920,940,960,980,1000,1020,1040,1060,1080,1100,1120,1140,1180,1200,1220,1240,1260,1280,1300,1320,1340,1360,1380,1400,1440,1460,1480,1500,1520,1540,1560,1580,1600,1620,1640,1660,1680,1700,1720,1760,1780,1800,1820,1840,1860,1900,1920,1940,1980,2000,2020,2040,2060,2080,2100,2140,2160,2180,2200,2220,2240,2260,2280,2320,2340,2360,2380,2400,2420,2440,2460,2480,2500,2520,2540,2560,2580,2600,2620,2640,2660,2680,2700,2720,2740,2760,2780,2800,2840,2860,2880,2900,2940,2960,3000,3020,3040,3060,3080,3100,3120,3140,3160,3180,3200,3240,3300,3320,3360,3380,3400,3420,3440,3460,3480,3500,3560,3580,3600,3620,3640,3660,3680,3700,3720,3740,3760,3780,3820,3840,3920,3940,3960,3980,4020,4040,4060,4080,4100,4180,4200,4240,4260,4280,4300,4340,4360,4380,4400,4420,4580,4620,4640,4660,4680,4740,5060,5080,5100,5160,5200,5220,5240,5260,5280,5300,5320,5340,5380,5420,5460,5480,5500,5580,5620,5760,5780,5920,5940,5960,5980,6040,6060,6080,6640,6660,6820,7660,8820,10200,10500,12540,15740],
"fitness": [15278.960938,15177.473633,14966.817383,14740.967773,14608.487305,14532.225586,14476.349609,14318.538086,14316.954102,14243.970703,14211.044922,14137.396484,14131.128906,14076.180664,14050.868164,14031.875977,14004.890625,13953.197266,13916.136719,13887.347656,13860.141602,13805.051758,13792.895508,13735.030273,13702.577148,13662.684570,13615.000000,13553.320312,13484.730469,13458.047852,13451.174805,13418.141602,13389.600586,13356.601562,13323.099609,13300.994141,13254.596680,13215.236328,13167.076172,13137.991211,13082.385742,13047.310547,13009.379883,12976.959961,12963.579102,12936.085938,12871.280273,12843.881836,12778.821289,12763.621094,12725.561523,12683.213867,12655.129883,12617.289062,12567.838867,12534.699219,12499.084961,12489.935547,12440.232422,12397.859375,12380.100586,12353.988281,12316.414062,12289.373047,12267.179688,12247.705078,12185.956055,12166.876953,12152.170898,12097.638672,12064.916016,12055.040039,12024.210938,11995.831055,11949.638672,11946.068359,11892.128906,11884.642578,11877.213867,11864.723633,11853.545898,11808.390625,11803.000000,11789.631836,11775.163086,11758.849609,11734.445312,11701.631836,11694.887695,11680.967773,11648.854492,11646.383789,11620.105469,11592.160156,11591.016602,11553.030273,11542.437500,11507.874023,11493.057617,11461.242188,11457.034180,11438.849609,11409.920898,11400.859375,11364.787109,11345.239258,11322.515625,11301.703125,11293.549805,11279.910156,11269.988281,11260.989258,11250.962891,11240.150391,11229.495117,11217.864258,11204.791016,11173.583008,11148.957031,11137.038086,11121.142578,11117.126953,11111.018555,11097.806641,11084.854492,11064.555664,11063.040039,11040.753906,11025.791016,11017.613281,10991.917969,10985.778320,10970.373047,10943.079102,10899.567383,10871.311523,10842.256836,10839.982422,10815.218750,10798.137695,10766.491211,10764.278320,10735.134766,10723.102539,10699.595703,10694.835938,10692.121094,10650.540039,10609.714844,10592.160156,10548.612305,10537.364258,10524.495117,10516.288086,10492.428711,10483.119141,10462.291016,10446.383789,10417.651367,10412.888672,10389.202148,10378.848633,10335.728516,10320.019531,10318.000000,10296.998047,10282.388672,10260.724609,10258.013672,10256.653320,10239.301758,10231.019531,10219.508789,10212.551758,10205.967773,10195.375977,10165.109375,10137.367188,10132.465820,10110.467773,10099.041016,10089.353516,10074.574219,10067.248047,10062.326172,10051.712891,10044.649414,10029.667969,10014.856445,10010.137695,9984.872070,9981.860352,9952.984375,9913.348633,9905.982422,9883.039062,9872.903320,9859.739258,9822.657227,9804.577148,9789.318359,9752.895508,9728.279297,9717.226562,9704.903320,9681.667969,9658.080078,9657.953125,9634.672852,9611.521484,9587.429688,9569.742188,9568.942383,9560.054688,9551.135742,9532.804688,9530.625000,9493.916992,9457.407227,9441.058594,9437.734375,9426.087891,9408.927734,9398.641602,9392.511719,9389.141602,9376.769531,9368.324219,9366.897461,9327.142578,9324.475586,9322.436523,9319.142578,9316.383789,9315.907227,9315.000000]
}