{
"iteraciones": [20,40,60,80,100,120,140,160,180,200,220,240,260,280,300,320,340,360,380,400,420,440,460,480,500,520,540,560,580,600,620,640,660,680,700,720,740,760,780,800,840,860,880,900,920,940,960,980,1000,1040,1060,1080,1100,1120,1180,1200,1220,1240,1260,1280,1300,1320,1340,1360,1380,1400,1420,1440,1460,1480,1500,1520,1540,1560,1580,1600,1620,1640,1680,1700,1720,1740,1760,1780,1800,1820,1860,1900,1920,1960,1980,2000,2020,2060,2080,2100,2120,2140,2160,2180,2200,2220,2240,2260,2280,2300,2320,2360,2380,2400,2420,2440,2460,2480,2500,2520,2540,2560,2580,2600,2660,2680,2700,2720,2740,2780,2800,2820,2840,2860,2880,2900,2920,2940,2960,3000,3020,3040,3060,3080,3100,3120,3140,3160,3200,3220,3240,3260,3280,3300,3340,3380,3400,3420,3440,3460,3480,3500,3520,3540,3560,3580,3600,3620,3640,3660,3740,3780,3860,3980,4000,4020,4040,4060,4120,4180,4220,4240,4280,4300,4320,4340,4540,4640,4740,4760,4860,4880,4900,4940,4960,4980,5000,5040,5060,5400,5580,5600,5620,5640,5680,5740,5760,5900,6080,6280,6300,6480,8400,8420,8460,11660],
"fitness": [15353.536133,15233.188477,15062.698242,14946.518555,14711.623047,14520.295898,14391.382812,14210.692383,14171.463867,14109.358398,14067.510742,14011.932617,13985.646484,13909.331055,13896.391602,13852.778320,13804.839844,13756.708984,13750.783203,13727.337891,13693.778320,13683.273438,13634.832031,13596.742188,13533.118164,13497.026367,13448.092773,13442.008789,13397.500977,13352.267578,13329.408203,13239.294922,13213.962891,13161.265625,13136.111328,13086.902344,13078.668945,13016.620117,12996.843750,12903.804688,12861.808594,12823.574219,12786.428711,12780.044922,12741.883789,12736.241211,12678.231445,12665.497070,12599.068359,12553.924805,12506.408203,12468.229492,12399.179688,12286.535156,12284.826172,12272.683594,12238.613281,12186.043945,12166.216797,12149.249023,12130.968750,12092.791016,12051.540039,12023.835938,11976.395508,11960.876953,11906.464844,11851.993164,11822.837891,11805.324219,11756.598633,11737.800781,11723.328125,11680.784180,11659.835938,11639.877930,11610.998047,11569.956055,11523.391602,11518.013672,11449.187500,11430.049805,11392.960938,11386.797852,11350.211914,11315.813477,11287.367188,11282.700195,11217.363281,11183.064453,11144.330078,11143.823242,11079.381836,11064.338867,11036.347656,10996.866211,10979.475586,10967.646484,10941.036133,10900.972656,10894.616211,10869.149414,10841.253906,10795.975586,10778.000000,10764.000000,10745.500000,10715.066406,10687.565430,10671.414062,10642.495117,10632.147461,10588.270508,10567.766602,10550.648438,10533.339844,10511.184570,10465.840820,10452.284180,10435.965820,10431.130859,10416.000000,10396.492188,10388.522461,10339.947266,10293.773438,10255.400391,10250.551758,10194.473633,10178.135742,10175.770508,10150.660156,10138.908203,10114.643555,10059.551758,10057.629883,10007.539062,10004.207031,9971.515625,9949.380859,9933.285156,9898.000000,9859.427734,9855.708984,9808.655273,9773.879883,9763.051758,9758.583984,9722.236328,9680.692383,9662.348633,9622.618164,9602.283203,9583.252930,9562.321289,9526.017578,9500.338867,9494.200195,9462.000000,9458.102539,9422.455078,9398.348633,9387.524414,9377.714844,9374.026367,9359.401367,9343.637695,9331.336914,9301.925781,9275.400391,9260.427734,9218.746094,9202.681641,9172.866211,9126.871094,9105.756836,9099.322266,9068.297852,9040.428711,9024.081055,9022.998047,8986.139648,8956.952148,8940.479492,8918.220703,8900.103516,8896.404297,8882.397461,8869.661133,8867.249023,8857.090820,8854.982422,8851.801758,8835.545898,8831.041016,8805.340820,8783.109375,8780.497070,8757.475586,8726.535156,8725.447266,8723.275391,8721.571289,8707.155273,8687.308594,8683.758789,8652.090820,8644.504883,8643.998047,8638.907227,8631.879883,8631.879883]
}