{
"iteraciones": [20,40,60,80,100,120,140,160,200,220,240,260,280,300,320,340,380,400,420,440,460,480,500,520,540,560,580,600,620,640,660,700,720,780,800,820,840,900,920,940,960,980,1000,1020,1040,1060,1080,1100,1120,1140,1160,1200,1220,1240,1260,1280,1320,1340,1360,1380,1420,1440,1460,1480,1500,1520,1540,1560,1580,1600,1620,1640,1660,1700,1720,1740,1760,1780,1800,1820,1840,1860,1880,1900,1920,1940,1980,2000,2020,2040,2060,2100,2120,2160,2180,2220,2240,2260,2280,2300,2320,2340,2360,2400,2420,2440,2460,2480,2500,2520,2540,2560,2580,2620,2640,2660,2680,2700,2720,2740,2760,2780,2800,2820,2840,2900,2920,2940,2960,2980,3000,3040,3060,3080,3100,3120,3160,3180,3200,3240,3280,3300,3320,3340,3360,3420,3440,3480,3500,3520,3580,3660,3680,3720,3740,3760,3780,3800,3820,3840,3860,3880,3940,3960,4000,4020,4040,4060,4080,4100,4120,4140,4160,4180,4280,4300,4320,4360,4380,4460,4500,4520,4580,4600,4620,4660,4760,4780,4800,4920,4960,4980,5160,5180,5460,5800,6000,6220,6680,7300,7480,7700,7720,7920,11120],
"fitness": [15320.116211,15056.590820,14907.945312,14757.953125,14615.735352,14521.317383,14451.484375,14301.328125,14239.286133,14180.769531,14152.000000,14078.646484,14010.509766,13992.980469,13931.263672,13832.415039,13788.277344,13727.683594,13702.877930,13674.551758,13639.409180,13619.871094,13540.297852,13501.383789,13489.250977,13456.500977,13421.958008,13365.108398,13321.081055,13298.779297,13149.123047,13122.404297,12999.916992,12913.154297,12846.378906,12825.930664,12748.794922,12724.025391,12678.220703,12621.716797,12605.905273,12578.016602,12556.240234,12511.909180,12452.092773,12431.077148,12376.243164,12315.495117,12295.887695,12260.000000,12215.436523,12186.669922,12155.582031,12143.288086,12132.265625,12073.530273,12057.540039,12028.541016,11992.117188,11934.162109,11910.279297,11896.213867,11874.972656,11861.618164,11788.145508,11766.301758,11742.000000,11701.684570,11671.006836,11653.313477,11601.686523,11598.416016,11547.072266,11513.583008,11502.578125,11462.440430,11397.587891,11377.735352,11344.961914,11334.000000,11294.330078,11271.085938,11243.798828,11190.718750,11162.243164,11121.988281,11111.266602,11063.906250,11039.212891,11018.876953,10925.412109,10911.806641,10863.250000,10844.750977,10819.309570,10790.261719,10770.768555,10722.144531,10704.721680,10656.817383,10649.000000,10593.597656,10528.146484,10514.135742,10447.375977,10425.242188,10396.138672,10319.130859,10308.467773,10302.114258,10261.425781,10244.739258,10186.016602,10175.366211,10151.127930,10107.145508,10104.971680,10058.723633,9998.327148,9953.897461,9911.181641,9902.795898,9863.068359,9852.470703,9804.329102,9802.343750,9769.957031,9747.587891,9728.794922,9706.232422,9687.948242,9663.960938,9659.463867,9648.337891,9618.826172,9592.045898,9563.695312,9556.598633,9545.016602,9543.929688,9532.854492,9531.951172,9510.977539,9489.588867,9474.873047,9449.945312,9431.635742,9418.119141,9386.576172,9348.840820,9317.004883,9291.460938,9264.875000,9258.625000,9222.572266,9180.327148,9163.849609,9154.610352,9134.865234,9111.831055,9094.611328,9081.500977,9079.652344,9072.417969,9063.135742,9049.656250,9040.337891,9027.633789,9017.717773,9011.535156,8973.791992,8970.101562,8959.611328,8912.404297,8881.152344,8877.907227,8875.965820,8850.483398,8839.839844,8829.203125,8822.532227,8797.553711,8783.880859,8779.584961,8770.362305,8749.887695,8744.703125,8738.979492,8736.400391,8715.347656,8712.780273,8705.328125,8674.509766,8669.672852,8665.915039,8663.860352,8660.156250,8657.760742,8654.092773,8652.778320,8650.216797,8646.259766,8629.306641,8621.885742,8621.885742]
}