{
"iteraciones": [20,40,60,80,100,120,140,160,180,200,240,260,280,300,320,340,380,400,420,440,460,480,500,520,540,560,580,600,620,640,660,680,700,720,740,760,780,800,820,840,860,880,900,920,940,960,980,1000,1020,1060,1080,1100,1120,1140,1160,1180,1200,1220,1240,1260,1280,1300,1320,1340,1360,1380,1400,1420,1440,1460,1480,1500,1520,1540,1560,1580,1600,1620,1640,1660,1700,1720,1740,1760,1780,1800,1820,1860,1880,1900,1920,1960,1980,2000,2020,2040,2060,2080,2100,2120,2140,2160,2220,2240,2260,2280,2300,2320,2340,2360,2380,2420,2440,2460,2480,2500,2520,2540,2560,2600,2620,2660,2680,2700,2720,2760,2780,2820,2840,2860,2880,2900,2920,2960,2980,3000,3040,3060,3100,3120,3140,3160,3180,3200,3220,3240,3260,3280,3300,3320,3340,3360,3380,3400,3420,3440,3460,3480,3500,3540,3560,3580,3600,3620,3640,3700,3740,3760,3780,3800,3840,3860,3880,3920,3940,3960,3980,4000,4020,4040,4080,4100,4120,4140,4160,4180,4220,4240,4280,4360,4380,4400,4520,4580,4600,4620,4680,4700,4720,4740,4760,4800,4820,4920,4940,4980,5000,5040,5060,5080,5140,5160,5260,5320,5460,5540,5560,5580,5700,5720,5740,5780,5800,5820,5880,5920,5960,5980,6340,6740,6760,7040,7360,7380,7500,7520,7600,8300,8840,8900,12100],
"fitness": [15272.087891,15117.174805,14861.581055,14739.631836,14660.624023,14472.784180,14458.958984,14372.634766,14297.444336,14223.178711,14171.258789,14147.734375,14117.466797,14098.686523,14014.593750,13960.741211,13915.688477,13869.706055,13850.373047,13812.893555,13726.402344,13703.753906,13663.301758,13622.051758,13538.930664,13463.063477,13437.548828,13429.308594,13381.534180,13359.155273,13303.774414,13281.704102,13255.149414,13241.351562,13208.631836,13170.115234,13133.940430,13093.492188,13073.366211,13017.504883,13002.163086,12961.800781,12911.196289,12873.019531,12846.454102,12789.716797,12781.623047,12744.698242,12695.294922,12658.882812,12647.038086,12617.635742,12579.411133,12540.955078,12515.935547,12502.086914,12470.582031,12455.166992,12435.511719,12426.623047,12416.217773,12409.374023,12382.083008,12369.293945,12313.727539,12263.682617,12233.515625,12215.975586,12180.639648,12164.408203,12111.725586,12107.250977,12070.489258,12054.499023,12038.349609,12012.888672,12005.954102,11979.000000,11954.945312,11928.568359,11901.747070,11882.327148,11876.284180,11874.460938,11848.133789,11835.625977,11816.391602,11805.750000,11796.005859,11788.427734,11766.565430,11744.156250,11732.365234,11716.202148,11700.817383,11686.543945,11666.420898,11642.413086,11637.976562,11623.434570,11611.800781,11587.925781,11570.569336,11568.313477,11536.251953,11514.906250,11509.495117,11475.816406,11453.553711,11422.183594,11408.387695,11393.118164,11377.538086,11363.407227,11354.675781,11324.488281,11307.462891,11300.408203,11249.330078,11246.460938,11203.790039,11193.146484,11159.688477,11140.642578,11100.717773,11081.647461,11059.591797,11032.700195,11022.516602,11010.450195,10982.070312,10970.730469,10936.246094,10910.799805,10874.427734,10844.000977,10817.963867,10766.825195,10764.665039,10747.876953,10726.273438,10725.534180,10711.392578,10689.365234,10680.923828,10659.378906,10638.533203,10623.344727,10621.809570,10606.000000,10585.226562,10559.611328,10556.020508,10529.275391,10518.614258,10471.632812,10468.524414,10430.126953,10387.554688,10370.714844,10341.304688,10331.438477,10306.378906,10284.696289,10270.184570,10256.003906,10242.118164,10239.000000,10222.193359,10178.131836,10161.000000,10151.580078,10145.094727,10141.416992,10136.255859,10128.652344,10110.533203,10107.287109,10084.211914,10067.714844,10064.597656,10045.761719,10018.960938,10014.528320,9992.184570,9955.077148,9937.744141,9929.845703,9922.514648,9917.740234,9913.412109,9906.719727,9876.107422,9861.301758,9849.329102,9833.910156,9808.995117,9807.064453,9798.307617,9752.959961,9732.302734,9710.884766,9693.870117,9681.808594,9676.117188,9670.976562,9653.379883,9633.889648,9627.934570,9619.153320,9615.083008,9611.155273,9604.165039,9590.561523,9554.142578,9537.275391,9522.051758,9508.607422,9499.919922,9486.062500,9479.625000,9465.155273,9455.951172,9454.082031,9413.716797,9408.665039,9400.186523,9397.479492,9391.489258,9387.184570,9385.947266,9376.558594,9374.163086,9368.935547,9354.163086,9351.969727,9347.462891,9329.479492,9318.311523,9315.638672,9315.000000]
}