{
"iteraciones": [20,40,60,80,100,120,140,160,180,200,220,240,260,280,300,320,340,360,380,400,420,440,460,480,500,520,540,560,580,600,620,640,660,680,700,720,740,760,780,800,820,840,860,880,900,920,940,960,980,1000,1020,1040,1060,1100,1120,1140,1180,1200,1220,1240,1260,1280,1300,1320,1340,1360,1380,1400,1420,1440,1480,1500,1520,1540,1580,1600,1620,1640,1660,1680,1700,1720,1740,1760,1860,1880,1900,1940,1960,1980,2020,2040,2060,2080,2100,2120,2140,2160,2180,2200,2220,2240,2280,2300,2320,2340,2380,2400,2420,2440,2460,2480,2500,2540,2560,2600,2620,2640,2660,2680,2700,2720,2740,2780,2800,2840,2860,2880,2900,2920,2960,2980,3000,3020,3040,3060,3080,3100,3120,3140,3160,3180,3200,3220,3260,3280,3300,3320,3340,3360,3380,3400,3420,3440,3460,3480,3500,3520,3580,3600,3640,3660,3680,3700,3740,3800,3820,3860,3880,3900,3920,3940,4060,4080,4100,4160,4180,4240,4280,4300,4320,4340,4380,4460,4520,4580,4620,4680,4700,4760,4800,4820,4840,4860,4880,4900,4920,4940,4980,5040,5060,5100,5120,5140,5180,5260,5280,5300,5380,5400,5480,5580,5600,5620,5640,5660,5680,5760,5780,5800,5820,5980,6380,6460,6760,6940,7300,9300,9820,11160,14360],
"fitness": [15336.362305,15104.745117,14900.283203,14799.227539,14643.941406,14472.728516,14348.671875,14294.664062,14194.663086,14148.964844,14086.161133,14038.307617,13997.604492,13952.211914,13916.950195,13883.265625,13861.335938,13818.435547,13781.249023,13732.892578,13718.484375,13650.472656,13532.986328,13522.937500,13476.179688,13456.875000,13383.621094,13366.972656,13327.131836,13321.457031,13292.459961,13247.045898,13192.789062,13176.109375,13142.000000,13096.129883,13049.284180,13043.176758,12962.724609,12957.296875,12918.695312,12863.333984,12836.413086,12811.290039,12758.188477,12736.326172,12701.394531,12644.574219,12586.828125,12540.680664,12511.034180,12495.423828,12441.090820,12410.339844,12387.679688,12335.418945,12297.287109,12272.669922,12266.000000,12216.578125,12204.658203,12171.866211,12161.529297,12122.351562,12099.696289,12059.378906,12042.464844,12017.269531,12006.167969,11992.573242,11971.831055,11956.049805,11933.378906,11875.244141,11864.336914,11851.041016,11841.442383,11805.804688,11777.633789,11742.000000,11710.977539,11705.460938,11676.348633,11599.863281,11575.376953,11526.851562,11470.252930,11451.708984,11434.377930,11417.343750,11392.886719,11346.469727,11329.821289,11321.169922,11306.323242,11289.321289,11253.427734,11216.384766,11174.795898,11151.231445,11080.036133,11055.864258,11018.704102,11017.996094,11015.238281,10983.241211,10962.156250,10949.107422,10929.532227,10900.065430,10886.051758,10872.925781,10814.231445,10810.086914,10759.504883,10747.989258,10745.739258,10710.294922,10685.868164,10676.151367,10675.361328,10645.799805,10621.978516,10613.256836,10582.851562,10573.427734,10569.421875,10538.923828,10517.577148,10506.827148,10491.439453,10459.785156,10453.220703,10425.908203,10414.278320,10386.170898,10370.564453,10353.543945,10331.080078,10310.794922,10283.669922,10278.376953,10255.205078,10236.414062,10208.819336,10182.233398,10147.157227,10131.966797,10115.302734,10070.672852,10065.019531,10004.375977,9969.329102,9965.082031,9945.830078,9909.477539,9906.098633,9867.238281,9854.761719,9841.827148,9816.729492,9791.549805,9751.727539,9718.027344,9676.326172,9661.929688,9660.522461,9645.995117,9628.688477,9580.586914,9550.446289,9523.114258,9518.568359,9496.188477,9459.425781,9439.556641,9391.781250,9362.457031,9328.694336,9295.085938,9277.456055,9232.066406,9210.609375,9206.000000,9194.304688,9177.106445,9148.082031,9141.790039,9135.045898,9096.856445,9050.940430,9042.938477,9000.777344,8980.242188,8967.982422,8963.916016,8944.119141,8923.502930,8917.260742,8909.680664,8884.067383,8883.899414,8881.883789,8862.944336,8842.225586,8831.571289,8828.624023,8820.690430,8793.161133,8790.046875,8779.078125,8774.458984,8768.440430,8752.977539,8747.183594,8741.788086,8736.638672,8735.657227,8720.737305,8712.856445,8703.002930,8701.937500,8696.373047,8694.391602,8665.649414,8634.484375,8626.612305,8624.373047,8623.272461,8621.885742,8621.885742]
}