{
"iteraciones": [20,40,60,80,100,120,140,160,180,200,220,240,260,280,300,320,340,360,380,400,420,440,460,480,500,540,580,600,620,640,660,680,700,720,740,760,780,800,820,840,860,880,900,920,940,960,980,1000,1020,1040,1060,1080,1100,1120,1140,1160,1180,1200,1220,1240,1260,1280,1300,1340,1360,1380,1400,1420,1440,1460,1480,1500,1520,1540,1560,1580,1600,1620,1640,1660,1700,1720,1740,1800,1820,1840,1860,1880,1900,1920,1940,1960,1980,2000,2020,2040,2060,2080,2100,2120,2140,2160,2180,2200,2220,2240,2300,2320,2340,2380,2400,2420,2440,2460,2480,2500,2520,2540,2560,2580,2600,2620,2700,2720,2740,2760,2800,2820,2840,2860,2900,2920,2940,2980,3000,3020,3040,3060,3080,3100,3160,3180,3200,3240,3260,3280,3300,3320,3340,3360,3380,3400,3420,3480,3560,3580,3600,3660,3680,3700,3740,3900,3940,3960,4100,4120,4140,4160,4180,4300,4480,4500,4540,4580,4600,4880,5060,5100,5320,5440,5460,5480,5500,5560,5580,6200,6240,6380,8600,8620,11820],
"fitness": [15293.227539,15032.626953,14830.385742,14707.559570,14553.560547,14504.332031,14347.591797,14324.777344,14271.012695,14144.487305,14141.724609,14062.956055,14034.807617,13986.501953,13938.093750,13878.833008,13838.381836,13796.541992,13760.200195,13698.143555,13673.467773,13667.175781,13617.392578,13582.083008,13464.161133,13396.312500,13337.975586,13286.491211,13267.552734,13193.908203,13148.492188,13068.529297,13054.915039,13013.293945,12984.637695,12939.308594,12923.824219,12857.688477,12846.513672,12811.000000,12770.309570,12709.512695,12698.093750,12677.000000,12641.696289,12593.890625,12563.928711,12509.022461,12458.958008,12417.555664,12380.278320,12336.761719,12325.667969,12279.012695,12234.505859,12184.256836,12154.355469,12102.166992,12091.899414,12061.306641,12042.107422,11975.800781,11954.571289,11917.350586,11902.208984,11871.967773,11818.383789,11772.035156,11756.514648,11711.189453,11672.633789,11650.916992,11616.945312,11560.574219,11528.012695,11519.568359,11491.274414,11476.321289,11445.746094,11379.131836,11360.644531,11347.599609,11273.117188,11235.750000,11194.281250,11169.425781,11099.910156,11097.360352,11046.447266,10982.206055,10919.449219,10917.885742,10864.045898,10843.208008,10837.607422,10805.764648,10778.743164,10729.353516,10711.017578,10679.650391,10678.837891,10640.883789,10630.064453,10622.245117,10586.626953,10541.693359,10514.000000,10502.687500,10484.949219,10470.335938,10433.580078,10403.550781,10397.631836,10333.443359,10299.512695,10251.185547,10237.244141,10229.248047,10198.479492,10190.575195,10181.331055,10147.102539,10128.370117,10102.149414,10072.379883,10029.280273,10023.486328,10007.132812,10006.710938,9943.799805,9915.199219,9892.819336,9880.076172,9867.715820,9854.415039,9826.193359,9814.923828,9798.000000,9754.187500,9704.883789,9690.981445,9636.966797,9575.628906,9557.787109,9555.944336,9488.528320,9476.570312,9461.409180,9407.478516,9388.347656,9358.424805,9357.634766,9300.344727,9259.071289,9223.929688,9207.742188,9175.603516,9146.930664,9139.549805,9134.924805,9083.269531,9043.030273,9040.066406,8984.469727,8982.470703,8969.843750,8917.381836,8912.350586,8882.875977,8877.356445,8847.358398,8845.149414,8841.905273,8830.057617,8794.373047,8745.062500,8739.503906,8726.857422,8701.759766,8693.318359,8682.234375,8669.671875,8659.016602,8657.737305,8650.266602,8648.275391,8646.502930,8626.612305,8624.148438,8623.272461,8623.272461]
}