{
"iteraciones": [20,40,60,80,100,120,140,160,180,200,220,240,280,300,320,340,360,380,400,420,440,460,480,500,520,540,560,580,600,620,640,660,680,700,720,760,780,800,820,860,880,900,940,960,980,1000,1020,1040,1080,1100,1120,1140,1160,1180,1200,1220,1240,1260,1280,1300,1320,1340,1360,1380,1400,1420,1440,1460,1480,1500,1520,1540,1560,1580,1620,1640,1660,1680,1700,1720,1740,1760,1800,1820,1840,1860,1880,1900,1920,1940,1960,1980,2000,2020,2040,2060,2080,2100,2120,2140,2160,2180,2220,2240,2260,2280,2300,2320,2360,2380,2420,2440,2460,2480,2520,2540,2560,2580,2600,2620,2640,2660,2680,2720,2740,2760,2780,2800,2820,2880,2900,2920,2940,2960,3000,3020,3040,3060,3080,3100,3120,3140,3160,3180,3220,3260,3280,3300,3340,3380,3400,3420,3460,3480,3500,3540,3560,3580,3660,3680,3700,3720,3740,3800,3840,3860,3880,3900,3920,3940,3960,3980,4040,4060,4080,4100,4140,4180,4220,4260,4280,4580,4600,4760,4840,4860,4900,5180,5240,5320,5380,5420,5460,5480,5520,5600,5780,5820,5840,6080,6680,6960,7860,7880,7900,8360,11560],
"fitness": [15288.910156,15054.554688,14719.087891,14554.052734,14361.000000,14140.466797,14105.474609,13930.622070,13788.546875,13778.356445,13708.829102,13632.139648,13553.248047,13537.369141,13509.000000,13457.554688,13380.456055,13354.414062,13327.776367,13289.166016,13263.942383,13249.095703,13196.658203,13158.669922,13105.886719,13081.162109,13049.218750,13029.811523,12977.626953,12961.428711,12883.277344,12828.381836,12805.932617,12798.988281,12719.552734,12693.951172,12672.260742,12666.319336,12617.813477,12570.000000,12536.104492,12486.734375,12424.550781,12403.297852,12318.087891,12305.630859,12266.347656,12215.225586,12201.170898,12156.649414,12141.793945,12090.724609,12031.847656,12004.859375,11973.696289,11957.041992,11949.406250,11883.596680,11875.836914,11844.777344,11841.771484,11819.039062,11799.086914,11762.625977,11746.878906,11731.994141,11707.384766,11675.452148,11639.282227,11620.622070,11594.613281,11560.743164,11549.904297,11513.691406,11472.007812,11451.765625,11420.389648,11404.649414,11382.000000,11365.703125,11340.444336,11331.842773,11318.286133,11296.727539,11272.423828,11238.023438,11228.472656,11196.620117,11176.843750,11175.154297,11145.032227,11115.459961,11098.764648,11059.697266,11040.470703,11029.110352,11012.063477,10977.933594,10952.001953,10949.355469,10934.208008,10861.729492,10844.960938,10837.561523,10819.716797,10782.604492,10756.913086,10729.636719,10702.835938,10672.516602,10617.380859,10605.451172,10572.100586,10528.752930,10503.766602,10477.171875,10402.275391,10399.530273,10376.758789,10372.835938,10351.318359,10320.336914,10304.458984,10258.268555,10254.492188,10208.468750,10204.306641,10184.439453,10161.870117,10135.617188,10123.299805,10110.066406,10091.046875,10031.643555,9977.838867,9903.041016,9854.358398,9849.905273,9790.671875,9780.354492,9756.181641,9734.095703,9728.169922,9699.247070,9684.098633,9656.963867,9654.482422,9626.718750,9604.626953,9595.477539,9581.929688,9533.859375,9531.129883,9494.913086,9469.623047,9462.403320,9449.309570,9403.103516,9392.609375,9378.759766,9362.000000,9334.603516,9323.356445,9292.835938,9287.874023,9265.048828,9236.425781,9187.064453,9183.106445,9155.380859,9102.331055,9099.194336,9064.607422,9041.587891,9015.951172,8979.554688,8967.294922,8952.232422,8940.736328,8929.397461,8908.529297,8903.943359,8862.721680,8817.921875,8816.885742,8815.343750,8810.108398,8802.990234,8801.537109,8797.694336,8785.772461,8753.606445,8730.871094,8727.473633,8725.394531,8716.405273,8698.937500,8684.591797,8679.000000,8651.353516,8641.202148,8635.054688,8632.448242,8630.000000,8624.148438,8621.885742,8621.885742]
}