{
"iteraciones": [20,40,60,80,100,120,140,160,180,200,220,240,260,280,300,320,340,360,380,400,420,440,460,480,500,520,540,560,580,600,620,640,660,680,700,720,740,760,780,800,820,840,860,880,900,920,940,960,980,1000,1020,1040,1060,1080,1100,1120,1140,1160,1180,1200,1220,1260,1280,1300,1320,1340,1380,1420,1440,1460,1480,1500,1540,1560,1580,1600,1620,1640,1660,1680,1700,1720,1740,1760,1780,1800,1820,1840,1880,1900,1920,1940,1960,1980,2000,2020,2040,2060,2080,2100,2120,2140,2160,2180,2200,2220,2240,2260,2280,2300,2320,2340,2360,2380,2400,2420,2440,2460,2480,2500,2520,2540,2560,2580,2600,2620,2640,2660,2680,2700,2720,2740,2760,2780,2800,2820,2840,2860,2880,2900,2940,2960,2980,3020,3040,3060,3080,3100,3160,3180,3200,3220,3240,3260,3280,3300,3320,3360,3380,3400,3440,3460,3480,3500,3520,3540,3560,3580,3600,3620,3640,3680,3700,3720,3800,3820,3840,3860,3900,3920,3940,3960,3980,4040,4060,4120,4140,4160,4180,4200,4220,4240,4260,4300,4320,4380,4400,4440,4460,4480,4500,4520,4540,4560,4580,4640,4680,4700,4720,4740,4760,4780,4800,4960,5000,5140,5240,5280,5300,5320,5340,5380,5660,5680,5700,5740,6260,6280,6600,8000,8260,8920,12120],
"fitness": [15051.218750,14999.039062,14784.997070,14644.663086,14449.627930,14333.015625,14218.885742,14191.481445,14107.091797,14087.079102,14047.697266,14042.070312,14009.207031,13963.859375,13956.290039,13851.596680,13846.836914,13710.493164,13686.495117,13657.235352,13623.287109,13571.138672,13550.043945,13539.934570,13502.871094,13467.670898,13432.599609,13410.033203,13376.348633,13327.298828,13299.848633,13225.226562,13220.925781,13152.516602,13117.726562,13069.915039,13014.661133,12984.357422,12942.917969,12899.461914,12851.361328,12801.059570,12765.899414,12720.880859,12701.598633,12650.130859,12632.260742,12625.175781,12571.710938,12536.747070,12524.177734,12503.334961,12482.720703,12431.748047,12400.035156,12368.979492,12353.963867,12338.000000,12290.142578,12257.178711,12209.423828,12190.787109,12157.244141,12138.003906,12065.966797,12049.283203,12026.450195,12005.448242,11944.371094,11923.275391,11912.853516,11880.336914,11858.279297,11840.100586,11812.029297,11787.870117,11775.905273,11751.000000,11743.974609,11706.476562,11689.870117,11650.086914,11635.497070,11611.621094,11598.298828,11564.353516,11555.144531,11531.758789,11503.812500,11496.105469,11477.166016,11472.721680,11463.208984,11455.317383,11436.805664,11410.049805,11388.866211,11363.946289,11358.347656,11328.412109,11326.440430,11282.546875,11257.865234,11242.338867,11234.308594,11217.833984,11199.215820,11193.429688,11183.061523,11173.133789,11148.317383,11136.379883,11076.119141,11053.875977,11029.208984,11008.607422,11000.442383,10983.745117,10968.000000,10938.963867,10919.328125,10890.302734,10870.335938,10844.398438,10840.916016,10806.135742,10775.805664,10747.799805,10744.316406,10713.625000,10686.479492,10682.290039,10656.643555,10632.966797,10617.878906,10589.427734,10543.252930,10510.083008,10477.886719,10453.000977,10446.293945,10438.353516,10389.636719,10363.257812,10327.999023,10300.362305,10282.285156,10244.004883,10222.119141,10194.708984,10178.986328,10157.433594,10155.153320,10129.411133,10113.476562,10085.699219,10039.551758,10032.282227,10021.394531,9984.330078,9971.232422,9945.763672,9933.548828,9927.611328,9890.107422,9879.768555,9859.859375,9807.247070,9780.416016,9757.386719,9736.892578,9690.181641,9673.639648,9651.201172,9608.624023,9594.666992,9577.951172,9548.830078,9494.447266,9488.882812,9449.294922,9443.077148,9385.606445,9368.268555,9343.712891,9336.138672,9315.891602,9302.819336,9284.608398,9264.171875,9204.938477,9170.541992,9136.479492,9135.524414,9093.838867,9090.813477,9050.905273,9036.458984,9020.755859,8995.146484,8993.496094,8988.255859,8948.375977,8932.832031,8930.907227,8901.373047,8888.380859,8885.332031,8868.278320,8864.853516,8834.055664,8822.580078,8789.105469,8772.958984,8749.936523,8732.064453,8729.161133,8723.982422,8720.720703,8716.145508,8708.140625,8697.387695,8684.944336,8671.437500,8668.540039,8661.639648,8643.228516,8639.278320,8631.766602,8626.728516,8625.290039,8621.885742,8621.885742]
}