{
"iteraciones": [20,40,60,80,100,120,140,160,180,200,220,240,260,280,300,320,340,360,380,400,420,460,480,500,520,560,580,600,620,640,660,720,740,760,780,800,820,840,860,880,900,940,960,980,1000,1020,1040,1060,1080,1100,1120,1140,1160,1180,1200,1220,1240,1260,1280,1300,1320,1340,1380,1400,1420,1440,1460,1480,1500,1520,1560,1580,1600,1620,1640,1660,1680,1700,1720,1740,1800,1860,1880,1900,1920,1940,1960,1980,2000,2020,2040,2060,2080,2100,2120,2140,2160,2180,2200,2220,2240,2260,2280,2300,2320,2340,2360,2380,2400,2440,2460,2500,2540,2600,2620,2640,2660,2720,2740,2780,2800,2820,2840,2860,2880,2900,3060,3080,3100,3120,3140,3160,3180,3200,3220,3240,3260,3320,3360,3520,3540,3600,3660,3720,3740,3760,3820,3840,3860,3880,3900,3920,3940,3960,4000,4060,4080,4100,4120,4140,4200,4220,4240,4260,4280,4300,4340,4360,4400,4420,4440,4460,4480,4500,4520,4540,4560,4580,4600,4620,4640,4660,4680,4700,4720,4740,4760,4780,4800,4820,4840,4860,4880,4920,5040,5060,5080,5100,5120,5240,5280,5300,5320,5340,5360,5400,5420,5440,5480,5520,5540,5560,5580,5600,5620,5640,5660,5680,5720,5740,5760,5800,5840,5880,5920,5960,5980,6000,6040,6060,6100,6120,6140,6160,6180,6200,6220,6260,6300,6320,6340,6360,6380,6460,6480,6500,6520,6560,6600,6700,6720,6740,6760,6880,7000,7020,7040,7060,7080,7220,7300,7320,7340,7360,7380,7420,7720,8100,8160,8180,8660,9080,9340,9360,9400,9440,9640,12840],
"fitness": [15346.956055,15000.114258,14829.059570,14715.068359,14637.350586,14563.833008,14507.336914,14445.898438,14404.038086,14385.398438,14337.416992,14295.709961,14263.166016,14228.764648,14117.819336,14074.472656,14014.783203,13927.808594,13870.065430,13853.701172,13808.872070,13751.042969,13728.916016,13712.842773,13652.927734,13616.337891,13581.767578,13549.016602,13475.855469,13455.613281,13353.194336,13326.682617,13277.311523,13168.077148,13094.791992,13091.428711,13043.086914,13021.980469,12977.545898,12965.322266,12930.245117,12908.824219,12876.906250,12846.282227,12782.219727,12780.716797,12734.486328,12719.392578,12667.612305,12657.115234,12633.829102,12588.513672,12550.825195,12509.766602,12476.994141,12448.635742,12444.000000,12439.447266,12430.799805,12398.576172,12383.086914,12310.972656,12301.539062,12259.922852,12217.094727,12210.449219,12176.175781,12148.760742,12135.730469,12103.930664,12095.904297,12072.656250,12068.937500,12037.089844,12028.522461,12000.352539,11986.221680,11964.611328,11933.534180,11915.847656,11878.794922,11867.080078,11846.710938,11836.993164,11826.549805,11813.551758,11801.692383,11798.078125,11781.124023,11773.682617,11747.252930,11745.304688,11713.831055,11712.356445,11694.926758,11689.439453,11682.727539,11662.494141,11657.322266,11630.045898,11620.550781,11598.179688,11593.564453,11577.443359,11576.313477,11560.547852,11554.771484,11549.777344,11537.707031,11499.485352,11479.996094,11468.358398,11458.690430,11456.078125,11450.799805,11438.693359,11435.236328,11417.199219,11409.875000,11405.302734,11397.249023,11389.527344,11380.665039,11364.301758,11361.791016,11354.617188,11346.886719,11338.399414,11335.593750,11331.015625,11323.656250,11316.310547,11306.477539,11304.503906,11295.582031,11290.930664,11275.854492,11269.819336,11257.958984,11246.739258,11230.178711,11208.693359,11180.015625,11176.263672,11174.706055,11172.000000,11169.126953,11160.024414,11159.311523,11136.373047,11131.033203,11120.166992,11112.794922,11110.866211,11106.447266,11088.736328,11086.404297,11067.455078,11055.039062,11037.023438,11025.286133,11020.931641,11019.819336,10995.627930,10992.381836,10967.539062,10947.052734,10937.128906,10930.645508,10913.039062,10903.174805,10891.342773,10875.491211,10874.875000,10869.000000,10848.931641,10845.383789,10809.965820,10803.173828,10801.675781,10785.755859,10755.387695,10729.463867,10714.542969,10701.961914,10676.117188,10664.760742,10646.832031,10623.635742,10619.671875,10602.157227,10590.686523,10565.247070,10540.742188,10511.434570,10491.995117,10485.026367,10469.035156,10445.552734,10420.612305,10384.133789,10364.057617,10361.345703,10344.932617,10322.379883,10320.705078,10308.462891,10291.075195,10279.528320,10278.212891,10267.674805,10264.041992,10255.886719,10251.021484,10241.143555,10240.299805,10221.399414,10181.971680,10168.573242,10140.785156,10121.700195,10117.156250,10115.241211,10090.826172,10072.221680,10048.771484,10046.571289,10012.517578,10002.541016,9944.408203,9938.089844,9922.016602,9909.138672,9893.717773,9880.578125,9879.000000,9839.028320,9817.155273,9813.720703,9793.002930,9788.395508,9773.470703,9746.235352,9742.237305,9734.560547,9733.484375,9720.149414,9705.226562,9687.155273,9683.982422,9653.375000,9640.208008,9630.434570,9625.403320,9615.712891,9587.378906,9556.499023,9548.312500,9536.951172,9494.754883,9491.574219,9470.901367,9445.138672,9433.447266,9426.831055,9425.507812,9418.168945,9380.591797,9376.617188,9374.634766,9366.515625,9356.171875,9352.249023,9337.129883,9331.426758,9330.977539,9317.697266,9317.697266]
}