{
"iteraciones": [20,40,60,80,100,120,140,160,180,200,220,240,260,280,300,320,340,360,380,400,420,440,460,480,500,520,540,560,580,600,640,660,680,720,740,760,780,800,820,840,860,880,900,920,940,960,980,1000,1020,1040,1060,1080,1100,1120,1140,1160,1180,1200,1220,1240,1260,1280,1300,1340,1360,1380,1400,1420,1440,1500,1520,1540,1560,1580,1600,1620,1640,1680,1700,1720,1740,1760,1780,1800,1820,1840,1860,1880,1900,1920,1940,1960,1980,2000,2020,2040,2060,2080,2120,2140,2160,2180,2200,2220,2240,2260,2300,2320,2340,2360,2380,2400,2420,2460,2480,2540,2600,2620,2640,2680,2700,2720,2740,2760,2780,2800,2820,2840,2860,2880,2900,2920,2940,2960,3020,3040,3060,3080,3100,3120,3140,3160,3180,3200,3220,3240,3260,3280,3300,3340,3360,3380,3400,3460,3480,3500,3540,3580,3600,3620,3640,3660,3680,3700,3740,3760,3780,3800,3820,3840,3860,3880,3900,3920,3960,3980,4000,4020,4040,4060,4080,4160,4180,4220,4240,4260,4280,4320,4340,4380,4420,4540,4560,4600,4620,4640,4660,4780,4800,4820,4840,5140,5160,5180,5200,5320,5340,5360,5480,5520,5680,5760,5780,5800,5820,5860,6080,6360,6620,6720,6740,6760,6780,7020,7060,7080,7100,7120,7540,7680,7820,7940,8220,9580,9600,12800],
"fitness": [15208.042969,14988.820312,14894.119141,14633.904297,14501.915039,14343.136719,14274.954102,14171.494141,14136.929688,13983.943359,13979.962891,13925.267578,13885.798828,13840.050781,13831.434570,13795.209961,13769.226562,13751.254883,13726.218750,13681.312500,13680.966797,13641.502930,13584.836914,13549.130859,13529.424805,13476.266602,13444.141602,13432.056641,13415.112305,13346.258789,13329.674805,13247.746094,13209.375000,13205.538086,13158.103516,13115.797852,13099.003906,13073.158203,13050.285156,13008.494141,12979.121094,12943.769531,12896.567383,12872.278320,12818.096680,12797.777344,12768.224609,12742.342773,12715.146484,12683.017578,12656.971680,12635.849609,12603.396484,12588.833984,12554.225586,12512.758789,12506.848633,12443.573242,12414.042969,12393.108398,12366.446289,12328.708008,12270.627930,12224.270508,12200.461914,12161.247070,12153.371094,12141.707031,12095.180664,12081.837891,12061.230469,11995.443359,11962.947266,11915.654297,11900.751953,11853.921875,11801.016602,11799.713867,11763.402344,11719.596680,11685.712891,11675.729492,11639.729492,11623.022461,11575.777344,11568.462891,11561.058594,11545.892578,11536.187500,11515.000000,11471.986328,11456.691406,11452.855469,11426.483398,11418.883789,11383.038086,11381.055664,11351.536133,11315.289062,11314.054688,11298.243164,11275.443359,11269.000000,11229.352539,11217.133789,11195.184570,11184.613281,11174.000000,11132.726562,11098.138672,11069.878906,11053.078125,11031.583008,11019.669922,10986.159180,10923.510742,10915.619141,10895.769531,10861.502930,10843.706055,10833.692383,10794.693359,10761.757812,10737.071289,10710.039062,10672.700195,10629.897461,10608.076172,10591.967773,10581.866211,10559.919922,10542.051758,10516.225586,10487.176758,10447.160156,10434.854492,10421.811523,10408.557617,10406.679688,10396.171875,10395.757812,10362.788086,10324.157227,10322.519531,10289.031250,10270.073242,10241.162109,10206.490234,10196.416016,10195.694336,10174.706055,10137.504883,10125.051758,10103.013672,10093.074219,10046.188477,10045.439453,10028.575195,9998.545898,9979.456055,9970.790039,9954.806641,9941.575195,9915.894531,9905.151367,9881.442383,9841.517578,9791.382812,9780.702148,9766.666016,9762.782227,9727.686523,9691.405273,9652.313477,9642.643555,9619.095703,9587.276367,9575.245117,9544.639648,9541.144531,9492.538086,9488.899414,9440.078125,9394.354492,9382.209961,9380.836914,9334.797852,9332.599609,9291.255859,9283.278320,9250.157227,9212.010742,9173.208008,9162.043945,9151.667969,9129.823242,9106.536133,9102.634766,9056.515625,9048.458008,9000.288086,8982.188477,8955.520508,8929.125000,8922.297852,8903.347656,8900.935547,8873.593750,8850.255859,8838.830078,8796.963867,8791.863281,8776.616211,8761.045898,8740.815430,8721.356445,8720.313477,8717.378906,8714.757812,8712.141602,8710.761719,8709.474609,8706.458008,8696.534180,8688.444336,8667.013672,8656.934570,8651.368164,8645.820312,8643.410156,8642.699219,8641.965820,8632.903320,8625.116211,8623.272461,8623.272461]
}