{
"iteraciones": [40,60,80,100,120,140,160,180,200,220,240,260,280,300,340,360,380,400,440,460,480,500,520,540,560,580,600,620,640,660,680,700,720,740,760,780,800,820,840,860,880,900,920,960,980,1000,1020,1040,1060,1080,1100,1120,1140,1180,1200,1220,1240,1260,1280,1300,1320,1340,1360,1380,1400,1440,1460,1480,1500,1520,1540,1560,1580,1600,1620,1640,1660,1680,1700,1720,1740,1760,1780,1800,1820,1840,1860,1880,1900,1920,1940,1960,1980,2000,2020,2040,2060,2100,2140,2160,2180,2200,2220,2240,2260,2280,2300,2320,2340,2360,2380,2400,2420,2440,2480,2500,2520,2540,2580,2600,2620,2640,2660,2680,2700,2720,2760,2800,2940,3000,3080,3100,3140,3160,3180,3200,3220,3240,3260,3280,3320,3340,3380,3420,3440,3460,3480,3500,3520,3560,3580,3600,3640,3660,3680,3700,3740,3760,3780,3820,3840,3860,3880,3900,3920,4040,4180,4200,4220,4240,4360,4460,4480,4500,4520,4540,4580,4600,4620,4880,4940,5220,5260,5300,5700,6280,7460,10660],
"fitness": [15045.557617,14987.908203,14799.916016,14736.227539,14633.912109,14481.495117,14420.299805,14325.207031,14235.545898,14159.083008,14075.676758,14037.780273,14032.943359,13916.762695,13872.848633,13841.603516,13777.569336,13724.052734,13684.228516,13643.317383,13598.044922,13534.297852,13508.868164,13461.299805,13387.434570,13383.968750,13332.244141,13270.132812,13209.441406,13181.890625,13179.208008,13108.222656,13040.604492,13017.969727,12966.897461,12945.962891,12902.751953,12869.457031,12796.783203,12751.162109,12714.111328,12682.693359,12598.375977,12522.358398,12496.669922,12468.857422,12439.481445,12406.650391,12366.653320,12324.807617,12315.335938,12268.412109,12195.914062,12150.314453,12113.383789,12105.917969,12041.703125,12028.117188,11999.205078,11949.646484,11924.111328,11872.841797,11829.944336,11824.723633,11756.268555,11680.175781,11608.814453,11604.972656,11567.162109,11535.586914,11487.410156,11426.879883,11424.685547,11362.905273,11346.312500,11316.002930,11282.354492,11243.065430,11230.814453,11193.334961,11181.573242,11144.474609,11082.901367,11063.509766,11026.995117,10975.180664,10944.253906,10911.895508,10883.560547,10853.499023,10785.412109,10706.778320,10664.518555,10628.402344,10607.800781,10565.391602,10527.535156,10491.969727,10473.455078,10450.334961,10389.854492,10384.317383,10367.032227,10324.098633,10275.467773,10238.217773,10223.348633,10183.000000,10160.733398,10106.131836,10061.104492,10029.624023,9973.883789,9960.499023,9949.331055,9878.252930,9836.410156,9819.820312,9784.133789,9753.987305,9734.578125,9716.054688,9682.713867,9680.836914,9672.000000,9667.874023,9654.674805,9562.274414,9549.896484,9513.013672,9497.445312,9464.062500,9434.572266,9427.854492,9414.779297,9393.496094,9391.605469,9366.696289,9357.547852,9335.111328,9319.426758,9313.241211,9250.267578,9244.186523,9223.334961,9198.408203,9197.448242,9181.039062,9158.933594,9153.760742,9126.253906,9096.531250,9073.018555,9044.486328,9034.810547,9015.290039,9014.229492,8991.933594,8986.080078,8985.825195,8980.179688,8971.000000,8956.416992,8949.266602,8943.507812,8919.532227,8897.501953,8874.316406,8845.082031,8836.293945,8801.363281,8789.412109,8780.583984,8762.933594,8749.550781,8719.936523,8717.554688,8715.168945,8713.866211,8693.326172,8690.958008,8689.444336,8682.120117,8634.636719,8629.306641,8624.148438,8621.885742,8621.885742]
}