{
"iteraciones": [20,40,60,80,100,120,140,160,180,200,220,240,260,280,300,340,360,380,420,440,460,480,500,520,540,560,580,600,620,660,680,700,720,740,760,780,820,840,860,880,900,920,940,960,980,1000,1020,1040,1060,1080,1120,1140,1160,1180,1200,1220,1240,1260,1280,1300,1320,1340,1360,1380,1400,1420,1440,1500,1520,1540,1560,1580,1600,1620,1640,1660,1680,1700,1720,1740,1760,1800,1820,1840,1860,1880,1900,1920,1960,1980,2000,2020,2040,2080,2100,2120,2140,2160,2200,2220,2240,2260,2280,2300,2340,2360,2380,2400,2420,2460,2480,2500,2520,2540,2560,2580,2620,2640,2660,2680,2700,2720,2740,2760,2780,2800,2840,2900,2920,2940,2960,2980,3040,3060,3080,3100,3120,3140,3160,3220,3240,3260,3280,3320,3360,3400,3420,3440,3460,3500,3520,3560,3580,3600,3640,3660,3680,3700,3720,3760,3780,3800,3820,3840,3860,3880,3920,3940,3960,4000,4020,4060,4080,4100,4120,4160,4180,4200,4220,4300,4380,4400,4420,4440,4540,4560,4680,4720,4920,4940,4980,5140,5180,5220,5300,5320,5360,5380,5400,5500,5980,6120,6220,6240,7160,8540,9060,9080,9100,12300],
"fitness": [15406.527344,15237.479492,15012.336914,14840.589844,14679.095703,14593.541992,14518.767578,14431.323242,14339.342773,14323.869141,14235.607422,14210.221680,14161.368164,14115.167969,14033.978516,13974.437500,13945.774414,13838.648438,13837.910156,13721.539062,13709.008789,13666.676758,13636.122070,13599.429688,13576.260742,13531.220703,13496.808594,13472.362305,13352.557617,13330.225586,13204.775391,13171.669922,13118.863281,12984.468750,12982.880859,12936.138672,12902.116211,12893.599609,12830.752930,12800.274414,12763.331055,12719.042969,12706.964844,12663.956055,12625.532227,12597.298828,12560.403320,12543.890625,12479.333008,12434.413086,12398.755859,12377.728516,12337.345703,12322.571289,12287.903320,12260.920898,12239.625000,12217.928711,12192.844727,12143.007812,12119.064453,12106.174805,12087.897461,12047.502930,12045.892578,12016.024414,11870.947266,11857.796875,11823.924805,11781.469727,11750.864258,11725.488281,11682.714844,11651.861328,11644.471680,11619.133789,11602.812500,11572.646484,11549.805664,11544.628906,11519.250000,11490.595703,11465.552734,11455.440430,11433.149414,11393.399414,11355.528320,11320.523438,11297.064453,11264.965820,11234.145508,11203.138672,11157.791016,11113.180664,11072.613281,11068.058594,10997.007812,10974.787109,10942.025391,10910.012695,10865.284180,10862.565430,10843.745117,10781.526367,10773.971680,10724.015625,10705.806641,10677.211914,10656.651367,10651.790039,10629.980469,10602.195312,10600.811523,10579.755859,10574.274414,10521.668945,10500.263672,10483.683594,10453.012695,10430.383789,10399.816406,10360.332031,10350.400391,10339.260742,10303.311523,10291.973633,10245.132812,10220.188477,10204.465820,10187.585938,10164.453125,10097.957031,10093.444336,10043.478516,10023.000000,9980.090820,9962.237305,9934.239258,9902.037109,9865.393555,9858.708008,9819.432617,9810.308594,9787.584961,9768.332031,9749.226562,9676.669922,9663.592773,9612.183594,9604.698242,9576.935547,9559.094727,9549.987305,9503.698242,9486.662109,9470.438477,9439.546875,9390.854492,9335.397461,9313.166992,9284.633789,9275.870117,9255.254883,9217.279297,9214.493164,9192.378906,9136.652344,9110.688477,9076.226562,9075.368164,9033.697266,9023.247070,9015.302734,8962.902344,8953.359375,8949.513672,8934.663086,8923.046875,8900.095703,8890.156250,8882.673828,8873.973633,8872.680664,8869.149414,8839.693359,8825.709961,8807.579102,8801.368164,8784.540039,8761.771484,8738.393555,8725.479492,8709.536133,8708.629883,8701.065430,8696.859375,8688.717773,8686.655273,8678.095703,8671.770508,8664.497070,8645.849609,8644.895508,8641.870117,8637.761719,8632.234375,8631.165039,8628.142578,8621.885742,8621.885742]
}