{
"iteraciones": [20,40,60,80,100,120,140,160,180,200,220,240,260,280,300,320,340,360,380,400,440,460,480,500,520,540,560,580,600,620,640,660,680,700,720,740,760,780,800,820,840,860,880,900,920,940,960,980,1000,1020,1040,1060,1080,1120,1140,1160,1180,1200,1220,1240,1280,1300,1320,1340,1380,1400,1440,1460,1480,1500,1520,1540,1560,1600,1620,1640,1660,1680,1700,1720,1760,1780,1800,1820,1840,1860,1880,1900,1920,1940,1960,1980,2000,2020,2040,2060,2080,2100,2120,2160,2180,2220,2240,2260,2280,2300,2320,2340,2360,2380,2400,2420,2460,2480,2520,2540,2560,2580,2600,2640,2660,2680,2700,2720,2760,2800,2820,2840,2880,2900,2920,2940,2960,3000,3020,3040,3060,3080,3140,3160,3180,3200,3260,3300,3360,3420,3440,3460,3480,3500,3520,3540,3640,3660,3700,3740,3780,3800,3820,3840,3860,3920,3940,4000,4080,4100,4120,4180,4200,4260,4280,4320,4380,4520,4540,4560,4660,4760,4780,5540,5560,5600,6240,6260,6280,6300,6680,6900,6920,6940,8560,11760],
"fitness": [15297.370117,14933.345703,14633.074219,14570.195312,14493.844727,14333.081055,14045.699219,14009.777344,13944.579102,13871.589844,13817.281250,13744.901367,13724.637695,13701.983398,13661.224609,13634.997070,13556.575195,13538.576172,13419.827148,13349.279297,13347.708008,13268.419922,13261.327148,13215.543945,13185.545898,13145.651367,13108.290039,13097.521484,13053.078125,13020.310547,12962.546875,12948.089844,12889.898438,12866.640625,12828.024414,12761.836914,12752.246094,12720.694336,12693.821289,12671.000000,12626.817383,12587.979492,12562.152344,12492.605469,12484.093750,12470.357422,12395.177734,12357.930664,12324.175781,12265.733398,12222.456055,12189.816406,12131.955078,12107.201172,12104.583008,12044.210938,12029.954102,11994.212891,11959.162109,11895.607422,11860.270508,11829.163086,11781.056641,11769.411133,11746.882812,11704.941406,11680.687500,11643.905273,11618.672852,11584.571289,11544.559570,11516.083984,11467.520508,11459.514648,11414.367188,11350.783203,11326.074219,11279.539062,11245.167969,11206.888672,11177.689453,11136.632812,11103.184570,11071.535156,11038.459961,11025.995117,10985.900391,10982.443359,10949.123047,10904.618164,10885.717773,10877.425781,10860.096680,10820.098633,10799.806641,10791.291992,10776.039062,10767.850586,10704.536133,10703.192383,10658.159180,10632.753906,10631.303711,10570.067383,10558.549805,10511.965820,10464.101562,10453.178711,10433.746094,10413.344727,10400.509766,10349.678711,10294.553711,10277.921875,10274.893555,10228.995117,10226.654297,10221.209961,10181.679688,10153.640625,10149.053711,10145.734375,10109.101562,10083.749023,10041.808594,10035.802734,9991.824219,9943.376953,9903.852539,9876.644531,9853.452148,9835.795898,9761.460938,9701.553711,9675.328125,9653.510742,9651.238281,9593.639648,9579.905273,9559.892578,9551.907227,9535.000000,9519.854492,9494.156250,9444.192383,9437.045898,9431.376953,9407.798828,9370.709961,9334.280273,9317.881836,9313.602539,9312.885742,9255.336914,9248.668945,9217.790039,9210.298828,9190.158203,9163.933594,9150.570312,9095.841797,9082.482422,9056.791016,9007.761719,9005.070312,8963.926758,8945.898438,8926.133789,8920.000000,8905.373047,8875.608398,8860.141602,8823.271484,8820.585938,8780.510742,8774.183594,8746.848633,8741.000000,8726.296875,8694.866211,8687.999023,8646.993164,8644.540039,8643.958008,8641.000000,8638.575195,8637.658203,8636.008789,8630.554688,8624.148438,8621.885742,8621.885742]
}