{
"iteraciones": [20,40,60,80,100,120,140,160,180,200,220,240,260,280,300,320,340,360,380,420,440,460,480,500,520,540,560,580,600,620,640,660,680,720,740,760,780,800,820,840,900,920,940,960,980,1000,1020,1040,1060,1080,1100,1120,1140,1180,1200,1240,1260,1280,1300,1320,1340,1360,1380,1400,1420,1440,1480,1500,1540,1560,1580,1600,1620,1640,1660,1680,1700,1720,1740,1760,1780,1820,1840,1860,1880,1900,1920,1940,1960,1980,2000,2020,2040,2060,2080,2100,2120,2140,2160,2180,2200,2220,2240,2260,2280,2300,2320,2340,2360,2380,2400,2420,2440,2460,2480,2500,2520,2540,2560,2580,2600,2640,2660,2680,2700,2720,2740,2780,2840,2860,2880,2900,2920,2940,2960,2980,3000,3020,3040,3060,3080,3100,3120,3140,3160,3200,3220,3240,3260,3300,3320,3340,3400,3420,3440,3460,3480,3500,3520,3540,3560,3600,3620,3640,3660,3680,3740,3780,3800,3820,3840,3860,3880,3980,4000,4020,4160,4180,4200,4240,4260,4300,4320,4460,4480,4500,4540,4560,4640,4700,4720,4740,4760,4920,5200,5220,5240,5320,5460,5480,5700,5740,5760,5800,5880,6080,6180,6560,6840,7320,7340,7360,7380,7780,7800,7820,7840,7860,9700,11180,11200,14400],
"fitness": [15241.978516,15103.814453,15007.630859,14713.562500,14680.761719,14363.577148,14269.513672,14100.497070,14000.411133,13937.415039,13836.751953,13800.980469,13761.809570,13725.750000,13680.486328,13617.196289,13587.543945,13551.157227,13505.791016,13470.386719,13429.611328,13385.184570,13341.474609,13333.467773,13298.754883,13248.350586,13209.751953,13191.806641,13147.412109,13117.846680,13087.967773,13033.031250,12975.925781,12930.323242,12874.118164,12846.597656,12836.155273,12808.989258,12805.336914,12726.430664,12704.805664,12636.457031,12601.872070,12564.138672,12541.312500,12482.228516,12436.779297,12434.892578,12382.263672,12337.910156,12315.810547,12296.585938,12264.440430,12252.809570,12189.340820,12171.587891,12162.492188,12150.248047,12127.145508,12079.777344,12035.344727,12024.277344,11998.795898,11943.798828,11935.492188,11885.010742,11863.444336,11795.488281,11781.415039,11747.155273,11723.091797,11708.672852,11690.000000,11661.531250,11642.929688,11610.519531,11583.435547,11549.175781,11514.792969,11485.434570,11447.526367,11437.460938,11410.921875,11395.964844,11380.826172,11343.071289,11336.303711,11312.193359,11300.000000,11267.287109,11266.016602,11245.493164,11236.575195,11206.007812,11193.718750,11172.269531,11164.773438,11138.753906,11107.991211,11086.564453,11079.108398,11056.596680,11051.085938,11032.804688,10991.488281,10984.316406,10956.008789,10950.310547,10928.245117,10907.385742,10887.695312,10880.405273,10867.945312,10855.063477,10826.585938,10816.475586,10798.002930,10778.813477,10772.334961,10763.424805,10737.502930,10726.610352,10696.190430,10683.771484,10657.239258,10655.855469,10615.046875,10597.238281,10586.000000,10571.044922,10555.916016,10543.742188,10537.223633,10517.688477,10513.175781,10493.690430,10472.191406,10420.937500,10405.572266,10354.534180,10325.221680,10312.182617,10266.928711,10265.229492,10230.723633,10219.107422,10209.360352,10200.319336,10180.095703,10115.806641,10112.225586,10085.386719,10031.260742,10002.294922,9989.074219,9926.711914,9923.628906,9883.226562,9868.587891,9828.868164,9793.203125,9763.466797,9733.706055,9726.485352,9700.420898,9671.773438,9657.575195,9619.662109,9584.935547,9580.913086,9556.979492,9534.536133,9496.122070,9477.625000,9462.000000,9410.467773,9378.521484,9350.154297,9311.719727,9279.617188,9259.434570,9254.000000,9203.375000,9202.646484,9181.000000,9145.664062,9112.062500,9084.817383,9057.458984,9055.664062,9011.850586,9007.402344,9002.116211,8942.793945,8925.367188,8891.012695,8868.933594,8830.830078,8822.558594,8794.812500,8776.169922,8765.774414,8764.352539,8762.583008,8729.517578,8721.500000,8719.031250,8716.972656,8709.073242,8692.491211,8691.622070,8667.234375,8663.123047,8660.963867,8657.460938,8656.062500,8654.721680,8653.440430,8637.155273,8631.879883,8621.885742,8621.885742]
}