{
"iteraciones": [20,40,60,80,100,120,140,160,180,200,220,240,260,280,300,320,340,360,380,400,420,440,460,480,500,520,540,560,580,600,620,640,660,680,700,720,740,760,780,820,840,860,880,900,920,940,960,1000,1020,1040,1060,1080,1100,1120,1140,1160,1180,1200,1220,1240,1260,1280,1300,1320,1340,1360,1380,1400,1420,1440,1460,1480,1500,1520,1540,1560,1600,1620,1640,1660,1680,1720,1740,1780,1800,1840,1900,1920,1940,1960,1980,2000,2020,2040,2060,2080,2100,2120,2140,2160,2180,2200,2220,2240,2260,2280,2300,2320,2340,2360,2380,2400,2420,2440,2460,2480,2500,2520,2540,2560,2580,2620,2640,2660,2680,2700,2720,2740,2780,2800,2820,2840,2880,2920,2940,3000,3020,3040,3060,3080,3100,3120,3140,3260,3280,3340,3360,3380,3400,3420,3440,3460,3500,3520,3540,3580,3600,3620,3640,3660,3680,3720,3740,3760,3780,3820,3840,3860,3880,3900,3920,3940,3960,3980,4000,4020,4040,4080,4100,4120,4140,4160,4180,4200,4220,4240,4280,4300,4320,4340,4360,4380,4400,4440,4460,4480,4500,4520,4540,4580,4600,4640,4660,4680,4700,4720,4740,4780,4800,4820,4840,4860,4900,4920,4940,4960,4980,5000,5040,5060,5080,5100,5120,5160,5180,5200,5220,5240,5280,5340,5360,5380,5420,5440,5460,5480,5500,5520,5600,5680,5720,5740,5800,5820,5840,5860,5880,5900,5920,5940,5980,6020,6040,6060,6120,6160,6180,6220,6540,6560,6580,6600,6680,6740,6760,6780,6800,6860,6880,6920,6940,7020,7040,7060,7080,7100,7120,7160,7260,7280,7300,7360,7380,7440,7700,7820,7840,7900,7980,8280,8300,9300,9400,10200,10540,13740],
"fitness": [15263.581055,15116.715820,14991.319336,14717.203125,14681.171875,14633.657227,14524.343750,14415.086914,14273.978516,14252.771484,14188.800781,14077.452148,14039.023438,13947.179688,13917.987305,13857.034180,13787.352539,13762.114258,13715.381836,13647.365234,13564.939453,13533.834961,13502.583984,13483.000000,13443.656250,13406.635742,13366.513672,13320.487305,13305.822266,13226.958984,13207.630859,13169.619141,13155.968750,13114.569336,13082.824219,13051.248047,13030.485352,12997.771484,12953.994141,12947.488281,12912.014648,12888.586914,12880.618164,12844.079102,12822.725586,12795.111328,12752.058594,12717.340820,12681.529297,12675.018555,12639.043945,12603.067383,12572.520508,12567.767578,12540.899414,12496.609375,12493.705078,12469.070312,12437.934570,12399.106445,12398.461914,12371.264648,12350.118164,12326.915039,12311.816406,12292.511719,12274.132812,12241.705078,12234.369141,12216.354492,12177.103516,12152.224609,12131.853516,12110.283203,12100.698242,12072.929688,12059.419922,12041.546875,12031.948242,12011.194336,11981.576172,11949.375977,11917.098633,11902.247070,11864.746094,11829.544922,11826.286133,11818.455078,11800.007812,11799.503906,11798.328125,11790.000000,11765.788086,11758.614258,11757.141602,11740.000000,11733.730469,11708.646484,11706.081055,11690.393555,11677.049805,11670.573242,11657.024414,11640.505859,11635.990234,11624.948242,11605.051758,11604.136719,11589.834961,11582.443359,11575.304688,11553.661133,11551.989258,11538.951172,11532.801758,11513.254883,11507.787109,11502.500977,11500.211914,11488.395508,11474.795898,11463.022461,11454.483398,11440.392578,11421.653320,11418.185547,11400.175781,11388.758789,11373.331055,11372.642578,11368.162109,11360.949219,11345.034180,11340.208008,11332.243164,11329.647461,11321.692383,11318.346680,11312.047852,11308.497070,11301.476562,11297.145508,11278.772461,11277.094727,11259.980469,11253.769531,11246.496094,11245.553711,11227.376953,11215.585938,11201.613281,11167.060547,11164.708008,11161.418945,11155.245117,11151.850586,11141.127930,11135.598633,11121.059570,11113.511719,11090.525391,11085.158203,11049.181641,11047.299805,11004.692383,10989.682617,10970.132812,10963.062500,10945.617188,10936.909180,10917.238281,10883.983398,10880.386719,10869.015625,10849.377930,10842.606445,10819.742188,10812.099609,10799.313477,10777.914062,10769.515625,10737.174805,10730.953125,10712.109375,10692.735352,10678.286133,10662.817383,10646.020508,10633.973633,10621.875977,10597.385742,10593.114258,10564.997070,10550.000000,10534.854492,10526.257812,10515.648438,10505.604492,10481.012695,10457.697266,10430.314453,10417.498047,10400.125977,10381.359375,10354.678711,10346.862305,10322.195312,10308.125000,10291.415039,10290.062500,10242.847656,10230.947266,10192.201172,10170.396484,10151.043945,10096.020508,10091.905273,10079.540039,10066.508789,10033.250977,10022.874023,10020.090820,9981.637695,9961.037109,9928.892578,9915.622070,9893.388672,9879.317383,9856.641602,9825.917969,9805.828125,9783.025391,9735.234375,9732.022461,9696.102539,9658.142578,9656.882812,9616.243164,9576.289062,9542.042969,9532.007812,9491.767578,9479.110352,9458.565430,9434.206055,9418.051758,9405.936523,9394.122070,9372.585938,9353.854492,9291.244141,9289.213867,9252.826172,9217.925781,9170.292969,9165.451172,9120.383789,9089.404297,9056.251953,9049.112305,9033.981445,9005.077148,8977.933594,8955.211914,8939.628906,8938.984375,8915.541992,8903.926758,8899.814453,8887.826172,8882.772461,8831.040039,8828.019531,8812.422852,8811.432617,8795.645508,8792.692383,8781.248047,8778.780273,8777.336914,8764.358398,8763.467773,8762.482422,8735.593750,8720.015625,8690.743164,8687.924805,8683.879883,8679.703125,8675.104492,8648.486328,8636.329102,8629.603516,8625.349609,8621.885742,8621.885742]
}