{
"iteraciones": [20,40,60,80,100,120,140,160,180,200,220,260,280,300,320,340,360,380,400,420,440,460,480,500,520,540,560,580,600,620,640,660,680,700,720,740,760,780,800,820,840,860,880,900,920,940,960,980,1000,1020,1040,1080,1100,1120,1140,1160,1180,1220,1240,1260,1280,1300,1320,1340,1360,1400,1420,1440,1460,1480,1500,1520,1540,1560,1580,1600,1620,1640,1660,1680,1700,1720,1740,1760,1780,1800,1820,1840,1860,1880,1900,1920,1940,1960,1980,2000,2020,2040,2060,2080,2100,2120,2140,2160,2180,2200,2240,2260,2280,2300,2320,2340,2360,2380,2400,2420,2440,2480,2520,2540,2560,2580,2600,2620,2640,2660,2680,2700,2740,2760,2780,2800,2820,2840,2860,2900,2920,2960,2980,3000,3020,3040,3060,3080,3120,3140,3160,3200,3220,3280,3320,3340,3360,3380,3400,3420,3440,3460,3520,3580,3600,3620,3740,3760,3780,3820,3840,3860,3880,3900,3920,3940,3960,3980,4000,4020,4080,4100,4120,4140,4160,4180,4200,4240,4260,4280,4300,4320,4360,4380,4440,4460,4520,4540,4560,4700,4780,4860,4960,4980,5020,5080,5140,5160,5260,5300,5340,5420,5540,5560,5800,5860,6920,7180,7300,8960,11700,11720,11740,14940],
"fitness": [15257.284180,15075.015625,14840.393555,14821.446289,14702.624023,14581.987305,14495.625977,14382.472656,14302.054688,14269.896484,14175.009766,14161.064453,14095.741211,14022.161133,13991.828125,13972.032227,13943.117188,13907.432617,13815.688477,13770.633789,13735.612305,13627.970703,13591.826172,13516.122070,13455.369141,13429.795898,13386.897461,13363.853516,13329.447266,13317.169922,13279.098633,13257.094727,13221.723633,13205.379883,13171.626953,13146.910156,13100.081055,13086.000000,13037.501953,12976.019531,12958.483398,12914.474609,12859.857422,12827.821289,12779.966797,12761.777344,12709.459961,12681.129883,12626.192383,12596.537109,12543.509766,12467.566406,12404.981445,12400.133789,12380.480469,12347.644531,12295.776367,12275.278320,12237.418945,12214.437500,12194.760742,12161.982422,12103.852539,12093.280273,12021.280273,12010.019531,11965.958984,11943.888672,11905.630859,11872.361328,11845.365234,11811.437500,11781.479492,11756.475586,11729.842773,11711.562500,11683.195312,11634.843750,11598.259766,11586.910156,11542.021484,11517.874023,11483.532227,11481.716797,11424.466797,11382.250000,11362.432617,11349.363281,11310.229492,11281.101562,11256.450195,11212.158203,11186.248047,11177.565430,11149.496094,11116.858398,11104.385742,11097.661133,11079.037109,11064.352539,11043.058594,11031.060547,11010.237305,11005.315430,10997.859375,10972.981445,10953.047852,10944.829102,10902.796875,10870.409180,10866.903320,10825.657227,10806.912109,10781.471680,10724.501953,10717.925781,10686.750000,10660.896484,10646.870117,10638.404297,10588.797852,10583.537109,10565.555664,10524.273438,10516.933594,10482.390625,10461.717773,10424.083984,10407.065430,10398.139648,10385.447266,10359.099609,10345.378906,10317.204102,10297.492188,10277.904297,10247.710938,10231.221680,10191.858398,10181.404297,10152.970703,10115.626953,10091.960938,10059.377930,10050.041016,10046.048828,9955.474609,9923.785156,9890.574219,9852.587891,9849.875977,9825.611328,9766.428711,9716.158203,9695.419922,9673.435547,9653.512695,9641.622070,9585.739258,9571.652344,9535.524414,9493.386719,9467.845703,9447.754883,9417.503906,9416.569336,9415.196289,9377.676758,9332.000000,9314.182617,9307.660156,9278.105469,9269.136719,9266.144531,9263.875000,9244.065430,9237.329102,9224.970703,9198.821289,9188.268555,9180.681641,9149.853516,9143.094727,9129.629883,9123.218750,9105.766602,9095.527344,9068.299805,9061.433594,9047.260742,9020.837891,8977.589844,8976.755859,8942.085938,8926.107422,8912.750977,8910.974609,8865.021484,8849.085938,8810.963867,8797.797852,8771.504883,8768.611328,8741.900391,8718.978516,8700.576172,8695.825195,8686.064453,8685.344727,8671.028320,8644.281250,8641.256836,8638.630859,8637.761719,8633.030273,8630.710938,8628.965820,8624.148438,8621.885742,8621.885742]
}