{
"iteraciones": [20,40,60,80,100,120,140,180,200,220,240,260,280,300,320,340,360,380,400,440,460,480,500,520,540,560,580,600,620,660,680,700,720,740,760,780,800,820,880,900,920,940,960,980,1000,1020,1040,1060,1080,1100,1120,1140,1180,1200,1220,1240,1260,1280,1320,1340,1360,1380,1400,1420,1440,1460,1520,1540,1560,1580,1600,1620,1640,1660,1680,1700,1720,1740,1760,1780,1800,1820,1860,1900,1920,1960,1980,2020,2040,2060,2100,2120,2140,2160,2180,2220,2260,2300,2320,2340,2360,2380,2400,2420,2440,2460,2480,2500,2520,2540,2560,2580,2600,2620,2640,2660,2680,2700,2720,2740,2760,2780,2800,2820,2840,2860,2880,2900,2920,2940,2980,3000,3020,3060,3080,3100,3120,3140,3160,3200,3220,3240,3280,3300,3360,3400,3420,3440,3460,3480,3540,3560,3580,3620,3660,3680,3720,3740,3760,3780,3800,3840,3940,3960,4020,4040,4100,4120,4140,4160,4180,4300,4340,4360,4420,4440,4520,4580,4600,4620,4660,4680,4720,4740,4760,4780,4800,4820,4840,4860,4960,4980,5120,5320,5420,5440,5520,5580,5760,5940,6120,6140,6160,6240,6300,6320,6340,6360,6400,6520,6580,6600,6620,6640,7180,10380],
"fitness": [15288.468750,15228.388672,14994.158203,14950.173828,14713.064453,14585.089844,14481.384766,14401.650391,14348.341797,14287.136719,14244.307617,14219.342773,14164.412109,14112.120117,14073.835938,14059.015625,14013.041016,14003.630859,13902.276367,13881.857422,13828.802734,13766.865234,13704.438477,13670.436523,13664.816406,13620.886719,13583.875000,13571.027344,13510.875000,13447.117188,13410.004883,13381.474609,13349.183594,13302.323242,13228.417969,13203.552734,13161.885742,13012.682617,12993.733398,12958.221680,12897.492188,12820.223633,12807.784180,12770.957031,12755.383789,12743.665039,12707.355469,12693.834961,12641.446289,12619.244141,12580.987305,12544.685547,12500.329102,12478.392578,12447.045898,12412.577148,12387.393555,12319.442383,12305.805664,12280.998047,12196.049805,12175.553711,12090.629883,12056.172852,12039.273438,11958.154297,11954.944336,11891.364258,11843.473633,11832.211914,11796.414062,11788.115234,11740.234375,11731.174805,11674.375000,11669.662109,11615.223633,11600.541992,11554.862305,11523.316406,11492.018555,11449.639648,11395.166016,11390.888672,11351.858398,11322.213867,11279.919922,11268.747070,11245.951172,11186.151367,11170.882812,11141.000000,11095.359375,11070.435547,11036.000000,11008.605469,10961.302734,10933.016602,10914.259766,10908.408203,10888.189453,10857.828125,10844.517578,10818.003906,10800.481445,10794.742188,10763.182617,10727.717773,10693.684570,10635.762695,10631.897461,10545.194336,10537.351562,10515.665039,10501.767578,10472.558594,10449.437500,10442.785156,10409.640625,10385.898438,10376.903320,10369.244141,10343.321289,10340.418945,10302.880859,10278.000000,10244.125977,10206.569336,10164.517578,10150.581055,10146.950195,10129.026367,10104.603516,10080.557617,10064.728516,10062.508789,10048.338867,10041.777344,10000.810547,9992.160156,9951.982422,9913.495117,9892.684570,9813.434570,9770.595703,9746.099609,9738.455078,9681.995117,9661.483398,9618.708008,9608.567383,9581.091797,9572.252930,9553.532227,9525.475586,9522.244141,9509.479492,9441.862305,9426.769531,9385.643555,9353.890625,9346.587891,9321.424805,9281.407227,9263.948242,9222.208008,9207.282227,9167.224609,9166.800781,9125.915039,9124.895508,9121.581055,9120.557617,9118.511719,9115.128906,9084.933594,9080.200195,9055.781250,9049.361328,9017.681641,8985.814453,8980.610352,8979.494141,8970.980469,8941.399414,8914.452148,8908.113281,8905.980469,8885.637695,8865.146484,8855.329102,8823.177734,8812.727539,8789.862305,8787.402344,8756.686523,8754.422852,8751.168945,8730.416992,8710.856445,8691.560547,8686.705078,8664.505859,8663.163086,8662.914062,8656.491211,8654.797852,8650.000000,8649.203125,8646.604492,8644.387695,8636.012695,8631.215820,8629.929688,8624.148438,8624.148438]
}