{
"iteraciones": [20,40,60,80,100,120,140,160,180,200,220,240,260,280,300,320,340,360,380,400,420,440,460,480,500,520,540,560,600,620,640,660,680,700,720,740,760,780,800,820,840,860,880,900,920,940,960,980,1000,1020,1040,1060,1080,1100,1120,1140,1160,1180,1200,1220,1240,1260,1280,1300,1320,1340,1360,1380,1400,1420,1440,1480,1500,1520,1540,1560,1580,1600,1620,1640,1660,1680,1700,1720,1740,1760,1780,1820,1840,1860,1880,1900,1920,1940,1960,1980,2000,2020,2040,2060,2080,2100,2160,2180,2200,2220,2240,2260,2280,2300,2320,2340,2360,2380,2400,2420,2440,2460,2480,2500,2520,2540,2560,2580,2600,2620,2640,2660,2680,2700,2720,2740,2760,2780,2820,2840,2860,2880,2900,2920,2940,2960,2980,3000,3020,3040,3060,3080,3100,3120,3140,3160,3220,3240,3260,3300,3320,3340,3360,3380,3400,3420,3440,3460,3480,3500,3520,3560,3600,3620,3640,3660,3720,3740,3780,3800,3820,3840,3860,3900,3920,3940,3960,3980,4000,4060,4080,4100,4160,4180,4200,4220,4260,4300,4320,4340,4380,4580,4680,4700,4840,4860,4880,5060,5080,5120,5140,5160,5260,5400,5420,5440,5460,5480,5740,5760,5780,5800,5880,6220,6240,7140,10340],
"fitness": [14999.779297,14772.221680,14682.659180,14508.539062,14286.813477,14257.279297,14190.000000,14081.259766,14056.963867,13998.935547,13933.110352,13890.645508,13870.426758,13821.790039,13772.288086,13742.154297,13699.870117,13688.375977,13656.221680,13625.345703,13567.456055,13541.464844,13503.070312,13465.360352,13443.705078,13386.770508,13337.706055,13262.966797,13215.073242,13192.586914,13118.280273,13087.345703,13062.719727,13036.759766,12983.713867,12957.780273,12939.033203,12904.841797,12882.683594,12846.780273,12831.407227,12782.974609,12773.082031,12698.390625,12687.956055,12645.342773,12616.681641,12600.198242,12587.019531,12563.092773,12555.629883,12516.401367,12491.112305,12447.850586,12415.113281,12372.605469,12345.166992,12315.825195,12281.226562,12254.523438,12242.004883,12198.448242,12177.079102,12128.358398,12127.133789,12060.044922,12017.333008,11995.555664,11971.209961,11945.302734,11891.067383,11855.875000,11814.445312,11801.468750,11762.578125,11729.969727,11699.807617,11681.035156,11640.425781,11596.597656,11571.872070,11543.616211,11513.685547,11464.281250,11435.528320,11402.214844,11388.156250,11355.243164,11334.880859,11301.432617,11281.900391,11261.699219,11242.835938,11208.831055,11184.055664,11180.337891,11163.479492,11131.048828,11125.794922,11090.950195,11083.179688,11024.552734,11011.195312,10959.615234,10957.408203,10940.655273,10926.137695,10915.557617,10903.432617,10891.833984,10878.357422,10875.398438,10860.786133,10859.437500,10847.780273,10824.464844,10818.000000,10783.927734,10759.870117,10744.811523,10716.013672,10686.552734,10657.966797,10618.483398,10583.191406,10570.584961,10538.051758,10532.887695,10511.919922,10459.151367,10422.618164,10411.562500,10380.233398,10346.335938,10319.855469,10310.115234,10282.734375,10277.622070,10262.323242,10240.330078,10211.291016,10196.263672,10161.200195,10129.530273,10105.679688,10097.729492,10063.432617,10038.478516,10033.539062,9992.157227,9982.800781,9962.737305,9908.223633,9901.736328,9847.069336,9843.375977,9825.821289,9810.097656,9764.592773,9736.975586,9691.174805,9681.280273,9676.542969,9662.447266,9661.318359,9608.884766,9604.063477,9558.614258,9530.500977,9521.119141,9456.738281,9436.114258,9420.152344,9398.666016,9396.840820,9369.879883,9358.645508,9329.940430,9311.469727,9304.639648,9284.161133,9255.918945,9223.574219,9196.106445,9180.179688,9140.986328,9133.686523,9117.760742,9095.679688,9091.757812,9064.800781,9033.913086,9022.503906,9009.464844,9006.889648,9004.230469,9001.083008,8988.361328,8959.838867,8948.145508,8924.695312,8911.129883,8883.389648,8879.240234,8851.106445,8846.526367,8841.457031,8816.709961,8769.352539,8759.943359,8743.651367,8741.248047,8730.159180,8727.624023,8712.000000,8710.696289,8708.890625,8704.982422,8674.534180,8661.472656,8630.181641,8621.885742,8621.885742]
}